[   11477ms] [INFO] %cDownload the React DevTools for a better development experience: https://react.dev/link/react-devtools font-weight:bold @ http://localhost:3001/_next/static/chunks/node_modules_next_dist_0nzbwyu._.js:1114
[   11956ms] [LOG] [HMR] connected @ http://localhost:3001/_next/static/chunks/node_modules_next_dist_0nzbwyu._.js:1114
[   12242ms] [LOG] %c[Vercel Web Analytics]%c Debug mode is enabled by default in development. No requests will be sent to the server. color: rgb(120, 120, 120) color: inherit @ http://localhost:3001/_next/static/chunks/node_modules_next_dist_0nzbwyu._.js:1114
[   12242ms] [LOG] %c[Vercel Web Analytics]%c [view] http://localhost:3001/ color: rgb(120, 120, 120) color: inherit {o: http://localhost:3001/, sv: 0.1.3, sdkn: @vercel/analytics/react, sdkv: 2.0.1, ts: 1777516498631} /_vercel/insights/view @ http://localhost:3001/_next/static/chunks/node_modules_next_dist_0nzbwyu._.js:1114
[   12251ms] [LOG] %c[Vercel Speed Insights]%c Debug mode is enabled by default in development. No requests will be sent to the server. color: rgb(120, 120, 120) color: inherit @ http://localhost:3001/_next/static/chunks/node_modules_next_dist_0nzbwyu._.js:1114
[   12263ms] [LOG] [Fast Refresh] rebuilding @ http://localhost:3001/_next/static/chunks/node_modules_next_dist_0nzbwyu._.js:1114
[   14558ms] [LOG] [Fast Refresh] done in 2398ms @ http://localhost:3001/_next/static/chunks/node_modules_next_dist_0nzbwyu._.js:1114
[  230491ms] [LOG] [Fast Refresh] rebuilding @ http://localhost:3001/_next/static/chunks/node_modules_next_dist_0nzbwyu._.js:1114
[  230933ms] [LOG] [Fast Refresh] done in 543ms @ http://localhost:3001/_next/static/chunks/node_modules_next_dist_0nzbwyu._.js:1114
[  234198ms] [LOG] [Fast Refresh] rebuilding @ http://localhost:3001/_next/static/chunks/node_modules_next_dist_0nzbwyu._.js:1114
[  234216ms] [LOG] [Fast Refresh] done in 119ms @ http://localhost:3001/_next/static/chunks/node_modules_next_dist_0nzbwyu._.js:1114
[  298732ms] [LOG] [Fast Refresh] rebuilding @ http://localhost:3001/_next/static/chunks/node_modules_next_dist_0nzbwyu._.js:1114
[  299414ms] [LOG] [Fast Refresh] done in 368ms @ http://localhost:3001/_next/static/chunks/node_modules_next_dist_0nzbwyu._.js:1114
[  299752ms] [LOG] [Fast Refresh] rebuilding @ http://localhost:3001/_next/static/chunks/node_modules_next_dist_0nzbwyu._.js:1114
[  300111ms] [ERROR] ./src/app/layout.tsx:162:24
Expected '</', got 'jsx text'
  160 |             </AuthProvider>
  161 |           </AntdProvider>
> 162 |         </AntdRegistry>
      |                        ^^^^^^^^^^^^^^^^^^^^^^^^^^^^^^^^^^^^^^^^^^^^^^^^^^^^^^^^^^^^^^^^^^^^^
> 163 |         <CookieConsentBanner />
      | ^^^^^^^^
  164 |       </body>
  165 |     </html>
  166 |   );

Parsing ecmascript source code failed @ http://localhost:3001/_next/static/chunks/node_modules_next_dist_0nzbwyu._.js:2081
[  300248ms] [LOG] [Fast Refresh] rebuilding @ http://localhost:3001/_next/static/chunks/node_modules_next_dist_0nzbwyu._.js:1114
[  300777ms] [ERROR] ./src/app/layout.tsx:162:24
Expected '</', got 'jsx text'
  160 |             </AuthProvider>
  161 |           </AntdProvider>
> 162 |         </AntdRegistry>
      |                        ^^^^^^^^^^^^^^^^^^^^^^^^^^^^^^^^^^^^^^^^^^^^^^^^^^^^^^^^^^^^^^^^^^^^^
> 163 |         <CookieConsentBanner />
      | ^^^^^^^^
  164 |       </body>
  165 |     </html>
  166 |   );

Parsing ecmascript source code failed @ http://localhost:3001/_next/static/chunks/node_modules_next_dist_0nzbwyu._.js:2081
[  301364ms] [LOG] [Fast Refresh] rebuilding @ http://localhost:3001/_next/static/chunks/node_modules_next_dist_0nzbwyu._.js:1114
[  303603ms] [LOG] [Fast Refresh] done in 2339ms @ http://localhost:3001/_next/static/chunks/node_modules_next_dist_0nzbwyu._.js:1114
[  303733ms] [LOG] [Fast Refresh] rebuilding @ http://localhost:3001/_next/static/chunks/node_modules_next_dist_0nzbwyu._.js:1114
[  306713ms] [LOG] [Fast Refresh] done in 3080ms @ http://localhost:3001/_next/static/chunks/node_modules_next_dist_0nzbwyu._.js:1114
[  306814ms] [LOG] [Fast Refresh] rebuilding @ http://localhost:3001/_next/static/chunks/node_modules_next_dist_0nzbwyu._.js:1114
[  307187ms] [LOG] [Fast Refresh] done in 475ms @ http://localhost:3001/_next/static/chunks/node_modules_next_dist_0nzbwyu._.js:1114
[  307290ms] [LOG] [Fast Refresh] rebuilding @ http://localhost:3001/_next/static/chunks/node_modules_next_dist_0nzbwyu._.js:1114
[  308614ms] [LOG] [Fast Refresh] done in 1425ms @ http://localhost:3001/_next/static/chunks/node_modules_next_dist_0nzbwyu._.js:1114
[  308619ms] [ERROR] Failed to load resource: the server responded with a status of 500 (Internal Server Error) @ http://localhost:3001/?_rsc=1e52p:0
[  308730ms] [LOG] [Fast Refresh] rebuilding @ http://localhost:3001/_next/static/chunks/node_modules_next_dist_0nzbwyu._.js:1114
[  309177ms] [LOG] [Fast Refresh] done in 549ms @ http://localhost:3001/_next/static/chunks/node_modules_next_dist_0nzbwyu._.js:1114
[  309189ms] [ERROR] Failed to load resource: the server responded with a status of 500 (Internal Server Error) @ http://localhost:3001/?_rsc=1e52p:0
[  309279ms] [LOG] [Fast Refresh] rebuilding @ http://localhost:3001/_next/static/chunks/node_modules_next_dist_0nzbwyu._.js:1114
[  309486ms] [LOG] [Fast Refresh] done in 309ms @ http://localhost:3001/_next/static/chunks/node_modules_next_dist_0nzbwyu._.js:1114
[  309588ms] [LOG] [Fast Refresh] rebuilding @ http://localhost:3001/_next/static/chunks/node_modules_next_dist_0nzbwyu._.js:1114
[  309814ms] [LOG] [Fast Refresh] done in 327ms @ http://localhost:3001/_next/static/chunks/node_modules_next_dist_0nzbwyu._.js:1114
[  309817ms] [LOG] %c[Vercel Speed Insights]%c [vitals] color: rgb(120, 120, 120) color: inherit {speed: 4g, metrics: Array(5), scriptVersion: 0.1.3, sdkName: @vercel/speed-insights/next, sdkVersion: 2.0.0} /_vercel/speed-insights/vitals @ http://localhost:3001/_next/static/chunks/node_modules_next_dist_0nzbwyu._.js:1114
[  309818ms] [LOG] %c[Vercel Speed Insights]%c [vitals] color: rgb(120, 120, 120) color: inherit {speed: 4g, metrics: Array(1), scriptVersion: 0.1.3, sdkName: @vercel/speed-insights/next, sdkVersion: 2.0.0} /_vercel/speed-insights/vitals @ http://localhost:3001/_next/static/chunks/node_modules_next_dist_0nzbwyu._.js:1114
[  309822ms] [ERROR] Failed to load resource: the server responded with a status of 500 (Internal Server Error) @ http://localhost:3001/:0
[  309998ms] [INFO] %cDownload the React DevTools for a better development experience: https://react.dev/link/react-devtools font-weight:bold @ http://localhost:3001/_next/static/chunks/node_modules_react-dom_0bruynb._.js:15309
[  310038ms] [ERROR] Refused to execute script from 'http://localhost:3001/_next/static/development/_clientMiddlewareManifest.js' because its MIME type ('application/json') is not executable, and strict MIME type checking is enabled. @ http://localhost:3001/:0
[  310053ms] TypeError: createContext only works in Client Components. Add the "use client" directive at the top of the file to use it. Read more: https://nextjs.org/docs/messages/context-in-server-component
    at module evaluation (file:///Users/dangelor.palladinolckroomr/Code/ETFtestSite/.next/dev/server/chunks/ssr/node_modules_13zcdh7._.js:103:239)
    at <unknown> (file:///Users/dangelor.palladinolckroomr/Code/ETFtestSite/.next/dev/server/chunks/ssr/[turbopack]_runtime.js:1291:27)
    at runWithHooks (file:///Users/dangelor.palladinolckroomr/Code/ETFtestSite/.next/dev/server/chunks/ssr/[turbopack]_runtime.js:1554:9)
    at instantiateModuleShared (file:///Users/dangelor.palladinolckroomr/Code/ETFtestSite/.next/dev/server/chunks/ssr/[turbopack]_runtime.js:1289:9)
    at instantiateModule (file:///Users/dangelor.palladinolckroomr/Code/ETFtestSite/.next/dev/server/chunks/ssr/[turbopack]_runtime.js:1557:23)
    at getOrInstantiateModuleFromParent (file:///Users/dangelor.palladinolckroomr/Code/ETFtestSite/.next/dev/server/chunks/ssr/[turbopack]_runtime.js:1593:23)
    at Context.esmImport [as i] (file:///Users/dangelor.palladinolckroomr/Code/ETFtestSite/.next/dev/server/chunks/ssr/[turbopack]_runtime.js:281:20)
    at module evaluation (file:///Users/dangelor.palladinolckroomr/Code/ETFtestSite/.next/dev/server/chunks/ssr/[root-of-the-server]__07pgid-._.js:867:202)
    at <unknown> (file:///Users/dangelor.palladinolckroomr/Code/ETFtestSite/.next/dev/server/chunks/ssr/[turbopack]_runtime.js:1291:27)
    at runWithHooks (file:///Users/dangelor.palladinolckroomr/Code/ETFtestSite/.next/dev/server/chunks/ssr/[turbopack]_runtime.js:1554:9)
    at instantiateModuleShared (file:///Users/dangelor.palladinolckroomr/Code/ETFtestSite/.next/dev/server/chunks/ssr/[turbopack]_runtime.js:1289:9)
    at instantiateModule (file:///Users/dangelor.palladinolckroomr/Code/ETFtestSite/.next/dev/server/chunks/ssr/[turbopack]_runtime.js:1557:23)
    at getOrInstantiateModuleFromParent (file:///Users/dangelor.palladinolckroomr/Code/ETFtestSite/.next/dev/server/chunks/ssr/[turbopack]_runtime.js:1593:23)
    at Context.esmImport [as i] (file:///Users/dangelor.palladinolckroomr/Code/ETFtestSite/.next/dev/server/chunks/ssr/[turbopack]_runtime.js:281:20)
    at module evaluation (file:///Users/dangelor.palladinolckroomr/Code/ETFtestSite/.next/dev/server/chunks/ssr/[root-of-the-server]__07pgid-._.js:1157:47)
    at <unknown> (file:///Users/dangelor.palladinolckroomr/Code/ETFtestSite/.next/dev/server/chunks/ssr/[turbopack]_runtime.js:1291:27)
    at runWithHooks (file:///Users/dangelor.palladinolckroomr/Code/ETFtestSite/.next/dev/server/chunks/ssr/[turbopack]_runtime.js:1554:9)
    at instantiateModuleShared (file:///Users/dangelor.palladinolckroomr/Code/ETFtestSite/.next/dev/server/chunks/ssr/[turbopack]_runtime.js:1289:9)
    at instantiateModule (file:///Users/dangelor.palladinolckroomr/Code/ETFtestSite/.next/dev/server/chunks/ssr/[turbopack]_runtime.js:1557:23)
    at getOrInstantiateModuleFromParent (file:///Users/dangelor.palladinolckroomr/Code/ETFtestSite/.next/dev/server/chunks/ssr/[turbopack]_runtime.js:1593:23)
    at Context.commonJsRequire [as r] (file:///Users/dangelor.palladinolckroomr/Code/ETFtestSite/.next/dev/server/chunks/ssr/[turbopack]_runtime.js:302:12)
    at Array.__TURBOPACK__layout__$23$2__ (file:///Users/dangelor.palladinolckroomr/Code/ETFtestSite/.next/dev/server/chunks/ssr/node_modules_next_dist_0byhw~p._.js:273:64)
    at getLayoutOrPageModule (file:///Users/dangelor.palladinolckroomr/Code/ETFtestSite/node_modules/next/dist/compiled/next-server/app-page-turbo.runtime.dev.js:65:6301)
    at anySegmentHasRuntimePrefetchEnabled (file:///Users/dangelor.palladinolckroomr/Code/ETFtestSite/node_modules/next/dist/compiled/next-server/app-page-turbo.runtime.dev.js:69:16674)
    at generateDynamicRSCPayload (file:///Users/dangelor.palladinolckroomr/Code/ETFtestSite/node_modules/next/dist/compiled/next-server/app-page-turbo.runtime.dev.js:69:23010)
    at AsyncLocalStorage.run (node:internal/async_local_storage/async_context_frame:63:14)
    at generateDynamicFlightRenderResult (file:///Users/dangelor.palladinolckroomr/Code/ETFtestSite/node_modules/next/dist/compiled/next-server/app-page-turbo.runtime.dev.js:69:26366)
    at renderToHTMLOrFlightImpl (file:///Users/dangelor.palladinolckroomr/Code/ETFtestSite/node_modules/next/dist/compiled/next-server/app-page-turbo.runtime.dev.js:69:55477)
[  310047ms] [LOG] [HMR] connected @ http://localhost:3001/_next/static/chunks/node_modules_next_dist_0u_w_5s._.js:1305
[  310279ms] [LOG] [Fast Refresh] rebuilding @ http://localhost:3001/_next/static/chunks/node_modules_next_dist_0u_w_5s._.js:1305
[  310300ms] [LOG] [Fast Refresh] done in 122ms @ http://localhost:3001/_next/static/chunks/node_modules_next_dist_0u_w_5s._.js:1305
[  310413ms] [LOG] [Fast Refresh] rebuilding @ http://localhost:3001/_next/static/chunks/node_modules_next_dist_0u_w_5s._.js:1305
[  310445ms] [LOG] [Fast Refresh] done in 132ms @ http://localhost:3001/_next/static/chunks/node_modules_next_dist_0u_w_5s._.js:1305
[  311041ms] [LOG] [Fast Refresh] rebuilding @ http://localhost:3001/_next/static/chunks/node_modules_next_dist_0u_w_5s._.js:1305
[  311715ms] [LOG] [Fast Refresh] done in 132ms @ http://localhost:3001/_next/static/chunks/node_modules_next_dist_0u_w_5s._.js:1305
[  311746ms] [ERROR] Failed to load resource: the server responded with a status of 500 (Internal Server Error) @ http://localhost:3001/:0
[  311773ms] [INFO] %cDownload the React DevTools for a better development experience: https://react.dev/link/react-devtools font-weight:bold @ http://localhost:3001/_next/static/chunks/node_modules_react-dom_0bruynb._.js:15309
[  311781ms] [ERROR] Refused to execute script from 'http://localhost:3001/_next/static/development/_clientMiddlewareManifest.js' because its MIME type ('application/json') is not executable, and strict MIME type checking is enabled. @ http://localhost:3001/:0
[  311786ms] TypeError: createContext only works in Client Components. Add the "use client" directive at the top of the file to use it. Read more: https://nextjs.org/docs/messages/context-in-server-component
    at module evaluation (file:///Users/dangelor.palladinolckroomr/Code/ETFtestSite/.next/dev/server/chunks/ssr/node_modules_13zcdh7._.js:103:239)
    at <unknown> (file:///Users/dangelor.palladinolckroomr/Code/ETFtestSite/.next/dev/server/chunks/ssr/[turbopack]_runtime.js:1291:27)
    at runWithHooks (file:///Users/dangelor.palladinolckroomr/Code/ETFtestSite/.next/dev/server/chunks/ssr/[turbopack]_runtime.js:1554:9)
    at instantiateModuleShared (file:///Users/dangelor.palladinolckroomr/Code/ETFtestSite/.next/dev/server/chunks/ssr/[turbopack]_runtime.js:1289:9)
    at instantiateModule (file:///Users/dangelor.palladinolckroomr/Code/ETFtestSite/.next/dev/server/chunks/ssr/[turbopack]_runtime.js:1557:23)
    at getOrInstantiateModuleFromParent (file:///Users/dangelor.palladinolckroomr/Code/ETFtestSite/.next/dev/server/chunks/ssr/[turbopack]_runtime.js:1593:23)
    at Context.esmImport [as i] (file:///Users/dangelor.palladinolckroomr/Code/ETFtestSite/.next/dev/server/chunks/ssr/[turbopack]_runtime.js:281:20)
    at module evaluation (file:///Users/dangelor.palladinolckroomr/Code/ETFtestSite/.next/dev/server/chunks/ssr/[root-of-the-server]__07pgid-._.js:867:202)
    at <unknown> (file:///Users/dangelor.palladinolckroomr/Code/ETFtestSite/.next/dev/server/chunks/ssr/[turbopack]_runtime.js:1291:27)
    at runWithHooks (file:///Users/dangelor.palladinolckroomr/Code/ETFtestSite/.next/dev/server/chunks/ssr/[turbopack]_runtime.js:1554:9)
    at instantiateModuleShared (file:///Users/dangelor.palladinolckroomr/Code/ETFtestSite/.next/dev/server/chunks/ssr/[turbopack]_runtime.js:1289:9)
    at instantiateModule (file:///Users/dangelor.palladinolckroomr/Code/ETFtestSite/.next/dev/server/chunks/ssr/[turbopack]_runtime.js:1557:23)
    at getOrInstantiateModuleFromParent (file:///Users/dangelor.palladinolckroomr/Code/ETFtestSite/.next/dev/server/chunks/ssr/[turbopack]_runtime.js:1593:23)
    at Context.esmImport [as i] (file:///Users/dangelor.palladinolckroomr/Code/ETFtestSite/.next/dev/server/chunks/ssr/[turbopack]_runtime.js:281:20)
    at module evaluation (file:///Users/dangelor.palladinolckroomr/Code/ETFtestSite/.next/dev/server/chunks/ssr/[root-of-the-server]__07pgid-._.js:1157:47)
    at <unknown> (file:///Users/dangelor.palladinolckroomr/Code/ETFtestSite/.next/dev/server/chunks/ssr/[turbopack]_runtime.js:1291:27)
    at runWithHooks (file:///Users/dangelor.palladinolckroomr/Code/ETFtestSite/.next/dev/server/chunks/ssr/[turbopack]_runtime.js:1554:9)
    at instantiateModuleShared (file:///Users/dangelor.palladinolckroomr/Code/ETFtestSite/.next/dev/server/chunks/ssr/[turbopack]_runtime.js:1289:9)
    at instantiateModule (file:///Users/dangelor.palladinolckroomr/Code/ETFtestSite/.next/dev/server/chunks/ssr/[turbopack]_runtime.js:1557:23)
    at getOrInstantiateModuleFromParent (file:///Users/dangelor.palladinolckroomr/Code/ETFtestSite/.next/dev/server/chunks/ssr/[turbopack]_runtime.js:1593:23)
    at Context.commonJsRequire [as r] (file:///Users/dangelor.palladinolckroomr/Code/ETFtestSite/.next/dev/server/chunks/ssr/[turbopack]_runtime.js:302:12)
    at Array.__TURBOPACK__layout__$23$2__ (file:///Users/dangelor.palladinolckroomr/Code/ETFtestSite/.next/dev/server/chunks/ssr/node_modules_next_dist_0byhw~p._.js:273:64)
    at getLayoutOrPageModule (file:///Users/dangelor.palladinolckroomr/Code/ETFtestSite/node_modules/next/dist/compiled/next-server/app-page-turbo.runtime.dev.js:65:6301)
    at anySegmentHasRuntimePrefetchEnabled (file:///Users/dangelor.palladinolckroomr/Code/ETFtestSite/node_modules/next/dist/compiled/next-server/app-page-turbo.runtime.dev.js:69:16674)
    at generateDynamicRSCPayload (file:///Users/dangelor.palladinolckroomr/Code/ETFtestSite/node_modules/next/dist/compiled/next-server/app-page-turbo.runtime.dev.js:69:23010)
    at AsyncLocalStorage.run (node:internal/async_local_storage/async_context_frame:63:14)
    at generateDynamicFlightRenderResult (file:///Users/dangelor.palladinolckroomr/Code/ETFtestSite/node_modules/next/dist/compiled/next-server/app-page-turbo.runtime.dev.js:69:26366)
    at renderToHTMLOrFlightImpl (file:///Users/dangelor.palladinolckroomr/Code/ETFtestSite/node_modules/next/dist/compiled/next-server/app-page-turbo.runtime.dev.js:69:55477)
[  311782ms] [LOG] [HMR] connected @ http://localhost:3001/_next/static/chunks/node_modules_next_dist_0u_w_5s._.js:1305
[  327219ms] [LOG] [Fast Refresh] rebuilding @ http://localhost:3001/_next/static/chunks/node_modules_next_dist_0u_w_5s._.js:1305
[  327764ms] [LOG] [Fast Refresh] done in 646ms @ http://localhost:3001/_next/static/chunks/node_modules_next_dist_0u_w_5s._.js:1305
[  336362ms] [LOG] [Fast Refresh] rebuilding @ http://localhost:3001/_next/static/chunks/node_modules_next_dist_0u_w_5s._.js:1305
[  336508ms] [LOG] [Fast Refresh] done in 247ms @ http://localhost:3001/_next/static/chunks/node_modules_next_dist_0u_w_5s._.js:1305
[  456636ms] [LOG] [Fast Refresh] rebuilding @ http://localhost:3001/_next/static/chunks/node_modules_next_dist_0u_w_5s._.js:1305
[  456661ms] [LOG] [Fast Refresh] done in 126ms @ http://localhost:3001/_next/static/chunks/node_modules_next_dist_0u_w_5s._.js:1305
[  550908ms] [LOG] [Fast Refresh] rebuilding @ http://localhost:3001/_next/static/chunks/node_modules_next_dist_0u_w_5s._.js:1305
[  551138ms] [LOG] [Fast Refresh] done in 332ms @ http://localhost:3001/_next/static/chunks/node_modules_next_dist_0u_w_5s._.js:1305
[  660625ms] [LOG] [Fast Refresh] rebuilding @ http://localhost:3001/_next/static/chunks/node_modules_next_dist_0u_w_5s._.js:1305
[  660834ms] [LOG] [Fast Refresh] done in 311ms @ http://localhost:3001/_next/static/chunks/node_modules_next_dist_0u_w_5s._.js:1305
[  664621ms] [LOG] [Fast Refresh] rebuilding @ http://localhost:3001/_next/static/chunks/node_modules_next_dist_0u_w_5s._.js:1305
[  665795ms] [ERROR] ./src/app/layout.tsx:162:27
Expected '</', got 'jsx text'
  160 |               </AuthProvider>
  161 |             </AntdProvider>
> 162 |           </BrandProvider>
      |                           ^^^^^^^^^^^^^^^^^^^^^^^^^^^^^^^^^^^^^^^^^^^^^^^^^^^^^^^^^^^^^^^^^^
> 163 |         </AntdRegistry>
      | ^^^^^^^^
  164 |         <CookieConsentBanner />
  165 |       </body>
  166 |     </html>

Parsing ecmascript source code failed @ http://localhost:3001/_next/static/chunks/node_modules_next_dist_0u_w_5s._.js:2097
[  665812ms] [ERROR] ./src/app/layout.tsx:162:27
Expected '</', got 'jsx text'
  160 |               </AuthProvider>
  161 |             </AntdProvider>
> 162 |           </BrandProvider>
      |                           ^^^^^^^^^^^^^^^^^^^^^^^^^^^^^^^^^^^^^^^^^^^^^^^^^^^^^^^^^^^^^^^^^^
> 163 |         </AntdRegistry>
      | ^^^^^^^^
  164 |         <CookieConsentBanner />
  165 |       </body>
  166 |     </html>

Parsing ecmascript source code failed @ http://localhost:3001/_next/static/chunks/node_modules_next_dist_0u_w_5s._.js:2097
[  665813ms] [ERROR] ./src/app/layout.tsx:162:27
Expected '</', got 'jsx text'
  160 |               </AuthProvider>
  161 |             </AntdProvider>
> 162 |           </BrandProvider>
      |                           ^^^^^^^^^^^^^^^^^^^^^^^^^^^^^^^^^^^^^^^^^^^^^^^^^^^^^^^^^^^^^^^^^^
> 163 |         </AntdRegistry>
      | ^^^^^^^^
  164 |         <CookieConsentBanner />
  165 |       </body>
  166 |     </html>

Parsing ecmascript source code failed @ http://localhost:3001/_next/static/chunks/node_modules_next_dist_0u_w_5s._.js:2097
[  665814ms] [LOG] [Fast Refresh] rebuilding @ http://localhost:3001/_next/static/chunks/node_modules_next_dist_0u_w_5s._.js:1305
[  665996ms] [ERROR] ./src/app/layout.tsx:162:27
Expected '</', got 'jsx text'
  160 |               </AuthProvider>
  161 |             </AntdProvider>
> 162 |           </BrandProvider>
      |                           ^^^^^^^^^^^^^^^^^^^^^^^^^^^^^^^^^^^^^^^^^^^^^^^^^^^^^^^^^^^^^^^^^^
> 163 |         </AntdRegistry>
      | ^^^^^^^^
  164 |         <CookieConsentBanner />
  165 |       </body>
  166 |     </html>

Parsing ecmascript source code failed @ http://localhost:3001/_next/static/chunks/node_modules_next_dist_0u_w_5s._.js:2097
[  666038ms] [ERROR] ./src/app/layout.tsx:162:27
Expected '</', got 'jsx text'
  160 |               </AuthProvider>
  161 |             </AntdProvider>
> 162 |           </BrandProvider>
      |                           ^^^^^^^^^^^^^^^^^^^^^^^^^^^^^^^^^^^^^^^^^^^^^^^^^^^^^^^^^^^^^^^^^^
> 163 |         </AntdRegistry>
      | ^^^^^^^^
  164 |         <CookieConsentBanner />
  165 |       </body>
  166 |     </html>

Parsing ecmascript source code failed @ http://localhost:3001/_next/static/chunks/node_modules_next_dist_0u_w_5s._.js:2097
[  666139ms] [LOG] [Fast Refresh] rebuilding @ http://localhost:3001/_next/static/chunks/node_modules_next_dist_0u_w_5s._.js:1305
[  666327ms] [ERROR] ./src/app/layout.tsx:162:27
Expected '</', got 'jsx text'
  160 |               </AuthProvider>
  161 |             </AntdProvider>
> 162 |           </BrandProvider>
      |                           ^^^^^^^^^^^^^^^^^^^^^^^^^^^^^^^^^^^^^^^^^^^^^^^^^^^^^^^^^^^^^^^^^^
> 163 |         </AntdRegistry>
      | ^^^^^^^^
  164 |         <CookieConsentBanner />
  165 |       </body>
  166 |     </html>

Parsing ecmascript source code failed @ http://localhost:3001/_next/static/chunks/node_modules_next_dist_0u_w_5s._.js:2097
[  666420ms] [ERROR] ./src/app/layout.tsx:162:27
Expected '</', got 'jsx text'
  160 |               </AuthProvider>
  161 |             </AntdProvider>
> 162 |           </BrandProvider>
      |                           ^^^^^^^^^^^^^^^^^^^^^^^^^^^^^^^^^^^^^^^^^^^^^^^^^^^^^^^^^^^^^^^^^^
> 163 |         </AntdRegistry>
      | ^^^^^^^^
  164 |         <CookieConsentBanner />
  165 |       </body>
  166 |     </html>

Parsing ecmascript source code failed @ http://localhost:3001/_next/static/chunks/node_modules_next_dist_0u_w_5s._.js:2097
[  666427ms] [ERROR] Failed to load resource: the server responded with a status of 500 (Internal Server Error) @ http://localhost:3001/:0
[  666466ms] [INFO] %cDownload the React DevTools for a better development experience: https://react.dev/link/react-devtools font-weight:bold @ http://localhost:3001/_next/static/chunks/node_modules_react-dom_0bruynb._.js:15309
[  666478ms] Error: ./src/app/layout.tsx:162:27
Expected '</', got 'jsx text'
  160 |               </AuthProvider>
  161 |             </AntdProvider>
> 162 |           </BrandProvider>
      |                           ^^^^^^^^^^^^^^^^^^^^^^^^^^^^^^^^^^^^^^^^^^^^^^^^^^^^^^^^^^^^^^^^^^
> 163 |         </AntdRegistry>
      | ^^^^^^^^
  164 |         <CookieConsentBanner />
  165 |       </body>
  166 |     </html>

Parsing ecmascript source code failed


    at <unknown> (Error: ./src/app/layout.tsx:162:27)
    at Object.getCompilationErrors (file:///Users/dangelor.palladinolckroomr/Code/ETFtestSite/node_modules/next/dist/server/dev/hot-reloader-turbopack.js:1186:59)
    at DevBundlerService.getCompilationError (file:///Users/dangelor.palladinolckroomr/Code/ETFtestSite/node_modules/next/dist/server/lib/dev-bundler-service.js:44:55)
    at DevServer.getCompilationError (file:///Users/dangelor.palladinolckroomr/Code/ETFtestSite/node_modules/next/dist/server/dev/next-dev-server.js:719:42)
    at DevServer.findPageComponents (file:///Users/dangelor.palladinolckroomr/Code/ETFtestSite/node_modules/next/dist/server/dev/next-dev-server.js:689:43)
    at async DevServer.renderErrorToResponseImpl (file:///Users/dangelor.palladinolckroomr/Code/ETFtestSite/node_modules/next/dist/server/base-server.js:1745:26)
[  666479ms] [LOG] [HMR] connected @ http://localhost:3001/_next/static/chunks/node_modules_next_dist_0u_w_5s._.js:1305
[  666480ms] [ERROR] Refused to execute script from 'http://localhost:3001/_next/static/development/_clientMiddlewareManifest.js' because its MIME type ('application/json') is not executable, and strict MIME type checking is enabled. @ http://localhost:3001/:0
[  666502ms] [ERROR] ./src/app/layout.tsx:162:27
Expected '</', got 'jsx text'
  160 |               </AuthProvider>
  161 |             </AntdProvider>
> 162 |           </BrandProvider>
      |                           ^^^^^^^^^^^^^^^^^^^^^^^^^^^^^^^^^^^^^^^^^^^^^^^^^^^^^^^^^^^^^^^^^^
> 163 |         </AntdRegistry>
      | ^^^^^^^^
  164 |         <CookieConsentBanner />
  165 |       </body>
  166 |     </html>

Parsing ecmascript source code failed @ http://localhost:3001/_next/static/chunks/node_modules_next_dist_0u_w_5s._.js:2097
[  666502ms] [ERROR] ./src/app/layout.tsx:162:27
Expected '</', got 'jsx text'
  160 |               </AuthProvider>
  161 |             </AntdProvider>
> 162 |           </BrandProvider>
      |                           ^^^^^^^^^^^^^^^^^^^^^^^^^^^^^^^^^^^^^^^^^^^^^^^^^^^^^^^^^^^^^^^^^^
> 163 |         </AntdRegistry>
      | ^^^^^^^^
  164 |         <CookieConsentBanner />
  165 |       </body>
  166 |     </html>

Parsing ecmascript source code failed @ http://localhost:3001/_next/static/chunks/node_modules_next_dist_0u_w_5s._.js:2097
[  666502ms] [ERROR] ./src/app/layout.tsx:162:27
Expected '</', got 'jsx text'
  160 |               </AuthProvider>
  161 |             </AntdProvider>
> 162 |           </BrandProvider>
      |                           ^^^^^^^^^^^^^^^^^^^^^^^^^^^^^^^^^^^^^^^^^^^^^^^^^^^^^^^^^^^^^^^^^^
> 163 |         </AntdRegistry>
      | ^^^^^^^^
  164 |         <CookieConsentBanner />
  165 |       </body>
  166 |     </html>

Parsing ecmascript source code failed @ http://localhost:3001/_next/static/chunks/node_modules_next_dist_0u_w_5s._.js:2097
[  666502ms] [ERROR] ./src/app/layout.tsx:162:27
Expected '</', got 'jsx text'
  160 |               </AuthProvider>
  161 |             </AntdProvider>
> 162 |           </BrandProvider>
      |                           ^^^^^^^^^^^^^^^^^^^^^^^^^^^^^^^^^^^^^^^^^^^^^^^^^^^^^^^^^^^^^^^^^^
> 163 |         </AntdRegistry>
      | ^^^^^^^^
  164 |         <CookieConsentBanner />
  165 |       </body>
  166 |     </html>

Parsing ecmascript source code failed @ http://localhost:3001/_next/static/chunks/node_modules_next_dist_0u_w_5s._.js:2097
[  666536ms] [ERROR] ./src/app/layout.tsx:162:27
Expected '</', got 'jsx text'
  160 |               </AuthProvider>
  161 |             </AntdProvider>
> 162 |           </BrandProvider>
      |                           ^^^^^^^^^^^^^^^^^^^^^^^^^^^^^^^^^^^^^^^^^^^^^^^^^^^^^^^^^^^^^^^^^^
> 163 |         </AntdRegistry>
      | ^^^^^^^^
  164 |         <CookieConsentBanner />
  165 |       </body>
  166 |     </html>

Parsing ecmascript source code failed @ http://localhost:3001/_next/static/chunks/node_modules_next_dist_0u_w_5s._.js:2097
[  666638ms] [LOG] [Fast Refresh] rebuilding @ http://localhost:3001/_next/static/chunks/node_modules_next_dist_0u_w_5s._.js:1305
[  669753ms] [LOG] [Fast Refresh] done in 2899ms @ http://localhost:3001/_next/static/chunks/node_modules_next_dist_0u_w_5s._.js:1305
[  670806ms] [LOG] [Fast Refresh] rebuilding @ http://localhost:3001/_next/static/chunks/node_modules_next_dist_0u_w_5s._.js:1305
[  670923ms] [LOG] [Fast Refresh] done in 219ms @ http://localhost:3001/_next/static/chunks/node_modules_next_dist_0u_w_5s._.js:1305
[  671472ms] [INFO] %cDownload the React DevTools for a better development experience: https://react.dev/link/react-devtools font-weight:bold @ http://localhost:3001/_next/static/chunks/node_modules_next_dist_0nzbwyu._.js:1114
[  671503ms] [LOG] [HMR] connected @ http://localhost:3001/_next/static/chunks/node_modules_next_dist_0nzbwyu._.js:1114
[  671695ms] [LOG] %c[Vercel Web Analytics]%c Debug mode is enabled by default in development. No requests will be sent to the server. color: rgb(120, 120, 120) color: inherit @ http://localhost:3001/_next/static/chunks/node_modules_next_dist_0nzbwyu._.js:1114
[  671696ms] [LOG] %c[Vercel Web Analytics]%c [view] http://localhost:3001/ color: rgb(120, 120, 120) color: inherit {o: http://localhost:3001/, sv: 0.1.3, sdkn: @vercel/analytics/react, sdkv: 2.0.1, ts: 1777517158085} /_vercel/insights/view @ http://localhost:3001/_next/static/chunks/node_modules_next_dist_0nzbwyu._.js:1114
[  671700ms] [LOG] %c[Vercel Speed Insights]%c Debug mode is enabled by default in development. No requests will be sent to the server. color: rgb(120, 120, 120) color: inherit @ http://localhost:3001/_next/static/chunks/node_modules_next_dist_0nzbwyu._.js:1114
[  671750ms] [LOG] [Fast Refresh] rebuilding @ http://localhost:3001/_next/static/chunks/node_modules_next_dist_0nzbwyu._.js:1114
[  672366ms] [LOG] [Fast Refresh] done in 718ms @ http://localhost:3001/_next/static/chunks/node_modules_next_dist_0nzbwyu._.js:1114
[ 1756956ms] [LOG] [Fast Refresh] rebuilding @ http://localhost:3001/_next/static/chunks/node_modules_next_dist_0nzbwyu._.js:1114
[ 1759292ms] [LOG] [Fast Refresh] done in 2383ms @ http://localhost:3001/_next/static/chunks/node_modules_next_dist_0nzbwyu._.js:1114
[ 1759517ms] [LOG] [Fast Refresh] rebuilding @ http://localhost:3001/_next/static/chunks/node_modules_next_dist_0nzbwyu._.js:1114
[ 1759633ms] [LOG] [Fast Refresh] done in 217ms @ http://localhost:3001/_next/static/chunks/node_modules_next_dist_0nzbwyu._.js:1114
[ 1777610ms] [LOG] [Fast Refresh] rebuilding @ http://localhost:3001/_next/static/chunks/node_modules_next_dist_0nzbwyu._.js:1114
[ 1778183ms] [LOG] [Fast Refresh] done in 644ms @ http://localhost:3001/_next/static/chunks/node_modules_next_dist_0nzbwyu._.js:1114
[ 1793737ms] [LOG] [Fast Refresh] rebuilding @ http://localhost:3001/_next/static/chunks/node_modules_next_dist_0nzbwyu._.js:1114
[ 1794017ms] [LOG] [Fast Refresh] done in 310ms @ http://localhost:3001/_next/static/chunks/node_modules_next_dist_0nzbwyu._.js:1114
[ 1811729ms] [LOG] [Fast Refresh] rebuilding @ http://localhost:3001/_next/static/chunks/node_modules_next_dist_0nzbwyu._.js:1114
[ 1812023ms] [LOG] [Fast Refresh] done in 329ms @ http://localhost:3001/_next/static/chunks/node_modules_next_dist_0nzbwyu._.js:1114
[ 1821932ms] [LOG] [Fast Refresh] rebuilding @ http://localhost:3001/_next/static/chunks/node_modules_next_dist_0nzbwyu._.js:1114
[ 1822194ms] [LOG] [Fast Refresh] done in 322ms @ http://localhost:3001/_next/static/chunks/node_modules_next_dist_0nzbwyu._.js:1114
[ 1880008ms] [LOG] [Fast Refresh] rebuilding @ http://localhost:3001/_next/static/chunks/node_modules_next_dist_0nzbwyu._.js:1114
[ 1880415ms] [LOG] [Fast Refresh] done in 365ms @ http://localhost:3001/_next/static/chunks/node_modules_next_dist_0nzbwyu._.js:1114
[ 2780737ms] [LOG] [Fast Refresh] rebuilding @ http://localhost:3001/_next/static/chunks/node_modules_next_dist_0nzbwyu._.js:1114
[ 2788984ms] [WARNING] [Fast Refresh] performing full reload

Fast Refresh will perform a full reload when you edit a file that's imported by modules outside of the React rendering tree.
You might have a file which exports a React component but also exports a value that is imported by a non-React component file.
Consider migrating the non-React component export to a separate file and importing it into both files.

It is also possible the parent component of the component you edited is a class component, which disables Fast Refresh.
Fast Refresh requires at least one parent function component in your React tree. @ http://localhost:3001/_next/static/chunks/node_modules_next_dist_0nzbwyu._.js:1114
[ 2789294ms] [LOG] [Fast Refresh] done in 8311ms @ http://localhost:3001/_next/static/chunks/node_modules_next_dist_0nzbwyu._.js:1114
[ 2789598ms] [LOG] [Fast Refresh] rebuilding @ http://localhost:3001/_next/static/chunks/node_modules_next_dist_0nzbwyu._.js:1114
[ 2789611ms] [LOG] [Fast Refresh] done in 115ms @ http://localhost:3001/_next/static/chunks/node_modules_next_dist_0nzbwyu._.js:1114
[ 2790188ms] [LOG] %c[Vercel Speed Insights]%c [vitals] color: rgb(120, 120, 120) color: inherit {speed: 4g, metrics: Array(5), scriptVersion: 0.1.3, sdkName: @vercel/speed-insights/next, sdkVersion: 2.0.0} /_vercel/speed-insights/vitals @ http://localhost:3001/_next/static/chunks/node_modules_next_dist_0nzbwyu._.js:1114
[ 2790198ms] [LOG] %c[Vercel Speed Insights]%c [vitals] color: rgb(120, 120, 120) color: inherit {speed: 4g, metrics: Array(1), scriptVersion: 0.1.3, sdkName: @vercel/speed-insights/next, sdkVersion: 2.0.0} /_vercel/speed-insights/vitals @ http://localhost:3001/_next/static/chunks/node_modules_next_dist_0nzbwyu._.js:1114
[ 2790872ms] [INFO] %cDownload the React DevTools for a better development experience: https://react.dev/link/react-devtools font-weight:bold @ http://localhost:3001/_next/static/chunks/node_modules_next_dist_0nzbwyu._.js:1114
[ 2790968ms] [LOG] [HMR] connected @ http://localhost:3001/_next/static/chunks/node_modules_next_dist_0nzbwyu._.js:1114
[ 2791201ms] [LOG] %c[Vercel Web Analytics]%c Debug mode is enabled by default in development. No requests will be sent to the server. color: rgb(120, 120, 120) color: inherit @ http://localhost:3001/_next/static/chunks/node_modules_next_dist_0nzbwyu._.js:1114
[ 2791201ms] [LOG] %c[Vercel Web Analytics]%c [view] http://localhost:3001/ color: rgb(120, 120, 120) color: inherit {o: http://localhost:3001/, sv: 0.1.3, sdkn: @vercel/analytics/react, sdkv: 2.0.1, ts: 1777519277591} /_vercel/insights/view @ http://localhost:3001/_next/static/chunks/node_modules_next_dist_0nzbwyu._.js:1114
[ 2791207ms] [LOG] %c[Vercel Speed Insights]%c Debug mode is enabled by default in development. No requests will be sent to the server. color: rgb(120, 120, 120) color: inherit @ http://localhost:3001/_next/static/chunks/node_modules_next_dist_0nzbwyu._.js:1114
[ 2923704ms] [LOG] [Fast Refresh] rebuilding @ http://localhost:3001/_next/static/chunks/node_modules_next_dist_0nzbwyu._.js:1114
[ 2923849ms] [LOG] [Fast Refresh] done in 245ms @ http://localhost:3001/_next/static/chunks/node_modules_next_dist_0nzbwyu._.js:1114
[ 3026282ms] [LOG] [Fast Refresh] rebuilding @ http://localhost:3001/_next/static/chunks/node_modules_next_dist_0nzbwyu._.js:1114
[ 3026793ms] [LOG] [Fast Refresh] done in 614ms @ http://localhost:3001/_next/static/chunks/node_modules_next_dist_0nzbwyu._.js:1114
[ 3028670ms] [LOG] [Fast Refresh] rebuilding @ http://localhost:3001/_next/static/chunks/node_modules_next_dist_0nzbwyu._.js:1114
[ 3047519ms] [ERROR] Failed to load resource: the server responded with a status of 500 (Internal Server Error) @ http://localhost:3001/?_rsc=1e52p:0
[ 3048030ms] [ERROR] Failed to load resource: the server responded with a status of 500 (Internal Server Error) @ http://localhost:3001/?_rsc=1e52p:0
[ 3048148ms] [LOG] %c[Vercel Speed Insights]%c [vitals] color: rgb(120, 120, 120) color: inherit {speed: 4g, metrics: Array(3), scriptVersion: 0.1.3, sdkName: @vercel/speed-insights/next, sdkVersion: 2.0.0} /_vercel/speed-insights/vitals @ http://localhost:3001/_next/static/chunks/node_modules_next_dist_0nzbwyu._.js:1114
[ 3048151ms] [LOG] %c[Vercel Speed Insights]%c [vitals] color: rgb(120, 120, 120) color: inherit {speed: 4g, metrics: Array(1), scriptVersion: 0.1.3, sdkName: @vercel/speed-insights/next, sdkVersion: 2.0.0} /_vercel/speed-insights/vitals @ http://localhost:3001/_next/static/chunks/node_modules_next_dist_0nzbwyu._.js:1114
[ 3048166ms] [ERROR] Failed to load resource: the server responded with a status of 500 (Internal Server Error) @ http://localhost:3001/:0
[ 3048474ms] [INFO] %cDownload the React DevTools for a better development experience: https://react.dev/link/react-devtools font-weight:bold @ http://localhost:3001/_next/static/chunks/node_modules_react-dom_0bruynb._.js:15309
[ 3048581ms] [ERROR] Refused to execute script from 'http://localhost:3001/_next/static/development/_clientMiddlewareManifest.js' because its MIME type ('application/json') is not executable, and strict MIME type checking is enabled. @ http://localhost:3001/:0
[ 3048636ms] Error: ./src/app/layout.tsx:14:1
Module not found: Can't resolve '@dangelopalladino/etf-core/analytics'
  12 | import { AuthProvider } from "@/components/AuthProvider";
  13 | import PageviewTracker from "@/components/analytics/PageviewTracker";
> 14 | import { GA4Loader } from "@dangelopalladino/etf-core/analytics";
     | ^^^^^^^^^^^^^^^^^^^^^^^^^^^^^^^^^^^^^^^^^^^^^^^^^^^^^^^^^^^^^^^^^
  15 | import ClarityLoader from "@/components/analytics/ClarityLoader";
  16 | import ClarityIdentifier from "@/components/analytics/ClarityIdentifier";
  17 | import CookieConsentBanner from "@/components/analytics/CookieConsentBanner";



https://nextjs.org/docs/messages/module-not-found


    at <unknown> (Error: ./src/app/layout.tsx:14:1)
    at <unknown> (https://nextjs.org/docs/messages/module-not-found)
    at Object.getCompilationErrors (file:///Users/dangelor.palladinolckroomr/Code/ETFtestSite/node_modules/next/dist/server/dev/hot-reloader-turbopack.js:1186:59)
    at DevBundlerService.getCompilationError (file:///Users/dangelor.palladinolckroomr/Code/ETFtestSite/node_modules/next/dist/server/lib/dev-bundler-service.js:44:55)
    at DevServer.getCompilationError (file:///Users/dangelor.palladinolckroomr/Code/ETFtestSite/node_modules/next/dist/server/dev/next-dev-server.js:719:42)
    at DevServer.findPageComponents (file:///Users/dangelor.palladinolckroomr/Code/ETFtestSite/node_modules/next/dist/server/dev/next-dev-server.js:689:43)
    at async DevServer.renderErrorToResponseImpl (file:///Users/dangelor.palladinolckroomr/Code/ETFtestSite/node_modules/next/dist/server/base-server.js:1745:26)
[ 3048590ms] [LOG] [HMR] connected @ http://localhost:3001/_next/static/chunks/node_modules_next_dist_0u_w_5s._.js:1305
[ 3048860ms] [ERROR] ./src/app/layout.tsx:14:1
Module not found: Can't resolve '@dangelopalladino/etf-core/analytics'
  12 | import { AuthProvider } from "@/components/AuthProvider";
  13 | import PageviewTracker from "@/components/analytics/PageviewTracker";
> 14 | import { GA4Loader } from "@dangelopalladino/etf-core/analytics";
     | ^^^^^^^^^^^^^^^^^^^^^^^^^^^^^^^^^^^^^^^^^^^^^^^^^^^^^^^^^^^^^^^^^
  15 | import ClarityLoader from "@/components/analytics/ClarityLoader";
  16 | import ClarityIdentifier from "@/components/analytics/ClarityIdentifier";
  17 | import CookieConsentBanner from "@/components/analytics/CookieConsentBanner";

https://nextjs.org/docs/messages/module-not-found @ http://localhost:3001/_next/static/chunks/node_modules_next_dist_0u_w_5s._.js:2097
[ 3048861ms] [ERROR] ./src/lib/analytics-events.ts:2:1
Module not found: Can't resolve '@dangelopalladino/etf-core/analytics'
  1 | // Phase 11: analytics event catalog sourced from @dangelopalladino/etf-core.
> 2 | export * from '@dangelopalladino/etf-core/analytics';
    | ^^^^^^^^^^^^^^^^^^^^^^^^^^^^^^^^^^^^^^^^^^^^^^^^^^^^^
  3 |

Import traces:
  Client Component Browser:
    ./src/lib/analytics-events.ts [Client Component Browser]
    ./src/lib/analytics.ts [Client Component Browser]
    ./src/components/analytics/CookieConsentBanner.tsx [Client Component Browser]
    ./src/components/analytics/CookieConsentBanner.tsx [Server Component]
    ./src/app/layout.tsx [Server Component]

  Client Component SSR:
    ./src/lib/analytics-events.ts [Client Component SSR]
    ./src/lib/analytics.ts [Client Component SSR]
    ./src/components/analytics/CookieConsentBanner.tsx [Client Component SSR]
    ./src/components/analytics/CookieConsentBanner.tsx [Server Component]
    ./src/app/layout.tsx [Server Component]

https://nextjs.org/docs/messages/module-not-found @ http://localhost:3001/_next/static/chunks/node_modules_next_dist_0u_w_5s._.js:2097
[ 3048862ms] [ERROR] ./src/components/BrandProviderClient.tsx:19:1
Module not found: Can't resolve '@dangelopalladino/etf-core/brand'
  17 |  */
  18 |
> 19 | import { BrandProvider, type BrandProviderProps } from '@dangelopalladino/etf-core/brand';
     | ^^^^^^^^^^^^^^^^^^^^^^^^^^^^^^^^^^^^^^^^^^^^^^^^^^^^^^^^^^^^^^^^^^^^^^^^^^^^^^^^^^^^^^^^^^
  20 |
  21 | export default function BrandProviderClient(props: BrandProviderProps) {
  22 |   return <BrandProvider {...props} />;

Import trace:
  Server Component:
    ./src/components/BrandProviderClient.tsx
    ./src/app/layout.tsx

https://nextjs.org/docs/messages/module-not-found @ http://localhost:3001/_next/static/chunks/node_modules_next_dist_0u_w_5s._.js:2097
[ 3048862ms] [ERROR] ./src/app/page.tsx:8:1
Module not found: Can't resolve '@dangelopalladino/etf-core/content'
   6 |   CrownOutlined,
   7 | } from '@ant-design/icons';
>  8 | import { getApprovedTestimonials } from '@dangelopalladino/etf-core/content';
     | ^^^^^^^^^^^^^^^^^^^^^^^^^^^^^^^^^^^^^^^^^^^^^^^^^^^^^^^^^^^^^^^^^^^^^^^^^^^^^
   9 | import { JsonLd } from '@/components/marketing/JsonLd';
  10 | import { LandingSectionExposure } from '@/components/analytics/SectionExposure';
  11 | import FeatureCard from '@/components/primitives/FeatureCard';

https://nextjs.org/docs/messages/module-not-found @ http://localhost:3001/_next/static/chunks/node_modules_next_dist_0u_w_5s._.js:2097
[ 3048862ms] [ERROR] ./src/lib/antd-theme.ts:35:1
Module not found: Can't resolve '@dangelopalladino/etf-core/tokens/6id'
  33 | export type { StatusType } from '@dangelopalladino/etf-core/tokens/6id';
  34 |
> 35 | import { themeConfig as etfCoreThemeConfig } from '@dangelopalladino/etf-core/tokens/6id';
     | ^^^^^^^^^^^^^^^^^^^^^^^^^^^^^^^^^^^^^^^^^^^^^^^^^^^^^^^^^^^^^^^^^^^^^^^^^^^^^^^^^^^^^^^^^^
  36 |
  37 | // Canonical 6i palette — v2 design system (navy + off-white + electric blue)
  38 | const CANONICAL_6I = {

Import traces:
  Client Component Browser:
    ./src/lib/antd-theme.ts [Client Component Browser]
    ./src/components/AntdProvider.tsx [Client Component Browser]
    ./src/components/AntdProvider.tsx [Server Component]
    ./src/app/layout.tsx [Server Component]

  Client Component SSR:
    ./src/lib/antd-theme.ts [Client Component SSR]
    ./src/components/AntdProvider.tsx [Client Component SSR]
    ./src/components/AntdProvider.tsx [Server Component]
    ./src/app/layout.tsx [Server Component]

https://nextjs.org/docs/messages/module-not-found @ http://localhost:3001/_next/static/chunks/node_modules_next_dist_0u_w_5s._.js:2097
[ 3048862ms] [ERROR] ./src/lib/brand-tokens.ts:5:1
Module not found: Can't resolve '@dangelopalladino/etf-core/tokens/6id'
   3 | // IDENTITY_COLORS is overridden here with v2 saturated palette; all other tokens
   4 | // forwarded from etf-core unchanged.
>  5 | export {
     | ^^^^^^^
>  6 |   BLUEPRINT_SHADOWS,
     | ^^^^^^^^^^^^^^^^^^^^
>  7 |   BORDER_TOKENS,
     | ^^^^^^^^^^^^^^^^
>  8 |   BRAND,
     | ^^^^^^^^
>  9 |   BRAND_GOLD,
     | ^^^^^^^^^^^^^
> 10 |   DARK_MODE_COLORS,
     | ^^^^^^^^^^^^^^^^^^^
> 11 |   HEADING_SCALE,
     | ^^^^^^^^^^^^^^^^
> 12 |   SCORE_COLORS,
     | ^^^^^^^^^^^^^^^
> 13 |   SHADOW_TOKENS,
     | ^^^^^^^^^^^^^^^^
> 14 |   STATUS_STYLES,
     | ^^^^^^^^^^^^^^^^
> 15 |   SURFACE_TOKENS,
     | ^^^^^^^^^^^^^^^^^
> 16 |   baseThemeConfig,
     | ^^^^^^^^^^^^^^^^^^
> 17 |   darkThemeConfig,
     | ^^^^^^^^^^^^^^^^^^
> 18 |   getScoreColor,
     | ^^^^^^^^^^^^^^^^
> 19 |   needsDarkTextOnBackground,
     | ^^^^^^^^^^^^^^^^^^^^^^^^^^^^
> 20 | } from '@dangelopalladino/etf-core/tokens/6id';
     | ^^^^^^^^^^^^^^^^^^^^^^^^^^^^^^^^^^^^^^^^^^^^^^^
  21 | export type { StatusType } from '@dangelopalladino/etf-core/tokens/6id';
  22 |
  23 | // v2 saturated identity palette — overrides etf-core pottery-glaze values.

Import traces:
  #1 [Server Component]:
    ./src/lib/brand-tokens.ts
    ./src/app/opengraph-image.tsx
    ./src/app/opengraph-image--metadata.js

  #2 [Server Component]:
    ./src/lib/brand-tokens.ts
    ./src/lib/type-profiles.ts
    ./src/app/page.tsx

https://nextjs.org/docs/messages/module-not-found @ http://localhost:3001/_next/static/chunks/node_modules_next_dist_0u_w_5s._.js:2097
[ 3048862ms] [ERROR] ./src/components/shared/BrandCta.tsx:3:1
Module not found: Can't resolve '@dangelopalladino/etf-core/ui-client'
  1 | // Phase 11: BrandCta sourced from @dangelopalladino/etf-core.
  2 | 'use client';
> 3 | export { BrandCta as default } from '@dangelopalladino/etf-core/ui-client';
    | ^^^^^^^^^^^^^^^^^^^^^^^^^^^^^^^^^^^^^^^^^^^^^^^^^^^^^^^^^^^^^^^^^^^^^^^^^^^
  4 |

Import traces:
  Server Component:
    ./src/components/shared/BrandCta.tsx
    ./src/app/page.tsx

  Client Component Browser:
    ./src/components/shared/BrandCta.tsx [Client Component Browser]
    ./src/app/not-found.tsx [Client Component Browser]
    ./src/app/not-found.tsx [Server Component]

  Client Component SSR:
    ./src/components/shared/BrandCta.tsx [Client Component SSR]
    ./src/app/not-found.tsx [Client Component SSR]
    ./src/app/not-found.tsx [Server Component]

https://nextjs.org/docs/messages/module-not-found @ http://localhost:3001/_next/static/chunks/node_modules_next_dist_0u_w_5s._.js:2097
[ 3048863ms] [ERROR] ./src/components/shared/SectionHeader.tsx:8:1
Module not found: Can't resolve '@dangelopalladino/etf-core/ui-client'
   6 |
   7 | import React from 'react';
>  8 | import { SectionHeader as CoreSectionHeader } from '@dangelopalladino/etf-core/ui-client';
     | ^^^^^^^^^^^^^^^^^^^^^^^^^^^^^^^^^^^^^^^^^^^^^^^^^^^^^^^^^^^^^^^^^^^^^^^^^^^^^^^^^^^^^^^^^^
   9 |
  10 | type CoreAlign = 'left' | 'center';
  11 |

Import trace:
  Server Component:
    ./src/components/shared/SectionHeader.tsx
    ./src/app/page.tsx

https://nextjs.org/docs/messages/module-not-found @ http://localhost:3001/_next/static/chunks/node_modules_next_dist_0u_w_5s._.js:2097
[ 3048863ms] [ERROR] ./src/components/shared/SectionWrapper.tsx:2:1
Module not found: Can't resolve '@dangelopalladino/etf-core/ui-server'
  1 | // Phase 11: server-safe SectionWrapper sourced from @dangelopalladino/etf-core.
> 2 | export { SectionWrapper as default } from '@dangelopalladino/etf-core/ui-server';
    | ^^^^^^^^^^^^^^^^^^^^^^^^^^^^^^^^^^^^^^^^^^^^^^^^^^^^^^^^^^^^^^^^^^^^^^^^^^^^^^^^^
  3 |

Import trace:
  Server Component:
    ./src/components/shared/SectionWrapper.tsx
    ./src/app/page.tsx

https://nextjs.org/docs/messages/module-not-found @ http://localhost:3001/_next/static/chunks/node_modules_next_dist_0u_w_5s._.js:2097
[ 3048863ms] [ERROR] ./src/components/shared/ServerTypography.tsx:6:1
Module not found: Can't resolve '@dangelopalladino/etf-core/ui-server'
   4 | // use `text-foreground` (warm charcoal). We inject `text-foreground` before any caller-su...
   5 | // className so the token wins even if callers explicitly pass `text-primary`.
>  6 | import {
     | ^^^^^^^
>  7 |   ServerHeading as _ServerHeading,
     | ^^^^^^^^^^^^^^^^^^^^^^^^^^^^^^^^^^
>  8 |   ServerText,
     | ^^^^^^^^^^^^^
>  9 |   Eyebrow as _Eyebrow,
     | ^^^^^^^^^^^^^^^^^^^^^^
> 10 | } from '@dangelopalladino/etf-core/ui-server';
     | ^^^^^^^^^^^^^^^^^^^^^^^^^^^^^^^^^^^^^^^^^^^^^^
  11 | import type { ComponentProps } from 'react';
  12 |
  13 | export function ServerHeading({ className = '', ...props }: ComponentProps<typeof _ServerH...

Import traces:
  Server Component:
    ./src/components/shared/ServerTypography.tsx
    ./src/app/page.tsx

  Client Component Browser:
    ./src/components/shared/ServerTypography.tsx [Client Component Browser]
    ./src/components/shared/PageHero.tsx [Client Component Browser]
    ./src/components/shared/PageHero.tsx [Server Component]
    ./src/app/page.tsx [Server Component]

  Client Component SSR:
    ./src/components/shared/ServerTypography.tsx [Client Component SSR]
    ./src/components/shared/PageHero.tsx [Client Component SSR]
    ./src/components/shared/PageHero.tsx [Server Component]
    ./src/app/page.tsx [Server Component]

https://nextjs.org/docs/messages/module-not-found @ http://localhost:3001/_next/static/chunks/node_modules_next_dist_0u_w_5s._.js:2097
[ 3048863ms] [ERROR] ./src/lib/analytics.ts:2:1
Export EVENTS doesn't exist in target module
  1 | import Clarity from '@microsoft/clarity';
> 2 | import { EVENTS, KEYS } from './analytics-events';
    | ^^^^^^^^^^^^^^^^^^^^^^^^^^^^^^^^^^^^^^^^^^^^^^^^^^
  3 | import { getAttributionPayload } from './analytics-source';
  4 |
  5 | declare global {

The export EVENTS was not found in module [project]/src/lib/analytics-events.ts [app-client] (ecmascript).
The module has no exports at all.
All exports of the module are statically known (It doesn't have dynamic exports). So it's known statically that the requested export doesn't exist.

Import traces:
  #1 [Client Component Browser]:
    ./src/lib/analytics.ts [Client Component Browser]
    ./src/app/error.tsx [Client Component Browser]
    ./src/app/error.tsx [Server Component]

  #2 [Client Component Browser]:
    ./src/lib/analytics.ts [Client Component Browser]
    ./src/app/not-found.tsx [Client Component Browser]
    ./src/app/not-found.tsx [Server Component]

  #3 [Client Component SSR]:
    ./src/lib/analytics.ts [Client Component SSR]
    ./src/app/error.tsx [Client Component SSR]
    ./src/app/error.tsx [Server Component]

  #4 [Client Component SSR]:
    ./src/lib/analytics.ts [Client Component SSR]
    ./src/app/not-found.tsx [Client Component SSR]
    ./src/app/not-found.tsx [Server Component]

  #5 [Client Component Browser]:
    ./src/lib/analytics.ts [Client Component Browser]
    ./src/components/analytics/CookieConsentBanner.tsx [Client Component Browser]
    ./src/components/analytics/CookieConsentBanner.tsx [Server Component]
    ./src/app/layout.tsx [Server Component]

  #6 [Client Component SSR]:
    ./src/lib/analytics.ts [Client Component SSR]
    ./src/components/analytics/CookieConsentBanner.tsx [Client Component SSR]
    ./src/components/analytics/CookieConsentBanner.tsx [Server Component]
    ./src/app/layout.tsx [Server Component] @ http://localhost:3001/_next/static/chunks/node_modules_next_dist_0u_w_5s._.js:2097
[ 3048863ms] [ERROR] ./src/lib/analytics.ts:2:1
Export EVENTS doesn't exist in target module
  1 | import Clarity from '@microsoft/clarity';
> 2 | import { EVENTS, KEYS } from './analytics-events';
    | ^^^^^^^^^^^^^^^^^^^^^^^^^^^^^^^^^^^^^^^^^^^^^^^^^^
  3 | import { getAttributionPayload } from './analytics-source';
  4 |
  5 | declare global {

The export EVENTS was not found in module [project]/src/lib/analytics-events.ts [app-ssr] (ecmascript).
The module has no exports at all.
All exports of the module are statically known (It doesn't have dynamic exports). So it's known statically that the requested export doesn't exist.

Import traces:
  #1 [Client Component Browser]:
    ./src/lib/analytics.ts [Client Component Browser]
    ./src/app/error.tsx [Client Component Browser]
    ./src/app/error.tsx [Server Component]

  #2 [Client Component Browser]:
    ./src/lib/analytics.ts [Client Component Browser]
    ./src/app/not-found.tsx [Client Component Browser]
    ./src/app/not-found.tsx [Server Component]

  #3 [Client Component SSR]:
    ./src/lib/analytics.ts [Client Component SSR]
    ./src/app/error.tsx [Client Component SSR]
    ./src/app/error.tsx [Server Component]

  #4 [Client Component SSR]:
    ./src/lib/analytics.ts [Client Component SSR]
    ./src/app/not-found.tsx [Client Component SSR]
    ./src/app/not-found.tsx [Server Component]

  #5 [Client Component Browser]:
    ./src/lib/analytics.ts [Client Component Browser]
    ./src/components/analytics/CookieConsentBanner.tsx [Client Component Browser]
    ./src/components/analytics/CookieConsentBanner.tsx [Server Component]
    ./src/app/layout.tsx [Server Component]

  #6 [Client Component SSR]:
    ./src/lib/analytics.ts [Client Component SSR]
    ./src/components/analytics/CookieConsentBanner.tsx [Client Component SSR]
    ./src/components/analytics/CookieConsentBanner.tsx [Server Component]
    ./src/app/layout.tsx [Server Component] @ http://localhost:3001/_next/static/chunks/node_modules_next_dist_0u_w_5s._.js:2097
[ 3048863ms] [ERROR] ./src/lib/analytics.ts:2:1
Export KEYS doesn't exist in target module
  1 | import Clarity from '@microsoft/clarity';
> 2 | import { EVENTS, KEYS } from './analytics-events';
    | ^^^^^^^^^^^^^^^^^^^^^^^^^^^^^^^^^^^^^^^^^^^^^^^^^^
  3 | import { getAttributionPayload } from './analytics-source';
  4 |
  5 | declare global {

The export KEYS was not found in module [project]/src/lib/analytics-events.ts [app-client] (ecmascript).
The module has no exports at all.
All exports of the module are statically known (It doesn't have dynamic exports). So it's known statically that the requested export doesn't exist.

Import traces:
  #1 [Client Component Browser]:
    ./src/lib/analytics.ts [Client Component Browser]
    ./src/app/error.tsx [Client Component Browser]
    ./src/app/error.tsx [Server Component]

  #2 [Client Component Browser]:
    ./src/lib/analytics.ts [Client Component Browser]
    ./src/app/not-found.tsx [Client Component Browser]
    ./src/app/not-found.tsx [Server Component]

  #3 [Client Component SSR]:
    ./src/lib/analytics.ts [Client Component SSR]
    ./src/app/error.tsx [Client Component SSR]
    ./src/app/error.tsx [Server Component]

  #4 [Client Component SSR]:
    ./src/lib/analytics.ts [Client Component SSR]
    ./src/app/not-found.tsx [Client Component SSR]
    ./src/app/not-found.tsx [Server Component]

  #5 [Client Component Browser]:
    ./src/lib/analytics.ts [Client Component Browser]
    ./src/components/analytics/CookieConsentBanner.tsx [Client Component Browser]
    ./src/components/analytics/CookieConsentBanner.tsx [Server Component]
    ./src/app/layout.tsx [Server Component]

  #6 [Client Component SSR]:
    ./src/lib/analytics.ts [Client Component SSR]
    ./src/components/analytics/CookieConsentBanner.tsx [Client Component SSR]
    ./src/components/analytics/CookieConsentBanner.tsx [Server Component]
    ./src/app/layout.tsx [Server Component] @ http://localhost:3001/_next/static/chunks/node_modules_next_dist_0u_w_5s._.js:2097
[ 3048863ms] [ERROR] ./src/lib/analytics.ts:2:1
Export KEYS doesn't exist in target module
  1 | import Clarity from '@microsoft/clarity';
> 2 | import { EVENTS, KEYS } from './analytics-events';
    | ^^^^^^^^^^^^^^^^^^^^^^^^^^^^^^^^^^^^^^^^^^^^^^^^^^
  3 | import { getAttributionPayload } from './analytics-source';
  4 |
  5 | declare global {

The export KEYS was not found in module [project]/src/lib/analytics-events.ts [app-ssr] (ecmascript).
The module has no exports at all.
All exports of the module are statically known (It doesn't have dynamic exports). So it's known statically that the requested export doesn't exist.

Import traces:
  #1 [Client Component Browser]:
    ./src/lib/analytics.ts [Client Component Browser]
    ./src/app/error.tsx [Client Component Browser]
    ./src/app/error.tsx [Server Component]

  #2 [Client Component Browser]:
    ./src/lib/analytics.ts [Client Component Browser]
    ./src/app/not-found.tsx [Client Component Browser]
    ./src/app/not-found.tsx [Server Component]

  #3 [Client Component SSR]:
    ./src/lib/analytics.ts [Client Component SSR]
    ./src/app/error.tsx [Client Component SSR]
    ./src/app/error.tsx [Server Component]

  #4 [Client Component SSR]:
    ./src/lib/analytics.ts [Client Component SSR]
    ./src/app/not-found.tsx [Client Component SSR]
    ./src/app/not-found.tsx [Server Component]

  #5 [Client Component Browser]:
    ./src/lib/analytics.ts [Client Component Browser]
    ./src/components/analytics/CookieConsentBanner.tsx [Client Component Browser]
    ./src/components/analytics/CookieConsentBanner.tsx [Server Component]
    ./src/app/layout.tsx [Server Component]

  #6 [Client Component SSR]:
    ./src/lib/analytics.ts [Client Component SSR]
    ./src/components/analytics/CookieConsentBanner.tsx [Client Component SSR]
    ./src/components/analytics/CookieConsentBanner.tsx [Server Component]
    ./src/app/layout.tsx [Server Component] @ http://localhost:3001/_next/static/chunks/node_modules_next_dist_0u_w_5s._.js:2097
[ 3048863ms] [ERROR] ./src/app/layout.tsx:14:1
Module not found: Can't resolve '@dangelopalladino/etf-core/analytics'
  12 | import { AuthProvider } from "@/components/AuthProvider";
  13 | import PageviewTracker from "@/components/analytics/PageviewTracker";
> 14 | import { GA4Loader } from "@dangelopalladino/etf-core/analytics";
     | ^^^^^^^^^^^^^^^^^^^^^^^^^^^^^^^^^^^^^^^^^^^^^^^^^^^^^^^^^^^^^^^^^
  15 | import ClarityLoader from "@/components/analytics/ClarityLoader";
  16 | import ClarityIdentifier from "@/components/analytics/ClarityIdentifier";
  17 | import CookieConsentBanner from "@/components/analytics/CookieConsentBanner";

https://nextjs.org/docs/messages/module-not-found @ http://localhost:3001/_next/static/chunks/node_modules_next_dist_0u_w_5s._.js:2097
[ 3048864ms] [ERROR] ./src/lib/analytics-events.ts:2:1
Module not found: Can't resolve '@dangelopalladino/etf-core/analytics'
  1 | // Phase 11: analytics event catalog sourced from @dangelopalladino/etf-core.
> 2 | export * from '@dangelopalladino/etf-core/analytics';
    | ^^^^^^^^^^^^^^^^^^^^^^^^^^^^^^^^^^^^^^^^^^^^^^^^^^^^^
  3 |

Import traces:
  Client Component Browser:
    ./src/lib/analytics-events.ts [Client Component Browser]
    ./src/lib/analytics.ts [Client Component Browser]
    ./src/components/analytics/CookieConsentBanner.tsx [Client Component Browser]
    ./src/components/analytics/CookieConsentBanner.tsx [Server Component]
    ./src/app/layout.tsx [Server Component]

  Client Component SSR:
    ./src/lib/analytics-events.ts [Client Component SSR]
    ./src/lib/analytics.ts [Client Component SSR]
    ./src/components/analytics/CookieConsentBanner.tsx [Client Component SSR]
    ./src/components/analytics/CookieConsentBanner.tsx [Server Component]
    ./src/app/layout.tsx [Server Component]

https://nextjs.org/docs/messages/module-not-found @ http://localhost:3001/_next/static/chunks/node_modules_next_dist_0u_w_5s._.js:2097
[ 3048864ms] [ERROR] ./src/components/BrandProviderClient.tsx:19:1
Module not found: Can't resolve '@dangelopalladino/etf-core/brand'
  17 |  */
  18 |
> 19 | import { BrandProvider, type BrandProviderProps } from '@dangelopalladino/etf-core/brand';
     | ^^^^^^^^^^^^^^^^^^^^^^^^^^^^^^^^^^^^^^^^^^^^^^^^^^^^^^^^^^^^^^^^^^^^^^^^^^^^^^^^^^^^^^^^^^
  20 |
  21 | export default function BrandProviderClient(props: BrandProviderProps) {
  22 |   return <BrandProvider {...props} />;

Import trace:
  Server Component:
    ./src/components/BrandProviderClient.tsx
    ./src/app/layout.tsx

https://nextjs.org/docs/messages/module-not-found @ http://localhost:3001/_next/static/chunks/node_modules_next_dist_0u_w_5s._.js:2097
[ 3048864ms] [ERROR] ./src/lib/antd-theme.ts:35:1
Module not found: Can't resolve '@dangelopalladino/etf-core/tokens/6id'
  33 | export type { StatusType } from '@dangelopalladino/etf-core/tokens/6id';
  34 |
> 35 | import { themeConfig as etfCoreThemeConfig } from '@dangelopalladino/etf-core/tokens/6id';
     | ^^^^^^^^^^^^^^^^^^^^^^^^^^^^^^^^^^^^^^^^^^^^^^^^^^^^^^^^^^^^^^^^^^^^^^^^^^^^^^^^^^^^^^^^^^
  36 |
  37 | // Canonical 6i palette — v2 design system (navy + off-white + electric blue)
  38 | const CANONICAL_6I = {

Import traces:
  Client Component Browser:
    ./src/lib/antd-theme.ts [Client Component Browser]
    ./src/components/AntdProvider.tsx [Client Component Browser]
    ./src/components/AntdProvider.tsx [Server Component]
    ./src/app/layout.tsx [Server Component]

  Client Component SSR:
    ./src/lib/antd-theme.ts [Client Component SSR]
    ./src/components/AntdProvider.tsx [Client Component SSR]
    ./src/components/AntdProvider.tsx [Server Component]
    ./src/app/layout.tsx [Server Component]

https://nextjs.org/docs/messages/module-not-found @ http://localhost:3001/_next/static/chunks/node_modules_next_dist_0u_w_5s._.js:2097
[ 3048864ms] [ERROR] ./src/lib/brand-tokens.ts:5:1
Module not found: Can't resolve '@dangelopalladino/etf-core/tokens/6id'
   3 | // IDENTITY_COLORS is overridden here with v2 saturated palette; all other tokens
   4 | // forwarded from etf-core unchanged.
>  5 | export {
     | ^^^^^^^
>  6 |   BLUEPRINT_SHADOWS,
     | ^^^^^^^^^^^^^^^^^^^^
>  7 |   BORDER_TOKENS,
     | ^^^^^^^^^^^^^^^^
>  8 |   BRAND,
     | ^^^^^^^^
>  9 |   BRAND_GOLD,
     | ^^^^^^^^^^^^^
> 10 |   DARK_MODE_COLORS,
     | ^^^^^^^^^^^^^^^^^^^
> 11 |   HEADING_SCALE,
     | ^^^^^^^^^^^^^^^^
> 12 |   SCORE_COLORS,
     | ^^^^^^^^^^^^^^^
> 13 |   SHADOW_TOKENS,
     | ^^^^^^^^^^^^^^^^
> 14 |   STATUS_STYLES,
     | ^^^^^^^^^^^^^^^^
> 15 |   SURFACE_TOKENS,
     | ^^^^^^^^^^^^^^^^^
> 16 |   baseThemeConfig,
     | ^^^^^^^^^^^^^^^^^^
> 17 |   darkThemeConfig,
     | ^^^^^^^^^^^^^^^^^^
> 18 |   getScoreColor,
     | ^^^^^^^^^^^^^^^^
> 19 |   needsDarkTextOnBackground,
     | ^^^^^^^^^^^^^^^^^^^^^^^^^^^^
> 20 | } from '@dangelopalladino/etf-core/tokens/6id';
     | ^^^^^^^^^^^^^^^^^^^^^^^^^^^^^^^^^^^^^^^^^^^^^^^
  21 | export type { StatusType } from '@dangelopalladino/etf-core/tokens/6id';
  22 |
  23 | // v2 saturated identity palette — overrides etf-core pottery-glaze values.

Import traces:
  Server Component:
    ./src/lib/brand-tokens.ts
    ./src/app/opengraph-image.tsx
    ./src/app/opengraph-image--metadata.js

  Client Component Browser:
    ./src/lib/brand-tokens.ts [Client Component Browser]
    ./src/components/Characters.tsx [Client Component Browser]
    ./src/components/results/ShareCard.tsx [Client Component Browser]
    ./src/components/results/ShareCard.tsx [Server Component]
    ./src/app/results/page.tsx [Server Component]

  Client Component SSR:
    ./src/lib/brand-tokens.ts [Client Component SSR]
    ./src/components/Characters.tsx [Client Component SSR]
    ./src/components/results/ShareCard.tsx [Client Component SSR]
    ./src/components/results/ShareCard.tsx [Server Component]
    ./src/app/results/page.tsx [Server Component]

https://nextjs.org/docs/messages/module-not-found @ http://localhost:3001/_next/static/chunks/node_modules_next_dist_0u_w_5s._.js:2097
[ 3048864ms] [ERROR] ./src/components/shared/BrandCta.tsx:3:1
Module not found: Can't resolve '@dangelopalladino/etf-core/ui-client'
  1 | // Phase 11: BrandCta sourced from @dangelopalladino/etf-core.
  2 | 'use client';
> 3 | export { BrandCta as default } from '@dangelopalladino/etf-core/ui-client';
    | ^^^^^^^^^^^^^^^^^^^^^^^^^^^^^^^^^^^^^^^^^^^^^^^^^^^^^^^^^^^^^^^^^^^^^^^^^^^
  4 |

Import traces:
  Server Component:
    ./src/components/shared/BrandCta.tsx
    ./src/app/results/page.tsx

  Client Component Browser:
    ./src/components/shared/BrandCta.tsx [Client Component Browser]
    ./src/app/not-found.tsx [Client Component Browser]
    ./src/app/not-found.tsx [Server Component]

  Client Component SSR:
    ./src/components/shared/BrandCta.tsx [Client Component SSR]
    ./src/app/not-found.tsx [Client Component SSR]
    ./src/app/not-found.tsx [Server Component]

https://nextjs.org/docs/messages/module-not-found @ http://localhost:3001/_next/static/chunks/node_modules_next_dist_0u_w_5s._.js:2097
[ 3048864ms] [ERROR] ./src/components/shared/ScoreBar.tsx:3:1
Module not found: Can't resolve '@dangelopalladino/etf-core/ui-client'
  1 | // Phase 11: ScoreBar sourced from @dangelopalladino/etf-core.
  2 | 'use client';
> 3 | export { ScoreBar as default } from '@dangelopalladino/etf-core/ui-client';
    | ^^^^^^^^^^^^^^^^^^^^^^^^^^^^^^^^^^^^^^^^^^^^^^^^^^^^^^^^^^^^^^^^^^^^^^^^^^^
  4 |

Import traces:
  Client Component Browser:
    ./src/components/shared/ScoreBar.tsx [Client Component Browser]
    ./src/components/results/v2/ScoreDashboard.tsx [Client Component Browser]
    ./src/components/results/v2/ScoreDashboard.tsx [Server Component]
    ./src/app/results/page.tsx [Server Component]

  Client Component SSR:
    ./src/components/shared/ScoreBar.tsx [Client Component SSR]
    ./src/components/results/v2/ScoreDashboard.tsx [Client Component SSR]
    ./src/components/results/v2/ScoreDashboard.tsx [Server Component]
    ./src/app/results/page.tsx [Server Component]

https://nextjs.org/docs/messages/module-not-found @ http://localhost:3001/_next/static/chunks/node_modules_next_dist_0u_w_5s._.js:2097
[ 3048864ms] [ERROR] ./src/components/shared/SectionHeader.tsx:8:1
Module not found: Can't resolve '@dangelopalladino/etf-core/ui-client'
   6 |
   7 | import React from 'react';
>  8 | import { SectionHeader as CoreSectionHeader } from '@dangelopalladino/etf-core/ui-client';
     | ^^^^^^^^^^^^^^^^^^^^^^^^^^^^^^^^^^^^^^^^^^^^^^^^^^^^^^^^^^^^^^^^^^^^^^^^^^^^^^^^^^^^^^^^^^
   9 |
  10 | type CoreAlign = 'left' | 'center';
  11 |

Import traces:
  Client Component Browser:
    ./src/components/shared/SectionHeader.tsx [Client Component Browser]
    ./src/components/results/v2/PatternTypeCard.tsx [Client Component Browser]
    ./src/components/results/v2/PatternTypeCard.tsx [Server Component]
    ./src/app/results/page.tsx [Server Component]

  Client Component SSR:
    ./src/components/shared/SectionHeader.tsx [Client Component SSR]
    ./src/components/results/v2/PatternTypeCard.tsx [Client Component SSR]
    ./src/components/results/v2/PatternTypeCard.tsx [Server Component]
    ./src/app/results/page.tsx [Server Component]

https://nextjs.org/docs/messages/module-not-found @ http://localhost:3001/_next/static/chunks/node_modules_next_dist_0u_w_5s._.js:2097
[ 3048864ms] [ERROR] ./src/components/shared/StatusBadge.tsx:3:1
Module not found: Can't resolve '@dangelopalladino/etf-core/ui-client'
  1 | // Phase 11: StatusBadge sourced from @dangelopalladino/etf-core.
  2 | 'use client';
> 3 | export { StatusBadge as default } from '@dangelopalladino/etf-core/ui-client';
    | ^^^^^^^^^^^^^^^^^^^^^^^^^^^^^^^^^^^^^^^^^^^^^^^^^^^^^^^^^^^^^^^^^^^^^^^^^^^^^^
  4 |

Import traces:
  Client Component Browser:
    ./src/components/shared/StatusBadge.tsx [Client Component Browser]
    ./src/components/results/v2/CoreCodeArchetype.tsx [Client Component Browser]
    ./src/components/results/v2/CoreCodeArchetype.tsx [Server Component]
    ./src/app/results/page.tsx [Server Component]

  Client Component SSR:
    ./src/components/shared/StatusBadge.tsx [Client Component SSR]
    ./src/components/results/v2/CoreCodeArchetype.tsx [Client Component SSR]
    ./src/components/results/v2/CoreCodeArchetype.tsx [Server Component]
    ./src/app/results/page.tsx [Server Component]

https://nextjs.org/docs/messages/module-not-found @ http://localhost:3001/_next/static/chunks/node_modules_next_dist_0u_w_5s._.js:2097
[ 3048864ms] [ERROR] ./src/components/shared/SectionWrapper.tsx:2:1
Module not found: Can't resolve '@dangelopalladino/etf-core/ui-server'
  1 | // Phase 11: server-safe SectionWrapper sourced from @dangelopalladino/etf-core.
> 2 | export { SectionWrapper as default } from '@dangelopalladino/etf-core/ui-server';
    | ^^^^^^^^^^^^^^^^^^^^^^^^^^^^^^^^^^^^^^^^^^^^^^^^^^^^^^^^^^^^^^^^^^^^^^^^^^^^^^^^^
  3 |

Import traces:
  #1 [Server Component]:
    ./src/components/shared/SectionWrapper.tsx
    ./src/app/results/page.tsx

  #2 [Client Component Browser]:
    ./src/components/shared/SectionWrapper.tsx [Client Component Browser]
    ./src/components/results/v2/ComponentDeepDives.tsx [Client Component Browser]
    ./src/components/results/v2/ComponentDeepDives.tsx [Server Component]
    ./src/app/results/page.tsx [Server Component]

  #3 [Client Component Browser]:
    ./src/components/shared/SectionWrapper.tsx [Client Component Browser]
    ./src/components/results/v2/PatternTypeCard.tsx [Client Component Browser]
    ./src/components/results/v2/PatternTypeCard.tsx [Server Component]
    ./src/app/results/page.tsx [Server Component]

  #4 [Client Component SSR]:
    ./src/components/shared/SectionWrapper.tsx [Client Component SSR]
    ./src/components/results/v2/ComponentDeepDives.tsx [Client Component SSR]
    ./src/components/results/v2/ComponentDeepDives.tsx [Server Component]
    ./src/app/results/page.tsx [Server Component]

  #5 [Client Component SSR]:
    ./src/components/shared/SectionWrapper.tsx [Client Component SSR]
    ./src/components/results/v2/PatternTypeCard.tsx [Client Component SSR]
    ./src/components/results/v2/PatternTypeCard.tsx [Server Component]
    ./src/app/results/page.tsx [Server Component]

https://nextjs.org/docs/messages/module-not-found @ http://localhost:3001/_next/static/chunks/node_modules_next_dist_0u_w_5s._.js:2097
[ 3048864ms] [ERROR] ./src/components/shared/ServerTypography.tsx:6:1
Module not found: Can't resolve '@dangelopalladino/etf-core/ui-server'
   4 | // use `text-foreground` (warm charcoal). We inject `text-foreground` before any caller-su...
   5 | // className so the token wins even if callers explicitly pass `text-primary`.
>  6 | import {
     | ^^^^^^^
>  7 |   ServerHeading as _ServerHeading,
     | ^^^^^^^^^^^^^^^^^^^^^^^^^^^^^^^^^^
>  8 |   ServerText,
     | ^^^^^^^^^^^^^
>  9 |   Eyebrow as _Eyebrow,
     | ^^^^^^^^^^^^^^^^^^^^^^
> 10 | } from '@dangelopalladino/etf-core/ui-server';
     | ^^^^^^^^^^^^^^^^^^^^^^^^^^^^^^^^^^^^^^^^^^^^^^
  11 | import type { ComponentProps } from 'react';
  12 |
  13 | export function ServerHeading({ className = '', ...props }: ComponentProps<typeof _ServerH...

Import traces:
  #1 [Server Component]:
    ./src/components/shared/ServerTypography.tsx
    ./src/app/results/page.tsx

  #2 [Server Component]:
    ./src/components/shared/ServerTypography.tsx
    ./src/components/shared/NonClinicalDisclaimer.tsx
    ./src/app/results/page.tsx

  #3 [Client Component Browser]:
    ./src/components/shared/ServerTypography.tsx [Client Component Browser]
    ./src/components/status/StateBase.tsx [Client Component Browser]
    ./src/components/status/ErrorState.tsx [Client Component Browser]
    ./src/components/status/ErrorState.tsx [Server Component]
    ./src/app/results/page.tsx [Server Component]

  #4 [Client Component SSR]:
    ./src/components/shared/ServerTypography.tsx [Client Component SSR]
    ./src/components/status/StateBase.tsx [Client Component SSR]
    ./src/components/status/ErrorState.tsx [Client Component SSR]
    ./src/components/status/ErrorState.tsx [Server Component]
    ./src/app/results/page.tsx [Server Component]

https://nextjs.org/docs/messages/module-not-found @ http://localhost:3001/_next/static/chunks/node_modules_next_dist_0u_w_5s._.js:2097
[ 3048864ms] [ERROR] ./src/lib/analytics.ts:2:1
Export EVENTS doesn't exist in target module
  1 | import Clarity from '@microsoft/clarity';
> 2 | import { EVENTS, KEYS } from './analytics-events';
    | ^^^^^^^^^^^^^^^^^^^^^^^^^^^^^^^^^^^^^^^^^^^^^^^^^^
  3 | import { getAttributionPayload } from './analytics-source';
  4 |
  5 | declare global {

The export EVENTS was not found in module [project]/src/lib/analytics-events.ts [app-client] (ecmascript).
The module has no exports at all.
All exports of the module are statically known (It doesn't have dynamic exports). So it's known statically that the requested export doesn't exist.

Import traces:
  #1 [Client Component Browser]:
    ./src/lib/analytics.ts [Client Component Browser]
    ./src/app/error.tsx [Client Component Browser]
    ./src/app/error.tsx [Server Component]

  #2 [Client Component Browser]:
    ./src/lib/analytics.ts [Client Component Browser]
    ./src/app/not-found.tsx [Client Component Browser]
    ./src/app/not-found.tsx [Server Component]

  #3 [Client Component SSR]:
    ./src/lib/analytics.ts [Client Component SSR]
    ./src/app/error.tsx [Client Component SSR]
    ./src/app/error.tsx [Server Component]

  #4 [Client Component SSR]:
    ./src/lib/analytics.ts [Client Component SSR]
    ./src/app/not-found.tsx [Client Component SSR]
    ./src/app/not-found.tsx [Server Component]

  #5 [Client Component Browser]:
    ./src/lib/analytics.ts [Client Component Browser]
    ./src/components/analytics/CookieConsentBanner.tsx [Client Component Browser]
    ./src/components/analytics/CookieConsentBanner.tsx [Server Component]
    ./src/app/layout.tsx [Server Component]

  #6 [Client Component SSR]:
    ./src/lib/analytics.ts [Client Component SSR]
    ./src/components/analytics/CookieConsentBanner.tsx [Client Component SSR]
    ./src/components/analytics/CookieConsentBanner.tsx [Server Component]
    ./src/app/layout.tsx [Server Component] @ http://localhost:3001/_next/static/chunks/node_modules_next_dist_0u_w_5s._.js:2097
[ 3048864ms] [ERROR] ./src/lib/analytics.ts:2:1
Export EVENTS doesn't exist in target module
  1 | import Clarity from '@microsoft/clarity';
> 2 | import { EVENTS, KEYS } from './analytics-events';
    | ^^^^^^^^^^^^^^^^^^^^^^^^^^^^^^^^^^^^^^^^^^^^^^^^^^
  3 | import { getAttributionPayload } from './analytics-source';
  4 |
  5 | declare global {

The export EVENTS was not found in module [project]/src/lib/analytics-events.ts [app-ssr] (ecmascript).
The module has no exports at all.
All exports of the module are statically known (It doesn't have dynamic exports). So it's known statically that the requested export doesn't exist.

Import traces:
  #1 [Client Component Browser]:
    ./src/lib/analytics.ts [Client Component Browser]
    ./src/app/error.tsx [Client Component Browser]
    ./src/app/error.tsx [Server Component]

  #2 [Client Component Browser]:
    ./src/lib/analytics.ts [Client Component Browser]
    ./src/app/not-found.tsx [Client Component Browser]
    ./src/app/not-found.tsx [Server Component]

  #3 [Client Component SSR]:
    ./src/lib/analytics.ts [Client Component SSR]
    ./src/app/error.tsx [Client Component SSR]
    ./src/app/error.tsx [Server Component]

  #4 [Client Component SSR]:
    ./src/lib/analytics.ts [Client Component SSR]
    ./src/app/not-found.tsx [Client Component SSR]
    ./src/app/not-found.tsx [Server Component]

  #5 [Client Component Browser]:
    ./src/lib/analytics.ts [Client Component Browser]
    ./src/components/analytics/CookieConsentBanner.tsx [Client Component Browser]
    ./src/components/analytics/CookieConsentBanner.tsx [Server Component]
    ./src/app/layout.tsx [Server Component]

  #6 [Client Component SSR]:
    ./src/lib/analytics.ts [Client Component SSR]
    ./src/components/analytics/CookieConsentBanner.tsx [Client Component SSR]
    ./src/components/analytics/CookieConsentBanner.tsx [Server Component]
    ./src/app/layout.tsx [Server Component] @ http://localhost:3001/_next/static/chunks/node_modules_next_dist_0u_w_5s._.js:2097
[ 3048865ms] [ERROR] ./src/lib/analytics.ts:2:1
Export KEYS doesn't exist in target module
  1 | import Clarity from '@microsoft/clarity';
> 2 | import { EVENTS, KEYS } from './analytics-events';
    | ^^^^^^^^^^^^^^^^^^^^^^^^^^^^^^^^^^^^^^^^^^^^^^^^^^
  3 | import { getAttributionPayload } from './analytics-source';
  4 |
  5 | declare global {

The export KEYS was not found in module [project]/src/lib/analytics-events.ts [app-client] (ecmascript).
The module has no exports at all.
All exports of the module are statically known (It doesn't have dynamic exports). So it's known statically that the requested export doesn't exist.

Import traces:
  #1 [Client Component Browser]:
    ./src/lib/analytics.ts [Client Component Browser]
    ./src/app/error.tsx [Client Component Browser]
    ./src/app/error.tsx [Server Component]

  #2 [Client Component Browser]:
    ./src/lib/analytics.ts [Client Component Browser]
    ./src/app/not-found.tsx [Client Component Browser]
    ./src/app/not-found.tsx [Server Component]

  #3 [Client Component SSR]:
    ./src/lib/analytics.ts [Client Component SSR]
    ./src/app/error.tsx [Client Component SSR]
    ./src/app/error.tsx [Server Component]

  #4 [Client Component SSR]:
    ./src/lib/analytics.ts [Client Component SSR]
    ./src/app/not-found.tsx [Client Component SSR]
    ./src/app/not-found.tsx [Server Component]

  #5 [Client Component Browser]:
    ./src/lib/analytics.ts [Client Component Browser]
    ./src/components/analytics/CookieConsentBanner.tsx [Client Component Browser]
    ./src/components/analytics/CookieConsentBanner.tsx [Server Component]
    ./src/app/layout.tsx [Server Component]

  #6 [Client Component SSR]:
    ./src/lib/analytics.ts [Client Component SSR]
    ./src/components/analytics/CookieConsentBanner.tsx [Client Component SSR]
    ./src/components/analytics/CookieConsentBanner.tsx [Server Component]
    ./src/app/layout.tsx [Server Component] @ http://localhost:3001/_next/static/chunks/node_modules_next_dist_0u_w_5s._.js:2097
[ 3048865ms] [ERROR] ./src/lib/analytics.ts:2:1
Export KEYS doesn't exist in target module
  1 | import Clarity from '@microsoft/clarity';
> 2 | import { EVENTS, KEYS } from './analytics-events';
    | ^^^^^^^^^^^^^^^^^^^^^^^^^^^^^^^^^^^^^^^^^^^^^^^^^^
  3 | import { getAttributionPayload } from './analytics-source';
  4 |
  5 | declare global {

The export KEYS was not found in module [project]/src/lib/analytics-events.ts [app-ssr] (ecmascript).
The module has no exports at all.
All exports of the module are statically known (It doesn't have dynamic exports). So it's known statically that the requested export doesn't exist.

Import traces:
  #1 [Client Component Browser]:
    ./src/lib/analytics.ts [Client Component Browser]
    ./src/app/error.tsx [Client Component Browser]
    ./src/app/error.tsx [Server Component]

  #2 [Client Component Browser]:
    ./src/lib/analytics.ts [Client Component Browser]
    ./src/app/not-found.tsx [Client Component Browser]
    ./src/app/not-found.tsx [Server Component]

  #3 [Client Component SSR]:
    ./src/lib/analytics.ts [Client Component SSR]
    ./src/app/error.tsx [Client Component SSR]
    ./src/app/error.tsx [Server Component]

  #4 [Client Component SSR]:
    ./src/lib/analytics.ts [Client Component SSR]
    ./src/app/not-found.tsx [Client Component SSR]
    ./src/app/not-found.tsx [Server Component]

  #5 [Client Component Browser]:
    ./src/lib/analytics.ts [Client Component Browser]
    ./src/components/analytics/CookieConsentBanner.tsx [Client Component Browser]
    ./src/components/analytics/CookieConsentBanner.tsx [Server Component]
    ./src/app/layout.tsx [Server Component]

  #6 [Client Component SSR]:
    ./src/lib/analytics.ts [Client Component SSR]
    ./src/components/analytics/CookieConsentBanner.tsx [Client Component SSR]
    ./src/components/analytics/CookieConsentBanner.tsx [Server Component]
    ./src/app/layout.tsx [Server Component] @ http://localhost:3001/_next/static/chunks/node_modules_next_dist_0u_w_5s._.js:2097
[ 3048865ms] [ERROR] ./src/app/layout.tsx:14:1
Module not found: Can't resolve '@dangelopalladino/etf-core/analytics'
  12 | import { AuthProvider } from "@/components/AuthProvider";
  13 | import PageviewTracker from "@/components/analytics/PageviewTracker";
> 14 | import { GA4Loader } from "@dangelopalladino/etf-core/analytics";
     | ^^^^^^^^^^^^^^^^^^^^^^^^^^^^^^^^^^^^^^^^^^^^^^^^^^^^^^^^^^^^^^^^^
  15 | import ClarityLoader from "@/components/analytics/ClarityLoader";
  16 | import ClarityIdentifier from "@/components/analytics/ClarityIdentifier";
  17 | import CookieConsentBanner from "@/components/analytics/CookieConsentBanner";

https://nextjs.org/docs/messages/module-not-found @ http://localhost:3001/_next/static/chunks/node_modules_next_dist_0u_w_5s._.js:2097
[ 3048865ms] [ERROR] ./src/lib/analytics-events.ts:2:1
Module not found: Can't resolve '@dangelopalladino/etf-core/analytics'
  1 | // Phase 11: analytics event catalog sourced from @dangelopalladino/etf-core.
> 2 | export * from '@dangelopalladino/etf-core/analytics';
    | ^^^^^^^^^^^^^^^^^^^^^^^^^^^^^^^^^^^^^^^^^^^^^^^^^^^^^
  3 |

Import traces:
  Client Component Browser:
    ./src/lib/analytics-events.ts [Client Component Browser]
    ./src/lib/analytics.ts [Client Component Browser]
    ./src/components/analytics/CookieConsentBanner.tsx [Client Component Browser]
    ./src/components/analytics/CookieConsentBanner.tsx [Server Component]
    ./src/app/layout.tsx [Server Component]

  Client Component SSR:
    ./src/lib/analytics-events.ts [Client Component SSR]
    ./src/lib/analytics.ts [Client Component SSR]
    ./src/components/analytics/CookieConsentBanner.tsx [Client Component SSR]
    ./src/components/analytics/CookieConsentBanner.tsx [Server Component]
    ./src/app/layout.tsx [Server Component]

https://nextjs.org/docs/messages/module-not-found @ http://localhost:3001/_next/static/chunks/node_modules_next_dist_0u_w_5s._.js:2097
[ 3048865ms] [ERROR] ./src/components/BrandProviderClient.tsx:19:1
Module not found: Can't resolve '@dangelopalladino/etf-core/brand'
  17 |  */
  18 |
> 19 | import { BrandProvider, type BrandProviderProps } from '@dangelopalladino/etf-core/brand';
     | ^^^^^^^^^^^^^^^^^^^^^^^^^^^^^^^^^^^^^^^^^^^^^^^^^^^^^^^^^^^^^^^^^^^^^^^^^^^^^^^^^^^^^^^^^^
  20 |
  21 | export default function BrandProviderClient(props: BrandProviderProps) {
  22 |   return <BrandProvider {...props} />;

Import trace:
  Server Component:
    ./src/components/BrandProviderClient.tsx
    ./src/app/layout.tsx

https://nextjs.org/docs/messages/module-not-found @ http://localhost:3001/_next/static/chunks/node_modules_next_dist_0u_w_5s._.js:2097
[ 3048865ms] [ERROR] ./src/components/seo/BreadcrumbJsonLd.tsx:2:1
Module not found: Can't resolve '@dangelopalladino/etf-core/seo'
  1 | ...React from 'react';
> 2 | ...{ BreadcrumbJsonLd as Base, type BreadcrumbJsonLdProps } from '@dangelopalladino/etf-cor...
    |    ^^^^^^^^^^^^^^^^^^^^^^^^^^^^^^^^^^^^^^^^^^^^^^^^^^^^^^^^^^^^^^^^^^^^^^^^^^^^^^^^^^^^^^^^^^^
  3 | ...
  4 | ...ITE_URL = process.env.NEXT_PUBLIC_SITE_URL || 'https://www.6identities.com';
  5 | ...

Import trace:
  Server Component:
    ./src/components/seo/BreadcrumbJsonLd.tsx
    ./src/app/professionals/page.tsx

https://nextjs.org/docs/messages/module-not-found @ http://localhost:3001/_next/static/chunks/node_modules_next_dist_0u_w_5s._.js:2097
[ 3048865ms] [ERROR] ./src/lib/antd-theme.ts:35:1
Module not found: Can't resolve '@dangelopalladino/etf-core/tokens/6id'
  33 | export type { StatusType } from '@dangelopalladino/etf-core/tokens/6id';
  34 |
> 35 | import { themeConfig as etfCoreThemeConfig } from '@dangelopalladino/etf-core/tokens/6id';
     | ^^^^^^^^^^^^^^^^^^^^^^^^^^^^^^^^^^^^^^^^^^^^^^^^^^^^^^^^^^^^^^^^^^^^^^^^^^^^^^^^^^^^^^^^^^
  36 |
  37 | // Canonical 6i palette — v2 design system (navy + off-white + electric blue)
  38 | const CANONICAL_6I = {

Import traces:
  Client Component Browser:
    ./src/lib/antd-theme.ts [Client Component Browser]
    ./src/components/AntdProvider.tsx [Client Component Browser]
    ./src/components/AntdProvider.tsx [Server Component]
    ./src/app/layout.tsx [Server Component]

  Client Component SSR:
    ./src/lib/antd-theme.ts [Client Component SSR]
    ./src/components/AntdProvider.tsx [Client Component SSR]
    ./src/components/AntdProvider.tsx [Server Component]
    ./src/app/layout.tsx [Server Component]

https://nextjs.org/docs/messages/module-not-found @ http://localhost:3001/_next/static/chunks/node_modules_next_dist_0u_w_5s._.js:2097
[ 3048865ms] [ERROR] ./src/lib/brand-tokens.ts:5:1
Module not found: Can't resolve '@dangelopalladino/etf-core/tokens/6id'
   3 | // IDENTITY_COLORS is overridden here with v2 saturated palette; all other tokens
   4 | // forwarded from etf-core unchanged.
>  5 | export {
     | ^^^^^^^
>  6 |   BLUEPRINT_SHADOWS,
     | ^^^^^^^^^^^^^^^^^^^^
>  7 |   BORDER_TOKENS,
     | ^^^^^^^^^^^^^^^^
>  8 |   BRAND,
     | ^^^^^^^^
>  9 |   BRAND_GOLD,
     | ^^^^^^^^^^^^^
> 10 |   DARK_MODE_COLORS,
     | ^^^^^^^^^^^^^^^^^^^
> 11 |   HEADING_SCALE,
     | ^^^^^^^^^^^^^^^^
> 12 |   SCORE_COLORS,
     | ^^^^^^^^^^^^^^^
> 13 |   SHADOW_TOKENS,
     | ^^^^^^^^^^^^^^^^
> 14 |   STATUS_STYLES,
     | ^^^^^^^^^^^^^^^^
> 15 |   SURFACE_TOKENS,
     | ^^^^^^^^^^^^^^^^^
> 16 |   baseThemeConfig,
     | ^^^^^^^^^^^^^^^^^^
> 17 |   darkThemeConfig,
     | ^^^^^^^^^^^^^^^^^^
> 18 |   getScoreColor,
     | ^^^^^^^^^^^^^^^^
> 19 |   needsDarkTextOnBackground,
     | ^^^^^^^^^^^^^^^^^^^^^^^^^^^^
> 20 | } from '@dangelopalladino/etf-core/tokens/6id';
     | ^^^^^^^^^^^^^^^^^^^^^^^^^^^^^^^^^^^^^^^^^^^^^^^
  21 | export type { StatusType } from '@dangelopalladino/etf-core/tokens/6id';
  22 |
  23 | // v2 saturated identity palette — overrides etf-core pottery-glaze values.

Import trace:
  Server Component:
    ./src/lib/brand-tokens.ts
    ./src/app/opengraph-image.tsx
    ./src/app/opengraph-image--metadata.js

https://nextjs.org/docs/messages/module-not-found @ http://localhost:3001/_next/static/chunks/node_modules_next_dist_0u_w_5s._.js:2097
[ 3048865ms] [ERROR] ./src/components/shared/BrandCta.tsx:3:1
Module not found: Can't resolve '@dangelopalladino/etf-core/ui-client'
  1 | // Phase 11: BrandCta sourced from @dangelopalladino/etf-core.
  2 | 'use client';
> 3 | export { BrandCta as default } from '@dangelopalladino/etf-core/ui-client';
    | ^^^^^^^^^^^^^^^^^^^^^^^^^^^^^^^^^^^^^^^^^^^^^^^^^^^^^^^^^^^^^^^^^^^^^^^^^^^
  4 |

Import traces:
  Server Component:
    ./src/components/shared/BrandCta.tsx
    ./src/app/professionals/page.tsx

  Client Component Browser:
    ./src/components/shared/BrandCta.tsx [Client Component Browser]
    ./src/app/not-found.tsx [Client Component Browser]
    ./src/app/not-found.tsx [Server Component]

  Client Component SSR:
    ./src/components/shared/BrandCta.tsx [Client Component SSR]
    ./src/app/not-found.tsx [Client Component SSR]
    ./src/app/not-found.tsx [Server Component]

https://nextjs.org/docs/messages/module-not-found @ http://localhost:3001/_next/static/chunks/node_modules_next_dist_0u_w_5s._.js:2097
[ 3048865ms] [ERROR] ./src/components/shared/CtaSection.tsx:3:1
Module not found: Can't resolve '@dangelopalladino/etf-core/ui-client'
  1 | // Phase 11: CtaSection sourced from @dangelopalladino/etf-core.
  2 | 'use client';
> 3 | export { CtaSection as default } from '@dangelopalladino/etf-core/ui-client';
    | ^^^^^^^^^^^^^^^^^^^^^^^^^^^^^^^^^^^^^^^^^^^^^^^^^^^^^^^^^^^^^^^^^^^^^^^^^^^^^
  4 |

Import trace:
  Server Component:
    ./src/components/shared/CtaSection.tsx
    ./src/app/professionals/page.tsx

https://nextjs.org/docs/messages/module-not-found @ http://localhost:3001/_next/static/chunks/node_modules_next_dist_0u_w_5s._.js:2097
[ 3048865ms] [ERROR] ./src/components/shared/SectionHeader.tsx:8:1
Module not found: Can't resolve '@dangelopalladino/etf-core/ui-client'
   6 |
   7 | import React from 'react';
>  8 | import { SectionHeader as CoreSectionHeader } from '@dangelopalladino/etf-core/ui-client';
     | ^^^^^^^^^^^^^^^^^^^^^^^^^^^^^^^^^^^^^^^^^^^^^^^^^^^^^^^^^^^^^^^^^^^^^^^^^^^^^^^^^^^^^^^^^^
   9 |
  10 | type CoreAlign = 'left' | 'center';
  11 |

Import trace:
  Server Component:
    ./src/components/shared/SectionHeader.tsx
    ./src/app/professionals/page.tsx

https://nextjs.org/docs/messages/module-not-found @ http://localhost:3001/_next/static/chunks/node_modules_next_dist_0u_w_5s._.js:2097
[ 3048865ms] [ERROR] ./src/components/shared/SectionWrapper.tsx:2:1
Module not found: Can't resolve '@dangelopalladino/etf-core/ui-server'
  1 | // Phase 11: server-safe SectionWrapper sourced from @dangelopalladino/etf-core.
> 2 | export { SectionWrapper as default } from '@dangelopalladino/etf-core/ui-server';
    | ^^^^^^^^^^^^^^^^^^^^^^^^^^^^^^^^^^^^^^^^^^^^^^^^^^^^^^^^^^^^^^^^^^^^^^^^^^^^^^^^^
  3 |

Import trace:
  Server Component:
    ./src/components/shared/SectionWrapper.tsx
    ./src/app/professionals/page.tsx

https://nextjs.org/docs/messages/module-not-found @ http://localhost:3001/_next/static/chunks/node_modules_next_dist_0u_w_5s._.js:2097
[ 3048865ms] [ERROR] ./src/components/shared/ServerTypography.tsx:6:1
Module not found: Can't resolve '@dangelopalladino/etf-core/ui-server'
   4 | // use `text-foreground` (warm charcoal). We inject `text-foreground` before any caller-su...
   5 | // className so the token wins even if callers explicitly pass `text-primary`.
>  6 | import {
     | ^^^^^^^
>  7 |   ServerHeading as _ServerHeading,
     | ^^^^^^^^^^^^^^^^^^^^^^^^^^^^^^^^^^
>  8 |   ServerText,
     | ^^^^^^^^^^^^^
>  9 |   Eyebrow as _Eyebrow,
     | ^^^^^^^^^^^^^^^^^^^^^^
> 10 | } from '@dangelopalladino/etf-core/ui-server';
     | ^^^^^^^^^^^^^^^^^^^^^^^^^^^^^^^^^^^^^^^^^^^^^^
  11 | import type { ComponentProps } from 'react';
  12 |
  13 | export function ServerHeading({ className = '', ...props }: ComponentProps<typeof _ServerH...

Import traces:
  Server Component:
    ./src/components/shared/ServerTypography.tsx
    ./src/app/professionals/page.tsx

  Client Component Browser:
    ./src/components/shared/ServerTypography.tsx [Client Component Browser]
    ./src/components/shared/PageHero.tsx [Client Component Browser]
    ./src/components/shared/PageHero.tsx [Server Component]
    ./src/app/professionals/page.tsx [Server Component]

  Client Component SSR:
    ./src/components/shared/ServerTypography.tsx [Client Component SSR]
    ./src/components/shared/PageHero.tsx [Client Component SSR]
    ./src/components/shared/PageHero.tsx [Server Component]
    ./src/app/professionals/page.tsx [Server Component]

https://nextjs.org/docs/messages/module-not-found @ http://localhost:3001/_next/static/chunks/node_modules_next_dist_0u_w_5s._.js:2097
[ 3048865ms] [ERROR] ./src/lib/analytics.ts:2:1
Export EVENTS doesn't exist in target module
  1 | import Clarity from '@microsoft/clarity';
> 2 | import { EVENTS, KEYS } from './analytics-events';
    | ^^^^^^^^^^^^^^^^^^^^^^^^^^^^^^^^^^^^^^^^^^^^^^^^^^
  3 | import { getAttributionPayload } from './analytics-source';
  4 |
  5 | declare global {

The export EVENTS was not found in module [project]/src/lib/analytics-events.ts [app-client] (ecmascript).
The module has no exports at all.
All exports of the module are statically known (It doesn't have dynamic exports). So it's known statically that the requested export doesn't exist.

Import traces:
  #1 [Client Component Browser]:
    ./src/lib/analytics.ts [Client Component Browser]
    ./src/app/error.tsx [Client Component Browser]
    ./src/app/error.tsx [Server Component]

  #2 [Client Component Browser]:
    ./src/lib/analytics.ts [Client Component Browser]
    ./src/app/not-found.tsx [Client Component Browser]
    ./src/app/not-found.tsx [Server Component]

  #3 [Client Component SSR]:
    ./src/lib/analytics.ts [Client Component SSR]
    ./src/app/error.tsx [Client Component SSR]
    ./src/app/error.tsx [Server Component]

  #4 [Client Component SSR]:
    ./src/lib/analytics.ts [Client Component SSR]
    ./src/app/not-found.tsx [Client Component SSR]
    ./src/app/not-found.tsx [Server Component]

  #5 [Client Component Browser]:
    ./src/lib/analytics.ts [Client Component Browser]
    ./src/components/analytics/CookieConsentBanner.tsx [Client Component Browser]
    ./src/components/analytics/CookieConsentBanner.tsx [Server Component]
    ./src/app/layout.tsx [Server Component]

  #6 [Client Component SSR]:
    ./src/lib/analytics.ts [Client Component SSR]
    ./src/components/analytics/CookieConsentBanner.tsx [Client Component SSR]
    ./src/components/analytics/CookieConsentBanner.tsx [Server Component]
    ./src/app/layout.tsx [Server Component] @ http://localhost:3001/_next/static/chunks/node_modules_next_dist_0u_w_5s._.js:2097
[ 3048866ms] [ERROR] ./src/lib/analytics.ts:2:1
Export EVENTS doesn't exist in target module
  1 | import Clarity from '@microsoft/clarity';
> 2 | import { EVENTS, KEYS } from './analytics-events';
    | ^^^^^^^^^^^^^^^^^^^^^^^^^^^^^^^^^^^^^^^^^^^^^^^^^^
  3 | import { getAttributionPayload } from './analytics-source';
  4 |
  5 | declare global {

The export EVENTS was not found in module [project]/src/lib/analytics-events.ts [app-ssr] (ecmascript).
The module has no exports at all.
All exports of the module are statically known (It doesn't have dynamic exports). So it's known statically that the requested export doesn't exist.

Import traces:
  #1 [Client Component Browser]:
    ./src/lib/analytics.ts [Client Component Browser]
    ./src/app/error.tsx [Client Component Browser]
    ./src/app/error.tsx [Server Component]

  #2 [Client Component Browser]:
    ./src/lib/analytics.ts [Client Component Browser]
    ./src/app/not-found.tsx [Client Component Browser]
    ./src/app/not-found.tsx [Server Component]

  #3 [Client Component SSR]:
    ./src/lib/analytics.ts [Client Component SSR]
    ./src/app/error.tsx [Client Component SSR]
    ./src/app/error.tsx [Server Component]

  #4 [Client Component SSR]:
    ./src/lib/analytics.ts [Client Component SSR]
    ./src/app/not-found.tsx [Client Component SSR]
    ./src/app/not-found.tsx [Server Component]

  #5 [Client Component Browser]:
    ./src/lib/analytics.ts [Client Component Browser]
    ./src/components/analytics/CookieConsentBanner.tsx [Client Component Browser]
    ./src/components/analytics/CookieConsentBanner.tsx [Server Component]
    ./src/app/layout.tsx [Server Component]

  #6 [Client Component SSR]:
    ./src/lib/analytics.ts [Client Component SSR]
    ./src/components/analytics/CookieConsentBanner.tsx [Client Component SSR]
    ./src/components/analytics/CookieConsentBanner.tsx [Server Component]
    ./src/app/layout.tsx [Server Component] @ http://localhost:3001/_next/static/chunks/node_modules_next_dist_0u_w_5s._.js:2097
[ 3048866ms] [ERROR] ./src/lib/analytics.ts:2:1
Export KEYS doesn't exist in target module
  1 | import Clarity from '@microsoft/clarity';
> 2 | import { EVENTS, KEYS } from './analytics-events';
    | ^^^^^^^^^^^^^^^^^^^^^^^^^^^^^^^^^^^^^^^^^^^^^^^^^^
  3 | import { getAttributionPayload } from './analytics-source';
  4 |
  5 | declare global {

The export KEYS was not found in module [project]/src/lib/analytics-events.ts [app-client] (ecmascript).
The module has no exports at all.
All exports of the module are statically known (It doesn't have dynamic exports). So it's known statically that the requested export doesn't exist.

Import traces:
  #1 [Client Component Browser]:
    ./src/lib/analytics.ts [Client Component Browser]
    ./src/app/error.tsx [Client Component Browser]
    ./src/app/error.tsx [Server Component]

  #2 [Client Component Browser]:
    ./src/lib/analytics.ts [Client Component Browser]
    ./src/app/not-found.tsx [Client Component Browser]
    ./src/app/not-found.tsx [Server Component]

  #3 [Client Component SSR]:
    ./src/lib/analytics.ts [Client Component SSR]
    ./src/app/error.tsx [Client Component SSR]
    ./src/app/error.tsx [Server Component]

  #4 [Client Component SSR]:
    ./src/lib/analytics.ts [Client Component SSR]
    ./src/app/not-found.tsx [Client Component SSR]
    ./src/app/not-found.tsx [Server Component]

  #5 [Client Component Browser]:
    ./src/lib/analytics.ts [Client Component Browser]
    ./src/components/analytics/CookieConsentBanner.tsx [Client Component Browser]
    ./src/components/analytics/CookieConsentBanner.tsx [Server Component]
    ./src/app/layout.tsx [Server Component]

  #6 [Client Component SSR]:
    ./src/lib/analytics.ts [Client Component SSR]
    ./src/components/analytics/CookieConsentBanner.tsx [Client Component SSR]
    ./src/components/analytics/CookieConsentBanner.tsx [Server Component]
    ./src/app/layout.tsx [Server Component] @ http://localhost:3001/_next/static/chunks/node_modules_next_dist_0u_w_5s._.js:2097
[ 3048866ms] [ERROR] ./src/lib/analytics.ts:2:1
Export KEYS doesn't exist in target module
  1 | import Clarity from '@microsoft/clarity';
> 2 | import { EVENTS, KEYS } from './analytics-events';
    | ^^^^^^^^^^^^^^^^^^^^^^^^^^^^^^^^^^^^^^^^^^^^^^^^^^
  3 | import { getAttributionPayload } from './analytics-source';
  4 |
  5 | declare global {

The export KEYS was not found in module [project]/src/lib/analytics-events.ts [app-ssr] (ecmascript).
The module has no exports at all.
All exports of the module are statically known (It doesn't have dynamic exports). So it's known statically that the requested export doesn't exist.

Import traces:
  #1 [Client Component Browser]:
    ./src/lib/analytics.ts [Client Component Browser]
    ./src/app/error.tsx [Client Component Browser]
    ./src/app/error.tsx [Server Component]

  #2 [Client Component Browser]:
    ./src/lib/analytics.ts [Client Component Browser]
    ./src/app/not-found.tsx [Client Component Browser]
    ./src/app/not-found.tsx [Server Component]

  #3 [Client Component SSR]:
    ./src/lib/analytics.ts [Client Component SSR]
    ./src/app/error.tsx [Client Component SSR]
    ./src/app/error.tsx [Server Component]

  #4 [Client Component SSR]:
    ./src/lib/analytics.ts [Client Component SSR]
    ./src/app/not-found.tsx [Client Component SSR]
    ./src/app/not-found.tsx [Server Component]

  #5 [Client Component Browser]:
    ./src/lib/analytics.ts [Client Component Browser]
    ./src/components/analytics/CookieConsentBanner.tsx [Client Component Browser]
    ./src/components/analytics/CookieConsentBanner.tsx [Server Component]
    ./src/app/layout.tsx [Server Component]

  #6 [Client Component SSR]:
    ./src/lib/analytics.ts [Client Component SSR]
    ./src/components/analytics/CookieConsentBanner.tsx [Client Component SSR]
    ./src/components/analytics/CookieConsentBanner.tsx [Server Component]
    ./src/app/layout.tsx [Server Component] @ http://localhost:3001/_next/static/chunks/node_modules_next_dist_0u_w_5s._.js:2097
[ 3048866ms] [ERROR] ./src/app/layout.tsx:14:1
Module not found: Can't resolve '@dangelopalladino/etf-core/analytics'
  12 | import { AuthProvider } from "@/components/AuthProvider";
  13 | import PageviewTracker from "@/components/analytics/PageviewTracker";
> 14 | import { GA4Loader } from "@dangelopalladino/etf-core/analytics";
     | ^^^^^^^^^^^^^^^^^^^^^^^^^^^^^^^^^^^^^^^^^^^^^^^^^^^^^^^^^^^^^^^^^
  15 | import ClarityLoader from "@/components/analytics/ClarityLoader";
  16 | import ClarityIdentifier from "@/components/analytics/ClarityIdentifier";
  17 | import CookieConsentBanner from "@/components/analytics/CookieConsentBanner";

https://nextjs.org/docs/messages/module-not-found @ http://localhost:3001/_next/static/chunks/node_modules_next_dist_0u_w_5s._.js:2097
[ 3048866ms] [ERROR] ./src/lib/analytics-events.ts:2:1
Module not found: Can't resolve '@dangelopalladino/etf-core/analytics'
  1 | // Phase 11: analytics event catalog sourced from @dangelopalladino/etf-core.
> 2 | export * from '@dangelopalladino/etf-core/analytics';
    | ^^^^^^^^^^^^^^^^^^^^^^^^^^^^^^^^^^^^^^^^^^^^^^^^^^^^^
  3 |

Import traces:
  Client Component Browser:
    ./src/lib/analytics-events.ts [Client Component Browser]
    ./src/lib/analytics.ts [Client Component Browser]
    ./src/components/analytics/CookieConsentBanner.tsx [Client Component Browser]
    ./src/components/analytics/CookieConsentBanner.tsx [Server Component]
    ./src/app/layout.tsx [Server Component]

  Client Component SSR:
    ./src/lib/analytics-events.ts [Client Component SSR]
    ./src/lib/analytics.ts [Client Component SSR]
    ./src/components/analytics/CookieConsentBanner.tsx [Client Component SSR]
    ./src/components/analytics/CookieConsentBanner.tsx [Server Component]
    ./src/app/layout.tsx [Server Component]

https://nextjs.org/docs/messages/module-not-found @ http://localhost:3001/_next/static/chunks/node_modules_next_dist_0u_w_5s._.js:2097
[ 3048866ms] [ERROR] ./src/components/BrandProviderClient.tsx:19:1
Module not found: Can't resolve '@dangelopalladino/etf-core/brand'
  17 |  */
  18 |
> 19 | import { BrandProvider, type BrandProviderProps } from '@dangelopalladino/etf-core/brand';
     | ^^^^^^^^^^^^^^^^^^^^^^^^^^^^^^^^^^^^^^^^^^^^^^^^^^^^^^^^^^^^^^^^^^^^^^^^^^^^^^^^^^^^^^^^^^
  20 |
  21 | export default function BrandProviderClient(props: BrandProviderProps) {
  22 |   return <BrandProvider {...props} />;

Import trace:
  Server Component:
    ./src/components/BrandProviderClient.tsx
    ./src/app/layout.tsx

https://nextjs.org/docs/messages/module-not-found @ http://localhost:3001/_next/static/chunks/node_modules_next_dist_0u_w_5s._.js:2097
[ 3048866ms] [ERROR] ./src/components/seo/BreadcrumbJsonLd.tsx:2:1
Module not found: Can't resolve '@dangelopalladino/etf-core/seo'
  1 | ...React from 'react';
> 2 | ...{ BreadcrumbJsonLd as Base, type BreadcrumbJsonLdProps } from '@dangelopalladino/etf-cor...
    |    ^^^^^^^^^^^^^^^^^^^^^^^^^^^^^^^^^^^^^^^^^^^^^^^^^^^^^^^^^^^^^^^^^^^^^^^^^^^^^^^^^^^^^^^^^^^
  3 | ...
  4 | ...ITE_URL = process.env.NEXT_PUBLIC_SITE_URL || 'https://www.6identities.com';
  5 | ...

Import trace:
  Server Component:
    ./src/components/seo/BreadcrumbJsonLd.tsx
    ./src/app/(pain-search)/[slug]/page.tsx

https://nextjs.org/docs/messages/module-not-found @ http://localhost:3001/_next/static/chunks/node_modules_next_dist_0u_w_5s._.js:2097
[ 3048866ms] [ERROR] ./src/lib/antd-theme.ts:35:1
Module not found: Can't resolve '@dangelopalladino/etf-core/tokens/6id'
  33 | export type { StatusType } from '@dangelopalladino/etf-core/tokens/6id';
  34 |
> 35 | import { themeConfig as etfCoreThemeConfig } from '@dangelopalladino/etf-core/tokens/6id';
     | ^^^^^^^^^^^^^^^^^^^^^^^^^^^^^^^^^^^^^^^^^^^^^^^^^^^^^^^^^^^^^^^^^^^^^^^^^^^^^^^^^^^^^^^^^^
  36 |
  37 | // Canonical 6i palette — v2 design system (navy + off-white + electric blue)
  38 | const CANONICAL_6I = {

Import traces:
  Client Component Browser:
    ./src/lib/antd-theme.ts [Client Component Browser]
    ./src/components/AntdProvider.tsx [Client Component Browser]
    ./src/components/AntdProvider.tsx [Server Component]
    ./src/app/layout.tsx [Server Component]

  Client Component SSR:
    ./src/lib/antd-theme.ts [Client Component SSR]
    ./src/components/AntdProvider.tsx [Client Component SSR]
    ./src/components/AntdProvider.tsx [Server Component]
    ./src/app/layout.tsx [Server Component]

https://nextjs.org/docs/messages/module-not-found @ http://localhost:3001/_next/static/chunks/node_modules_next_dist_0u_w_5s._.js:2097
[ 3048866ms] [ERROR] ./src/lib/brand-tokens.ts:5:1
Module not found: Can't resolve '@dangelopalladino/etf-core/tokens/6id'
   3 | // IDENTITY_COLORS is overridden here with v2 saturated palette; all other tokens
   4 | // forwarded from etf-core unchanged.
>  5 | export {
     | ^^^^^^^
>  6 |   BLUEPRINT_SHADOWS,
     | ^^^^^^^^^^^^^^^^^^^^
>  7 |   BORDER_TOKENS,
     | ^^^^^^^^^^^^^^^^
>  8 |   BRAND,
     | ^^^^^^^^
>  9 |   BRAND_GOLD,
     | ^^^^^^^^^^^^^
> 10 |   DARK_MODE_COLORS,
     | ^^^^^^^^^^^^^^^^^^^
> 11 |   HEADING_SCALE,
     | ^^^^^^^^^^^^^^^^
> 12 |   SCORE_COLORS,
     | ^^^^^^^^^^^^^^^
> 13 |   SHADOW_TOKENS,
     | ^^^^^^^^^^^^^^^^
> 14 |   STATUS_STYLES,
     | ^^^^^^^^^^^^^^^^
> 15 |   SURFACE_TOKENS,
     | ^^^^^^^^^^^^^^^^^
> 16 |   baseThemeConfig,
     | ^^^^^^^^^^^^^^^^^^
> 17 |   darkThemeConfig,
     | ^^^^^^^^^^^^^^^^^^
> 18 |   getScoreColor,
     | ^^^^^^^^^^^^^^^^
> 19 |   needsDarkTextOnBackground,
     | ^^^^^^^^^^^^^^^^^^^^^^^^^^^^
> 20 | } from '@dangelopalladino/etf-core/tokens/6id';
     | ^^^^^^^^^^^^^^^^^^^^^^^^^^^^^^^^^^^^^^^^^^^^^^^
  21 | export type { StatusType } from '@dangelopalladino/etf-core/tokens/6id';
  22 |
  23 | // v2 saturated identity palette — overrides etf-core pottery-glaze values.

Import trace:
  Server Component:
    ./src/lib/brand-tokens.ts
    ./src/app/opengraph-image.tsx
    ./src/app/opengraph-image--metadata.js

https://nextjs.org/docs/messages/module-not-found @ http://localhost:3001/_next/static/chunks/node_modules_next_dist_0u_w_5s._.js:2097
[ 3048866ms] [ERROR] ./src/components/shared/BrandCta.tsx:3:1
Module not found: Can't resolve '@dangelopalladino/etf-core/ui-client'
  1 | // Phase 11: BrandCta sourced from @dangelopalladino/etf-core.
  2 | 'use client';
> 3 | export { BrandCta as default } from '@dangelopalladino/etf-core/ui-client';
    | ^^^^^^^^^^^^^^^^^^^^^^^^^^^^^^^^^^^^^^^^^^^^^^^^^^^^^^^^^^^^^^^^^^^^^^^^^^^
  4 |

Import traces:
  Client Component Browser:
    ./src/components/shared/BrandCta.tsx [Client Component Browser]
    ./src/app/not-found.tsx [Client Component Browser]
    ./src/app/not-found.tsx [Server Component]

  Client Component SSR:
    ./src/components/shared/BrandCta.tsx [Client Component SSR]
    ./src/app/not-found.tsx [Client Component SSR]
    ./src/app/not-found.tsx [Server Component]

  Server Component:
    ./src/components/shared/BrandCta.tsx
    ./src/components/pain-search/DynamicPainSearchPage.tsx
    ./src/app/(pain-search)/[slug]/page.tsx

https://nextjs.org/docs/messages/module-not-found @ http://localhost:3001/_next/static/chunks/node_modules_next_dist_0u_w_5s._.js:2097
[ 3048866ms] [ERROR] ./src/components/shared/SectionWrapper.tsx:2:1
Module not found: Can't resolve '@dangelopalladino/etf-core/ui-server'
  1 | // Phase 11: server-safe SectionWrapper sourced from @dangelopalladino/etf-core.
> 2 | export { SectionWrapper as default } from '@dangelopalladino/etf-core/ui-server';
    | ^^^^^^^^^^^^^^^^^^^^^^^^^^^^^^^^^^^^^^^^^^^^^^^^^^^^^^^^^^^^^^^^^^^^^^^^^^^^^^^^^
  3 |

Import trace:
  Server Component:
    ./src/components/shared/SectionWrapper.tsx
    ./src/components/pain-search/DynamicPainSearchPage.tsx
    ./src/app/(pain-search)/[slug]/page.tsx

https://nextjs.org/docs/messages/module-not-found @ http://localhost:3001/_next/static/chunks/node_modules_next_dist_0u_w_5s._.js:2097
[ 3048866ms] [ERROR] ./src/components/shared/ServerTypography.tsx:6:1
Module not found: Can't resolve '@dangelopalladino/etf-core/ui-server'
   4 | // use `text-foreground` (warm charcoal). We inject `text-foreground` before any caller-su...
   5 | // className so the token wins even if callers explicitly pass `text-primary`.
>  6 | import {
     | ^^^^^^^
>  7 |   ServerHeading as _ServerHeading,
     | ^^^^^^^^^^^^^^^^^^^^^^^^^^^^^^^^^^
>  8 |   ServerText,
     | ^^^^^^^^^^^^^
>  9 |   Eyebrow as _Eyebrow,
     | ^^^^^^^^^^^^^^^^^^^^^^
> 10 | } from '@dangelopalladino/etf-core/ui-server';
     | ^^^^^^^^^^^^^^^^^^^^^^^^^^^^^^^^^^^^^^^^^^^^^^
  11 | import type { ComponentProps } from 'react';
  12 |
  13 | export function ServerHeading({ className = '', ...props }: ComponentProps<typeof _ServerH...

Import trace:
  Server Component:
    ./src/components/shared/ServerTypography.tsx
    ./src/components/pain-search/DynamicPainSearchPage.tsx
    ./src/app/(pain-search)/[slug]/page.tsx

https://nextjs.org/docs/messages/module-not-found @ http://localhost:3001/_next/static/chunks/node_modules_next_dist_0u_w_5s._.js:2097
[ 3048875ms] [ERROR] ./src/lib/analytics.ts:2:1
Export EVENTS doesn't exist in target module
  1 | import Clarity from '@microsoft/clarity';
> 2 | import { EVENTS, KEYS } from './analytics-events';
    | ^^^^^^^^^^^^^^^^^^^^^^^^^^^^^^^^^^^^^^^^^^^^^^^^^^
  3 | import { getAttributionPayload } from './analytics-source';
  4 |
  5 | declare global {

The export EVENTS was not found in module [project]/src/lib/analytics-events.ts [app-client] (ecmascript).
The module has no exports at all.
All exports of the module are statically known (It doesn't have dynamic exports). So it's known statically that the requested export doesn't exist.

Import traces:
  #1 [Client Component Browser]:
    ./src/lib/analytics.ts [Client Component Browser]
    ./src/app/error.tsx [Client Component Browser]
    ./src/app/error.tsx [Server Component]

  #2 [Client Component Browser]:
    ./src/lib/analytics.ts [Client Component Browser]
    ./src/app/not-found.tsx [Client Component Browser]
    ./src/app/not-found.tsx [Server Component]

  #3 [Client Component SSR]:
    ./src/lib/analytics.ts [Client Component SSR]
    ./src/app/error.tsx [Client Component SSR]
    ./src/app/error.tsx [Server Component]

  #4 [Client Component SSR]:
    ./src/lib/analytics.ts [Client Component SSR]
    ./src/app/not-found.tsx [Client Component SSR]
    ./src/app/not-found.tsx [Server Component]

  #5 [Client Component Browser]:
    ./src/lib/analytics.ts [Client Component Browser]
    ./src/components/analytics/CookieConsentBanner.tsx [Client Component Browser]
    ./src/components/analytics/CookieConsentBanner.tsx [Server Component]
    ./src/app/layout.tsx [Server Component]

  #6 [Client Component SSR]:
    ./src/lib/analytics.ts [Client Component SSR]
    ./src/components/analytics/CookieConsentBanner.tsx [Client Component SSR]
    ./src/components/analytics/CookieConsentBanner.tsx [Server Component]
    ./src/app/layout.tsx [Server Component] @ http://localhost:3001/_next/static/chunks/node_modules_next_dist_0u_w_5s._.js:2097
[ 3048875ms] [ERROR] ./src/lib/analytics.ts:2:1
Export EVENTS doesn't exist in target module
  1 | import Clarity from '@microsoft/clarity';
> 2 | import { EVENTS, KEYS } from './analytics-events';
    | ^^^^^^^^^^^^^^^^^^^^^^^^^^^^^^^^^^^^^^^^^^^^^^^^^^
  3 | import { getAttributionPayload } from './analytics-source';
  4 |
  5 | declare global {

The export EVENTS was not found in module [project]/src/lib/analytics-events.ts [app-ssr] (ecmascript).
The module has no exports at all.
All exports of the module are statically known (It doesn't have dynamic exports). So it's known statically that the requested export doesn't exist.

Import traces:
  #1 [Client Component Browser]:
    ./src/lib/analytics.ts [Client Component Browser]
    ./src/app/error.tsx [Client Component Browser]
    ./src/app/error.tsx [Server Component]

  #2 [Client Component Browser]:
    ./src/lib/analytics.ts [Client Component Browser]
    ./src/app/not-found.tsx [Client Component Browser]
    ./src/app/not-found.tsx [Server Component]

  #3 [Client Component SSR]:
    ./src/lib/analytics.ts [Client Component SSR]
    ./src/app/error.tsx [Client Component SSR]
    ./src/app/error.tsx [Server Component]

  #4 [Client Component SSR]:
    ./src/lib/analytics.ts [Client Component SSR]
    ./src/app/not-found.tsx [Client Component SSR]
    ./src/app/not-found.tsx [Server Component]

  #5 [Client Component Browser]:
    ./src/lib/analytics.ts [Client Component Browser]
    ./src/components/analytics/CookieConsentBanner.tsx [Client Component Browser]
    ./src/components/analytics/CookieConsentBanner.tsx [Server Component]
    ./src/app/layout.tsx [Server Component]

  #6 [Client Component SSR]:
    ./src/lib/analytics.ts [Client Component SSR]
    ./src/components/analytics/CookieConsentBanner.tsx [Client Component SSR]
    ./src/components/analytics/CookieConsentBanner.tsx [Server Component]
    ./src/app/layout.tsx [Server Component] @ http://localhost:3001/_next/static/chunks/node_modules_next_dist_0u_w_5s._.js:2097
[ 3048875ms] [ERROR] ./src/lib/analytics.ts:2:1
Export KEYS doesn't exist in target module
  1 | import Clarity from '@microsoft/clarity';
> 2 | import { EVENTS, KEYS } from './analytics-events';
    | ^^^^^^^^^^^^^^^^^^^^^^^^^^^^^^^^^^^^^^^^^^^^^^^^^^
  3 | import { getAttributionPayload } from './analytics-source';
  4 |
  5 | declare global {

The export KEYS was not found in module [project]/src/lib/analytics-events.ts [app-client] (ecmascript).
The module has no exports at all.
All exports of the module are statically known (It doesn't have dynamic exports). So it's known statically that the requested export doesn't exist.

Import traces:
  #1 [Client Component Browser]:
    ./src/lib/analytics.ts [Client Component Browser]
    ./src/app/error.tsx [Client Component Browser]
    ./src/app/error.tsx [Server Component]

  #2 [Client Component Browser]:
    ./src/lib/analytics.ts [Client Component Browser]
    ./src/app/not-found.tsx [Client Component Browser]
    ./src/app/not-found.tsx [Server Component]

  #3 [Client Component SSR]:
    ./src/lib/analytics.ts [Client Component SSR]
    ./src/app/error.tsx [Client Component SSR]
    ./src/app/error.tsx [Server Component]

  #4 [Client Component SSR]:
    ./src/lib/analytics.ts [Client Component SSR]
    ./src/app/not-found.tsx [Client Component SSR]
    ./src/app/not-found.tsx [Server Component]

  #5 [Client Component Browser]:
    ./src/lib/analytics.ts [Client Component Browser]
    ./src/components/analytics/CookieConsentBanner.tsx [Client Component Browser]
    ./src/components/analytics/CookieConsentBanner.tsx [Server Component]
    ./src/app/layout.tsx [Server Component]

  #6 [Client Component SSR]:
    ./src/lib/analytics.ts [Client Component SSR]
    ./src/components/analytics/CookieConsentBanner.tsx [Client Component SSR]
    ./src/components/analytics/CookieConsentBanner.tsx [Server Component]
    ./src/app/layout.tsx [Server Component] @ http://localhost:3001/_next/static/chunks/node_modules_next_dist_0u_w_5s._.js:2097
[ 3048876ms] [ERROR] ./src/lib/analytics.ts:2:1
Export KEYS doesn't exist in target module
  1 | import Clarity from '@microsoft/clarity';
> 2 | import { EVENTS, KEYS } from './analytics-events';
    | ^^^^^^^^^^^^^^^^^^^^^^^^^^^^^^^^^^^^^^^^^^^^^^^^^^
  3 | import { getAttributionPayload } from './analytics-source';
  4 |
  5 | declare global {

The export KEYS was not found in module [project]/src/lib/analytics-events.ts [app-ssr] (ecmascript).
The module has no exports at all.
All exports of the module are statically known (It doesn't have dynamic exports). So it's known statically that the requested export doesn't exist.

Import traces:
  #1 [Client Component Browser]:
    ./src/lib/analytics.ts [Client Component Browser]
    ./src/app/error.tsx [Client Component Browser]
    ./src/app/error.tsx [Server Component]

  #2 [Client Component Browser]:
    ./src/lib/analytics.ts [Client Component Browser]
    ./src/app/not-found.tsx [Client Component Browser]
    ./src/app/not-found.tsx [Server Component]

  #3 [Client Component SSR]:
    ./src/lib/analytics.ts [Client Component SSR]
    ./src/app/error.tsx [Client Component SSR]
    ./src/app/error.tsx [Server Component]

  #4 [Client Component SSR]:
    ./src/lib/analytics.ts [Client Component SSR]
    ./src/app/not-found.tsx [Client Component SSR]
    ./src/app/not-found.tsx [Server Component]

  #5 [Client Component Browser]:
    ./src/lib/analytics.ts [Client Component Browser]
    ./src/components/analytics/CookieConsentBanner.tsx [Client Component Browser]
    ./src/components/analytics/CookieConsentBanner.tsx [Server Component]
    ./src/app/layout.tsx [Server Component]

  #6 [Client Component SSR]:
    ./src/lib/analytics.ts [Client Component SSR]
    ./src/components/analytics/CookieConsentBanner.tsx [Client Component SSR]
    ./src/components/analytics/CookieConsentBanner.tsx [Server Component]
    ./src/app/layout.tsx [Server Component] @ http://localhost:3001/_next/static/chunks/node_modules_next_dist_0u_w_5s._.js:2097
[ 3053753ms] [ERROR] ./src/app/layout.tsx:14:1
Module not found: Can't resolve '@dangelopalladino/etf-core/analytics'
  12 | import { AuthProvider } from "@/components/AuthProvider";
  13 | import PageviewTracker from "@/components/analytics/PageviewTracker";
> 14 | import { GA4Loader } from "@dangelopalladino/etf-core/analytics";
     | ^^^^^^^^^^^^^^^^^^^^^^^^^^^^^^^^^^^^^^^^^^^^^^^^^^^^^^^^^^^^^^^^^
  15 | import ClarityLoader from "@/components/analytics/ClarityLoader";
  16 | import ClarityIdentifier from "@/components/analytics/ClarityIdentifier";
  17 | import CookieConsentBanner from "@/components/analytics/CookieConsentBanner";

https://nextjs.org/docs/messages/module-not-found @ http://localhost:3001/_next/static/chunks/node_modules_next_dist_0u_w_5s._.js:2097
[ 3053753ms] [ERROR] ./src/lib/analytics-events.ts:2:1
Module not found: Can't resolve '@dangelopalladino/etf-core/analytics'
  1 | // Phase 11: analytics event catalog sourced from @dangelopalladino/etf-core.
> 2 | export * from '@dangelopalladino/etf-core/analytics';
    | ^^^^^^^^^^^^^^^^^^^^^^^^^^^^^^^^^^^^^^^^^^^^^^^^^^^^^
  3 |

Import traces:
  Client Component Browser:
    ./src/lib/analytics-events.ts [Client Component Browser]
    ./src/lib/analytics.ts [Client Component Browser]
    ./src/components/analytics/CookieConsentBanner.tsx [Client Component Browser]
    ./src/components/analytics/CookieConsentBanner.tsx [Server Component]
    ./src/app/layout.tsx [Server Component]

  Client Component SSR:
    ./src/lib/analytics-events.ts [Client Component SSR]
    ./src/lib/analytics.ts [Client Component SSR]
    ./src/components/analytics/CookieConsentBanner.tsx [Client Component SSR]
    ./src/components/analytics/CookieConsentBanner.tsx [Server Component]
    ./src/app/layout.tsx [Server Component]

https://nextjs.org/docs/messages/module-not-found @ http://localhost:3001/_next/static/chunks/node_modules_next_dist_0u_w_5s._.js:2097
[ 3053753ms] [ERROR] ./src/components/BrandProviderClient.tsx:19:1
Module not found: Can't resolve '@dangelopalladino/etf-core/brand'
  17 |  */
  18 |
> 19 | import { BrandProvider, type BrandProviderProps } from '@dangelopalladino/etf-core/brand';
     | ^^^^^^^^^^^^^^^^^^^^^^^^^^^^^^^^^^^^^^^^^^^^^^^^^^^^^^^^^^^^^^^^^^^^^^^^^^^^^^^^^^^^^^^^^^
  20 |
  21 | export default function BrandProviderClient(props: BrandProviderProps) {
  22 |   return <BrandProvider {...props} />;

Import trace:
  Server Component:
    ./src/components/BrandProviderClient.tsx
    ./src/app/layout.tsx

https://nextjs.org/docs/messages/module-not-found @ http://localhost:3001/_next/static/chunks/node_modules_next_dist_0u_w_5s._.js:2097
[ 3053753ms] [ERROR] ./src/app/page.tsx:8:1
Module not found: Can't resolve '@dangelopalladino/etf-core/content'
   6 |   CrownOutlined,
   7 | } from '@ant-design/icons';
>  8 | import { getApprovedTestimonials } from '@dangelopalladino/etf-core/content';
     | ^^^^^^^^^^^^^^^^^^^^^^^^^^^^^^^^^^^^^^^^^^^^^^^^^^^^^^^^^^^^^^^^^^^^^^^^^^^^^
   9 | import { JsonLd } from '@/components/marketing/JsonLd';
  10 | import { LandingSectionExposure } from '@/components/analytics/SectionExposure';
  11 | import FeatureCard from '@/components/primitives/FeatureCard';

https://nextjs.org/docs/messages/module-not-found @ http://localhost:3001/_next/static/chunks/node_modules_next_dist_0u_w_5s._.js:2097
[ 3053753ms] [ERROR] ./src/lib/antd-theme.ts:35:1
Module not found: Can't resolve '@dangelopalladino/etf-core/tokens/6id'
  33 | export type { StatusType } from '@dangelopalladino/etf-core/tokens/6id';
  34 |
> 35 | import { themeConfig as etfCoreThemeConfig } from '@dangelopalladino/etf-core/tokens/6id';
     | ^^^^^^^^^^^^^^^^^^^^^^^^^^^^^^^^^^^^^^^^^^^^^^^^^^^^^^^^^^^^^^^^^^^^^^^^^^^^^^^^^^^^^^^^^^
  36 |
  37 | // Canonical 6i palette — v2 design system (navy + off-white + electric blue)
  38 | const CANONICAL_6I = {

Import traces:
  Client Component Browser:
    ./src/lib/antd-theme.ts [Client Component Browser]
    ./src/components/AntdProvider.tsx [Client Component Browser]
    ./src/components/AntdProvider.tsx [Server Component]
    ./src/app/layout.tsx [Server Component]

  Client Component SSR:
    ./src/lib/antd-theme.ts [Client Component SSR]
    ./src/components/AntdProvider.tsx [Client Component SSR]
    ./src/components/AntdProvider.tsx [Server Component]
    ./src/app/layout.tsx [Server Component]

https://nextjs.org/docs/messages/module-not-found @ http://localhost:3001/_next/static/chunks/node_modules_next_dist_0u_w_5s._.js:2097
[ 3053753ms] [ERROR] ./src/lib/brand-tokens.ts:5:1
Module not found: Can't resolve '@dangelopalladino/etf-core/tokens/6id'
   3 | // IDENTITY_COLORS is overridden here with v2 saturated palette; all other tokens
   4 | // forwarded from etf-core unchanged.
>  5 | export {
     | ^^^^^^^
>  6 |   BLUEPRINT_SHADOWS,
     | ^^^^^^^^^^^^^^^^^^^^
>  7 |   BORDER_TOKENS,
     | ^^^^^^^^^^^^^^^^
>  8 |   BRAND,
     | ^^^^^^^^
>  9 |   BRAND_GOLD,
     | ^^^^^^^^^^^^^
> 10 |   DARK_MODE_COLORS,
     | ^^^^^^^^^^^^^^^^^^^
> 11 |   HEADING_SCALE,
     | ^^^^^^^^^^^^^^^^
> 12 |   SCORE_COLORS,
     | ^^^^^^^^^^^^^^^
> 13 |   SHADOW_TOKENS,
     | ^^^^^^^^^^^^^^^^
> 14 |   STATUS_STYLES,
     | ^^^^^^^^^^^^^^^^
> 15 |   SURFACE_TOKENS,
     | ^^^^^^^^^^^^^^^^^
> 16 |   baseThemeConfig,
     | ^^^^^^^^^^^^^^^^^^
> 17 |   darkThemeConfig,
     | ^^^^^^^^^^^^^^^^^^
> 18 |   getScoreColor,
     | ^^^^^^^^^^^^^^^^
> 19 |   needsDarkTextOnBackground,
     | ^^^^^^^^^^^^^^^^^^^^^^^^^^^^
> 20 | } from '@dangelopalladino/etf-core/tokens/6id';
     | ^^^^^^^^^^^^^^^^^^^^^^^^^^^^^^^^^^^^^^^^^^^^^^^
  21 | export type { StatusType } from '@dangelopalladino/etf-core/tokens/6id';
  22 |
  23 | // v2 saturated identity palette — overrides etf-core pottery-glaze values.

Import traces:
  #1 [Server Component]:
    ./src/lib/brand-tokens.ts
    ./src/app/opengraph-image.tsx
    ./src/app/opengraph-image--metadata.js

  #2 [Server Component]:
    ./src/lib/brand-tokens.ts
    ./src/lib/type-profiles.ts
    ./src/app/page.tsx

https://nextjs.org/docs/messages/module-not-found @ http://localhost:3001/_next/static/chunks/node_modules_next_dist_0u_w_5s._.js:2097
[ 3053754ms] [ERROR] ./src/components/shared/BrandCta.tsx:3:1
Module not found: Can't resolve '@dangelopalladino/etf-core/ui-client'
  1 | // Phase 11: BrandCta sourced from @dangelopalladino/etf-core.
  2 | 'use client';
> 3 | export { BrandCta as default } from '@dangelopalladino/etf-core/ui-client';
    | ^^^^^^^^^^^^^^^^^^^^^^^^^^^^^^^^^^^^^^^^^^^^^^^^^^^^^^^^^^^^^^^^^^^^^^^^^^^
  4 |

Import traces:
  Server Component:
    ./src/components/shared/BrandCta.tsx
    ./src/app/page.tsx

  Client Component Browser:
    ./src/components/shared/BrandCta.tsx [Client Component Browser]
    ./src/app/not-found.tsx [Client Component Browser]
    ./src/app/not-found.tsx [Server Component]

  Client Component SSR:
    ./src/components/shared/BrandCta.tsx [Client Component SSR]
    ./src/app/not-found.tsx [Client Component SSR]
    ./src/app/not-found.tsx [Server Component]

https://nextjs.org/docs/messages/module-not-found @ http://localhost:3001/_next/static/chunks/node_modules_next_dist_0u_w_5s._.js:2097
[ 3053754ms] [ERROR] ./src/components/shared/SectionHeader.tsx:8:1
Module not found: Can't resolve '@dangelopalladino/etf-core/ui-client'
   6 |
   7 | import React from 'react';
>  8 | import { SectionHeader as CoreSectionHeader } from '@dangelopalladino/etf-core/ui-client';
     | ^^^^^^^^^^^^^^^^^^^^^^^^^^^^^^^^^^^^^^^^^^^^^^^^^^^^^^^^^^^^^^^^^^^^^^^^^^^^^^^^^^^^^^^^^^
   9 |
  10 | type CoreAlign = 'left' | 'center';
  11 |

Import trace:
  Server Component:
    ./src/components/shared/SectionHeader.tsx
    ./src/app/page.tsx

https://nextjs.org/docs/messages/module-not-found @ http://localhost:3001/_next/static/chunks/node_modules_next_dist_0u_w_5s._.js:2097
[ 3053754ms] [ERROR] ./src/components/shared/SectionWrapper.tsx:2:1
Module not found: Can't resolve '@dangelopalladino/etf-core/ui-server'
  1 | // Phase 11: server-safe SectionWrapper sourced from @dangelopalladino/etf-core.
> 2 | export { SectionWrapper as default } from '@dangelopalladino/etf-core/ui-server';
    | ^^^^^^^^^^^^^^^^^^^^^^^^^^^^^^^^^^^^^^^^^^^^^^^^^^^^^^^^^^^^^^^^^^^^^^^^^^^^^^^^^
  3 |

Import trace:
  Server Component:
    ./src/components/shared/SectionWrapper.tsx
    ./src/app/page.tsx

https://nextjs.org/docs/messages/module-not-found @ http://localhost:3001/_next/static/chunks/node_modules_next_dist_0u_w_5s._.js:2097
[ 3053754ms] [ERROR] ./src/components/shared/ServerTypography.tsx:6:1
Module not found: Can't resolve '@dangelopalladino/etf-core/ui-server'
   4 | // use `text-foreground` (warm charcoal). We inject `text-foreground` before any caller-su...
   5 | // className so the token wins even if callers explicitly pass `text-primary`.
>  6 | import {
     | ^^^^^^^
>  7 |   ServerHeading as _ServerHeading,
     | ^^^^^^^^^^^^^^^^^^^^^^^^^^^^^^^^^^
>  8 |   ServerText,
     | ^^^^^^^^^^^^^
>  9 |   Eyebrow as _Eyebrow,
     | ^^^^^^^^^^^^^^^^^^^^^^
> 10 | } from '@dangelopalladino/etf-core/ui-server';
     | ^^^^^^^^^^^^^^^^^^^^^^^^^^^^^^^^^^^^^^^^^^^^^^
  11 | import type { ComponentProps } from 'react';
  12 |
  13 | export function ServerHeading({ className = '', ...props }: ComponentProps<typeof _ServerH...

Import traces:
  Server Component:
    ./src/components/shared/ServerTypography.tsx
    ./src/app/page.tsx

  Client Component Browser:
    ./src/components/shared/ServerTypography.tsx [Client Component Browser]
    ./src/components/shared/PageHero.tsx [Client Component Browser]
    ./src/components/shared/PageHero.tsx [Server Component]
    ./src/app/page.tsx [Server Component]

  Client Component SSR:
    ./src/components/shared/ServerTypography.tsx [Client Component SSR]
    ./src/components/shared/PageHero.tsx [Client Component SSR]
    ./src/components/shared/PageHero.tsx [Server Component]
    ./src/app/page.tsx [Server Component]

https://nextjs.org/docs/messages/module-not-found @ http://localhost:3001/_next/static/chunks/node_modules_next_dist_0u_w_5s._.js:2097
[ 3053754ms] [ERROR] ./src/lib/analytics.ts:2:1
Export EVENTS doesn't exist in target module
  1 | import Clarity from '@microsoft/clarity';
> 2 | import { EVENTS, KEYS } from './analytics-events';
    | ^^^^^^^^^^^^^^^^^^^^^^^^^^^^^^^^^^^^^^^^^^^^^^^^^^
  3 | import { getAttributionPayload } from './analytics-source';
  4 |
  5 | declare global {

The export EVENTS was not found in module [project]/src/lib/analytics-events.ts [app-client] (ecmascript).
The module has no exports at all.
All exports of the module are statically known (It doesn't have dynamic exports). So it's known statically that the requested export doesn't exist.

Import traces:
  #1 [Client Component Browser]:
    ./src/lib/analytics.ts [Client Component Browser]
    ./src/app/error.tsx [Client Component Browser]
    ./src/app/error.tsx [Server Component]

  #2 [Client Component Browser]:
    ./src/lib/analytics.ts [Client Component Browser]
    ./src/app/not-found.tsx [Client Component Browser]
    ./src/app/not-found.tsx [Server Component]

  #3 [Client Component SSR]:
    ./src/lib/analytics.ts [Client Component SSR]
    ./src/app/error.tsx [Client Component SSR]
    ./src/app/error.tsx [Server Component]

  #4 [Client Component SSR]:
    ./src/lib/analytics.ts [Client Component SSR]
    ./src/app/not-found.tsx [Client Component SSR]
    ./src/app/not-found.tsx [Server Component]

  #5 [Client Component Browser]:
    ./src/lib/analytics.ts [Client Component Browser]
    ./src/components/analytics/CookieConsentBanner.tsx [Client Component Browser]
    ./src/components/analytics/CookieConsentBanner.tsx [Server Component]
    ./src/app/layout.tsx [Server Component]

  #6 [Client Component SSR]:
    ./src/lib/analytics.ts [Client Component SSR]
    ./src/components/analytics/CookieConsentBanner.tsx [Client Component SSR]
    ./src/components/analytics/CookieConsentBanner.tsx [Server Component]
    ./src/app/layout.tsx [Server Component] @ http://localhost:3001/_next/static/chunks/node_modules_next_dist_0u_w_5s._.js:2097
[ 3053754ms] [ERROR] ./src/lib/analytics.ts:2:1
Export EVENTS doesn't exist in target module
  1 | import Clarity from '@microsoft/clarity';
> 2 | import { EVENTS, KEYS } from './analytics-events';
    | ^^^^^^^^^^^^^^^^^^^^^^^^^^^^^^^^^^^^^^^^^^^^^^^^^^
  3 | import { getAttributionPayload } from './analytics-source';
  4 |
  5 | declare global {

The export EVENTS was not found in module [project]/src/lib/analytics-events.ts [app-ssr] (ecmascript).
The module has no exports at all.
All exports of the module are statically known (It doesn't have dynamic exports). So it's known statically that the requested export doesn't exist.

Import traces:
  #1 [Client Component Browser]:
    ./src/lib/analytics.ts [Client Component Browser]
    ./src/app/error.tsx [Client Component Browser]
    ./src/app/error.tsx [Server Component]

  #2 [Client Component Browser]:
    ./src/lib/analytics.ts [Client Component Browser]
    ./src/app/not-found.tsx [Client Component Browser]
    ./src/app/not-found.tsx [Server Component]

  #3 [Client Component SSR]:
    ./src/lib/analytics.ts [Client Component SSR]
    ./src/app/error.tsx [Client Component SSR]
    ./src/app/error.tsx [Server Component]

  #4 [Client Component SSR]:
    ./src/lib/analytics.ts [Client Component SSR]
    ./src/app/not-found.tsx [Client Component SSR]
    ./src/app/not-found.tsx [Server Component]

  #5 [Client Component Browser]:
    ./src/lib/analytics.ts [Client Component Browser]
    ./src/components/analytics/CookieConsentBanner.tsx [Client Component Browser]
    ./src/components/analytics/CookieConsentBanner.tsx [Server Component]
    ./src/app/layout.tsx [Server Component]

  #6 [Client Component SSR]:
    ./src/lib/analytics.ts [Client Component SSR]
    ./src/components/analytics/CookieConsentBanner.tsx [Client Component SSR]
    ./src/components/analytics/CookieConsentBanner.tsx [Server Component]
    ./src/app/layout.tsx [Server Component] @ http://localhost:3001/_next/static/chunks/node_modules_next_dist_0u_w_5s._.js:2097
[ 3053754ms] [ERROR] ./src/lib/analytics.ts:2:1
Export KEYS doesn't exist in target module
  1 | import Clarity from '@microsoft/clarity';
> 2 | import { EVENTS, KEYS } from './analytics-events';
    | ^^^^^^^^^^^^^^^^^^^^^^^^^^^^^^^^^^^^^^^^^^^^^^^^^^
  3 | import { getAttributionPayload } from './analytics-source';
  4 |
  5 | declare global {

The export KEYS was not found in module [project]/src/lib/analytics-events.ts [app-client] (ecmascript).
The module has no exports at all.
All exports of the module are statically known (It doesn't have dynamic exports). So it's known statically that the requested export doesn't exist.

Import traces:
  #1 [Client Component Browser]:
    ./src/lib/analytics.ts [Client Component Browser]
    ./src/app/error.tsx [Client Component Browser]
    ./src/app/error.tsx [Server Component]

  #2 [Client Component Browser]:
    ./src/lib/analytics.ts [Client Component Browser]
    ./src/app/not-found.tsx [Client Component Browser]
    ./src/app/not-found.tsx [Server Component]

  #3 [Client Component SSR]:
    ./src/lib/analytics.ts [Client Component SSR]
    ./src/app/error.tsx [Client Component SSR]
    ./src/app/error.tsx [Server Component]

  #4 [Client Component SSR]:
    ./src/lib/analytics.ts [Client Component SSR]
    ./src/app/not-found.tsx [Client Component SSR]
    ./src/app/not-found.tsx [Server Component]

  #5 [Client Component Browser]:
    ./src/lib/analytics.ts [Client Component Browser]
    ./src/components/analytics/CookieConsentBanner.tsx [Client Component Browser]
    ./src/components/analytics/CookieConsentBanner.tsx [Server Component]
    ./src/app/layout.tsx [Server Component]

  #6 [Client Component SSR]:
    ./src/lib/analytics.ts [Client Component SSR]
    ./src/components/analytics/CookieConsentBanner.tsx [Client Component SSR]
    ./src/components/analytics/CookieConsentBanner.tsx [Server Component]
    ./src/app/layout.tsx [Server Component] @ http://localhost:3001/_next/static/chunks/node_modules_next_dist_0u_w_5s._.js:2097
[ 3053755ms] [ERROR] ./src/lib/analytics.ts:2:1
Export KEYS doesn't exist in target module
  1 | import Clarity from '@microsoft/clarity';
> 2 | import { EVENTS, KEYS } from './analytics-events';
    | ^^^^^^^^^^^^^^^^^^^^^^^^^^^^^^^^^^^^^^^^^^^^^^^^^^
  3 | import { getAttributionPayload } from './analytics-source';
  4 |
  5 | declare global {

The export KEYS was not found in module [project]/src/lib/analytics-events.ts [app-ssr] (ecmascript).
The module has no exports at all.
All exports of the module are statically known (It doesn't have dynamic exports). So it's known statically that the requested export doesn't exist.

Import traces:
  #1 [Client Component Browser]:
    ./src/lib/analytics.ts [Client Component Browser]
    ./src/app/error.tsx [Client Component Browser]
    ./src/app/error.tsx [Server Component]

  #2 [Client Component Browser]:
    ./src/lib/analytics.ts [Client Component Browser]
    ./src/app/not-found.tsx [Client Component Browser]
    ./src/app/not-found.tsx [Server Component]

  #3 [Client Component SSR]:
    ./src/lib/analytics.ts [Client Component SSR]
    ./src/app/error.tsx [Client Component SSR]
    ./src/app/error.tsx [Server Component]

  #4 [Client Component SSR]:
    ./src/lib/analytics.ts [Client Component SSR]
    ./src/app/not-found.tsx [Client Component SSR]
    ./src/app/not-found.tsx [Server Component]

  #5 [Client Component Browser]:
    ./src/lib/analytics.ts [Client Component Browser]
    ./src/components/analytics/CookieConsentBanner.tsx [Client Component Browser]
    ./src/components/analytics/CookieConsentBanner.tsx [Server Component]
    ./src/app/layout.tsx [Server Component]

  #6 [Client Component SSR]:
    ./src/lib/analytics.ts [Client Component SSR]
    ./src/components/analytics/CookieConsentBanner.tsx [Client Component SSR]
    ./src/components/analytics/CookieConsentBanner.tsx [Server Component]
    ./src/app/layout.tsx [Server Component] @ http://localhost:3001/_next/static/chunks/node_modules_next_dist_0u_w_5s._.js:2097
[ 3053755ms] [ERROR] ./src/components/shared/ScoreBar.tsx:3:1
Module not found: Can't resolve '@dangelopalladino/etf-core/ui-client'
  1 | // Phase 11: ScoreBar sourced from @dangelopalladino/etf-core.
  2 | 'use client';
> 3 | export { ScoreBar as default } from '@dangelopalladino/etf-core/ui-client';
    | ^^^^^^^^^^^^^^^^^^^^^^^^^^^^^^^^^^^^^^^^^^^^^^^^^^^^^^^^^^^^^^^^^^^^^^^^^^^
  4 |

Import traces:
  Client Component Browser:
    ./src/components/shared/ScoreBar.tsx [Client Component Browser]
    ./src/components/results/v2/ScoreDashboard.tsx [Client Component Browser]
    ./src/components/results/v2/ScoreDashboard.tsx [Server Component]
    ./src/app/results/page.tsx [Server Component]

  Client Component SSR:
    ./src/components/shared/ScoreBar.tsx [Client Component SSR]
    ./src/components/results/v2/ScoreDashboard.tsx [Client Component SSR]
    ./src/components/results/v2/ScoreDashboard.tsx [Server Component]
    ./src/app/results/page.tsx [Server Component]

https://nextjs.org/docs/messages/module-not-found @ http://localhost:3001/_next/static/chunks/node_modules_next_dist_0u_w_5s._.js:2097
[ 3053755ms] [ERROR] ./src/components/shared/StatusBadge.tsx:3:1
Module not found: Can't resolve '@dangelopalladino/etf-core/ui-client'
  1 | // Phase 11: StatusBadge sourced from @dangelopalladino/etf-core.
  2 | 'use client';
> 3 | export { StatusBadge as default } from '@dangelopalladino/etf-core/ui-client';
    | ^^^^^^^^^^^^^^^^^^^^^^^^^^^^^^^^^^^^^^^^^^^^^^^^^^^^^^^^^^^^^^^^^^^^^^^^^^^^^^
  4 |

Import traces:
  Client Component Browser:
    ./src/components/shared/StatusBadge.tsx [Client Component Browser]
    ./src/components/results/v2/CoreCodeArchetype.tsx [Client Component Browser]
    ./src/components/results/v2/CoreCodeArchetype.tsx [Server Component]
    ./src/app/results/page.tsx [Server Component]

  Client Component SSR:
    ./src/components/shared/StatusBadge.tsx [Client Component SSR]
    ./src/components/results/v2/CoreCodeArchetype.tsx [Client Component SSR]
    ./src/components/results/v2/CoreCodeArchetype.tsx [Server Component]
    ./src/app/results/page.tsx [Server Component]

https://nextjs.org/docs/messages/module-not-found @ http://localhost:3001/_next/static/chunks/node_modules_next_dist_0u_w_5s._.js:2097
[ 3053755ms] [ERROR] ./src/components/seo/BreadcrumbJsonLd.tsx:2:1
Module not found: Can't resolve '@dangelopalladino/etf-core/seo'
  1 | ...React from 'react';
> 2 | ...{ BreadcrumbJsonLd as Base, type BreadcrumbJsonLdProps } from '@dangelopalladino/etf-cor...
    |    ^^^^^^^^^^^^^^^^^^^^^^^^^^^^^^^^^^^^^^^^^^^^^^^^^^^^^^^^^^^^^^^^^^^^^^^^^^^^^^^^^^^^^^^^^^^
  3 | ...
  4 | ...ITE_URL = process.env.NEXT_PUBLIC_SITE_URL || 'https://www.6identities.com';
  5 | ...

Import trace:
  Server Component:
    ./src/components/seo/BreadcrumbJsonLd.tsx
    ./src/app/professionals/page.tsx

https://nextjs.org/docs/messages/module-not-found @ http://localhost:3001/_next/static/chunks/node_modules_next_dist_0u_w_5s._.js:2097
[ 3053755ms] [ERROR] ./src/components/shared/CtaSection.tsx:3:1
Module not found: Can't resolve '@dangelopalladino/etf-core/ui-client'
  1 | // Phase 11: CtaSection sourced from @dangelopalladino/etf-core.
  2 | 'use client';
> 3 | export { CtaSection as default } from '@dangelopalladino/etf-core/ui-client';
    | ^^^^^^^^^^^^^^^^^^^^^^^^^^^^^^^^^^^^^^^^^^^^^^^^^^^^^^^^^^^^^^^^^^^^^^^^^^^^^
  4 |

Import trace:
  Server Component:
    ./src/components/shared/CtaSection.tsx
    ./src/app/professionals/page.tsx

https://nextjs.org/docs/messages/module-not-found @ http://localhost:3001/_next/static/chunks/node_modules_next_dist_0u_w_5s._.js:2097
[ 3070187ms] [LOG] [Fast Refresh] rebuilding @ http://localhost:3001/_next/static/chunks/node_modules_next_dist_0u_w_5s._.js:1305
[ 3070222ms] [ERROR] ./src/app/layout.tsx:14:1
Module not found: Can't resolve '@dangelopalladino/etf-core/analytics'
  12 | import { AuthProvider } from "@/components/AuthProvider";
  13 | import PageviewTracker from "@/components/analytics/PageviewTracker";
> 14 | import { GA4Loader } from "@dangelopalladino/etf-core/analytics";
     | ^^^^^^^^^^^^^^^^^^^^^^^^^^^^^^^^^^^^^^^^^^^^^^^^^^^^^^^^^^^^^^^^^
  15 | import ClarityLoader from "@/components/analytics/ClarityLoader";
  16 | import ClarityIdentifier from "@/components/analytics/ClarityIdentifier";
  17 | import CookieConsentBanner from "@/components/analytics/CookieConsentBanner";

https://nextjs.org/docs/messages/module-not-found @ http://localhost:3001/_next/static/chunks/node_modules_next_dist_0u_w_5s._.js:2097
[ 3070224ms] [ERROR] ./src/lib/analytics-events.ts:2:1
Module not found: Can't resolve '@dangelopalladino/etf-core/analytics'
  1 | // Phase 11: analytics event catalog sourced from @dangelopalladino/etf-core.
> 2 | export * from '@dangelopalladino/etf-core/analytics';
    | ^^^^^^^^^^^^^^^^^^^^^^^^^^^^^^^^^^^^^^^^^^^^^^^^^^^^^
  3 |

Import traces:
  Client Component Browser:
    ./src/lib/analytics-events.ts [Client Component Browser]
    ./src/lib/analytics.ts [Client Component Browser]
    ./src/components/analytics/CookieConsentBanner.tsx [Client Component Browser]
    ./src/components/analytics/CookieConsentBanner.tsx [Server Component]
    ./src/app/layout.tsx [Server Component]

  Client Component SSR:
    ./src/lib/analytics-events.ts [Client Component SSR]
    ./src/lib/analytics.ts [Client Component SSR]
    ./src/components/analytics/CookieConsentBanner.tsx [Client Component SSR]
    ./src/components/analytics/CookieConsentBanner.tsx [Server Component]
    ./src/app/layout.tsx [Server Component]

https://nextjs.org/docs/messages/module-not-found @ http://localhost:3001/_next/static/chunks/node_modules_next_dist_0u_w_5s._.js:2097
[ 3070224ms] [ERROR] ./src/components/BrandProviderClient.tsx:19:1
Module not found: Can't resolve '@dangelopalladino/etf-core/brand'
  17 |  */
  18 |
> 19 | import { BrandProvider, type BrandProviderProps } from '@dangelopalladino/etf-core/brand';
     | ^^^^^^^^^^^^^^^^^^^^^^^^^^^^^^^^^^^^^^^^^^^^^^^^^^^^^^^^^^^^^^^^^^^^^^^^^^^^^^^^^^^^^^^^^^
  20 |
  21 | export default function BrandProviderClient(props: BrandProviderProps) {
  22 |   return <BrandProvider {...props} />;

Import trace:
  Server Component:
    ./src/components/BrandProviderClient.tsx
    ./src/app/layout.tsx

https://nextjs.org/docs/messages/module-not-found @ http://localhost:3001/_next/static/chunks/node_modules_next_dist_0u_w_5s._.js:2097
[ 3070224ms] [ERROR] ./src/app/page.tsx:8:1
Module not found: Can't resolve '@dangelopalladino/etf-core/content'
   6 |   CrownOutlined,
   7 | } from '@ant-design/icons';
>  8 | import { getApprovedTestimonials } from '@dangelopalladino/etf-core/content';
     | ^^^^^^^^^^^^^^^^^^^^^^^^^^^^^^^^^^^^^^^^^^^^^^^^^^^^^^^^^^^^^^^^^^^^^^^^^^^^^
   9 | import { JsonLd } from '@/components/marketing/JsonLd';
  10 | import { LandingSectionExposure } from '@/components/analytics/SectionExposure';
  11 | import FeatureCard from '@/components/primitives/FeatureCard';

https://nextjs.org/docs/messages/module-not-found @ http://localhost:3001/_next/static/chunks/node_modules_next_dist_0u_w_5s._.js:2097
[ 3070224ms] [ERROR] ./src/lib/antd-theme.ts:35:1
Module not found: Can't resolve '@dangelopalladino/etf-core/tokens/6id'
  33 | export type { StatusType } from '@dangelopalladino/etf-core/tokens/6id';
  34 |
> 35 | import { themeConfig as etfCoreThemeConfig } from '@dangelopalladino/etf-core/tokens/6id';
     | ^^^^^^^^^^^^^^^^^^^^^^^^^^^^^^^^^^^^^^^^^^^^^^^^^^^^^^^^^^^^^^^^^^^^^^^^^^^^^^^^^^^^^^^^^^
  36 |
  37 | // Canonical 6i palette — v2 design system (navy + off-white + electric blue)
  38 | const CANONICAL_6I = {

Import traces:
  Client Component Browser:
    ./src/lib/antd-theme.ts [Client Component Browser]
    ./src/components/AntdProvider.tsx [Client Component Browser]
    ./src/components/AntdProvider.tsx [Server Component]
    ./src/app/layout.tsx [Server Component]

  Client Component SSR:
    ./src/lib/antd-theme.ts [Client Component SSR]
    ./src/components/AntdProvider.tsx [Client Component SSR]
    ./src/components/AntdProvider.tsx [Server Component]
    ./src/app/layout.tsx [Server Component]

https://nextjs.org/docs/messages/module-not-found @ http://localhost:3001/_next/static/chunks/node_modules_next_dist_0u_w_5s._.js:2097
[ 3070225ms] [ERROR] ./src/lib/brand-tokens.ts:5:1
Module not found: Can't resolve '@dangelopalladino/etf-core/tokens/6id'
   3 | // IDENTITY_COLORS is overridden here with v2 saturated palette; all other tokens
   4 | // forwarded from etf-core unchanged.
>  5 | export {
     | ^^^^^^^
>  6 |   BLUEPRINT_SHADOWS,
     | ^^^^^^^^^^^^^^^^^^^^
>  7 |   BORDER_TOKENS,
     | ^^^^^^^^^^^^^^^^
>  8 |   BRAND,
     | ^^^^^^^^
>  9 |   BRAND_GOLD,
     | ^^^^^^^^^^^^^
> 10 |   DARK_MODE_COLORS,
     | ^^^^^^^^^^^^^^^^^^^
> 11 |   HEADING_SCALE,
     | ^^^^^^^^^^^^^^^^
> 12 |   SCORE_COLORS,
     | ^^^^^^^^^^^^^^^
> 13 |   SHADOW_TOKENS,
     | ^^^^^^^^^^^^^^^^
> 14 |   STATUS_STYLES,
     | ^^^^^^^^^^^^^^^^
> 15 |   SURFACE_TOKENS,
     | ^^^^^^^^^^^^^^^^^
> 16 |   baseThemeConfig,
     | ^^^^^^^^^^^^^^^^^^
> 17 |   darkThemeConfig,
     | ^^^^^^^^^^^^^^^^^^
> 18 |   getScoreColor,
     | ^^^^^^^^^^^^^^^^
> 19 |   needsDarkTextOnBackground,
     | ^^^^^^^^^^^^^^^^^^^^^^^^^^^^
> 20 | } from '@dangelopalladino/etf-core/tokens/6id';
     | ^^^^^^^^^^^^^^^^^^^^^^^^^^^^^^^^^^^^^^^^^^^^^^^
  21 | export type { StatusType } from '@dangelopalladino/etf-core/tokens/6id';
  22 |
  23 | // v2 saturated identity palette — overrides etf-core pottery-glaze values.

Import traces:
  #1 [Server Component]:
    ./src/lib/brand-tokens.ts
    ./src/app/opengraph-image.tsx
    ./src/app/opengraph-image--metadata.js

  #2 [Server Component]:
    ./src/lib/brand-tokens.ts
    ./src/lib/type-profiles.ts
    ./src/app/page.tsx

https://nextjs.org/docs/messages/module-not-found @ http://localhost:3001/_next/static/chunks/node_modules_next_dist_0u_w_5s._.js:2097
[ 3070227ms] [ERROR] ./src/components/shared/BrandCta.tsx:3:1
Module not found: Can't resolve '@dangelopalladino/etf-core/ui-client'
  1 | // Phase 11: BrandCta sourced from @dangelopalladino/etf-core.
  2 | 'use client';
> 3 | export { BrandCta as default } from '@dangelopalladino/etf-core/ui-client';
    | ^^^^^^^^^^^^^^^^^^^^^^^^^^^^^^^^^^^^^^^^^^^^^^^^^^^^^^^^^^^^^^^^^^^^^^^^^^^
  4 |

Import traces:
  Server Component:
    ./src/components/shared/BrandCta.tsx
    ./src/app/page.tsx

  Client Component Browser:
    ./src/components/shared/BrandCta.tsx [Client Component Browser]
    ./src/app/not-found.tsx [Client Component Browser]
    ./src/app/not-found.tsx [Server Component]

  Client Component SSR:
    ./src/components/shared/BrandCta.tsx [Client Component SSR]
    ./src/app/not-found.tsx [Client Component SSR]
    ./src/app/not-found.tsx [Server Component]

https://nextjs.org/docs/messages/module-not-found @ http://localhost:3001/_next/static/chunks/node_modules_next_dist_0u_w_5s._.js:2097
[ 3070227ms] [ERROR] ./src/components/shared/SectionHeader.tsx:8:1
Module not found: Can't resolve '@dangelopalladino/etf-core/ui-client'
   6 |
   7 | import React from 'react';
>  8 | import { SectionHeader as CoreSectionHeader } from '@dangelopalladino/etf-core/ui-client';
     | ^^^^^^^^^^^^^^^^^^^^^^^^^^^^^^^^^^^^^^^^^^^^^^^^^^^^^^^^^^^^^^^^^^^^^^^^^^^^^^^^^^^^^^^^^^
   9 |
  10 | type CoreAlign = 'left' | 'center';
  11 |

Import trace:
  Server Component:
    ./src/components/shared/SectionHeader.tsx
    ./src/app/page.tsx

https://nextjs.org/docs/messages/module-not-found @ http://localhost:3001/_next/static/chunks/node_modules_next_dist_0u_w_5s._.js:2097
[ 3070228ms] [ERROR] ./src/components/shared/SectionWrapper.tsx:2:1
Module not found: Can't resolve '@dangelopalladino/etf-core/ui-server'
  1 | // Phase 11: server-safe SectionWrapper sourced from @dangelopalladino/etf-core.
> 2 | export { SectionWrapper as default } from '@dangelopalladino/etf-core/ui-server';
    | ^^^^^^^^^^^^^^^^^^^^^^^^^^^^^^^^^^^^^^^^^^^^^^^^^^^^^^^^^^^^^^^^^^^^^^^^^^^^^^^^^
  3 |

Import trace:
  Server Component:
    ./src/components/shared/SectionWrapper.tsx
    ./src/app/page.tsx

https://nextjs.org/docs/messages/module-not-found @ http://localhost:3001/_next/static/chunks/node_modules_next_dist_0u_w_5s._.js:2097
[ 3070228ms] [ERROR] ./src/components/shared/ServerTypography.tsx:6:1
Module not found: Can't resolve '@dangelopalladino/etf-core/ui-server'
   4 | // use `text-foreground` (warm charcoal). We inject `text-foreground` before any caller-su...
   5 | // className so the token wins even if callers explicitly pass `text-primary`.
>  6 | import {
     | ^^^^^^^
>  7 |   ServerHeading as _ServerHeading,
     | ^^^^^^^^^^^^^^^^^^^^^^^^^^^^^^^^^^
>  8 |   ServerText,
     | ^^^^^^^^^^^^^
>  9 |   Eyebrow as _Eyebrow,
     | ^^^^^^^^^^^^^^^^^^^^^^
> 10 | } from '@dangelopalladino/etf-core/ui-server';
     | ^^^^^^^^^^^^^^^^^^^^^^^^^^^^^^^^^^^^^^^^^^^^^^
  11 | import type { ComponentProps } from 'react';
  12 |
  13 | export function ServerHeading({ className = '', ...props }: ComponentProps<typeof _ServerH...

Import traces:
  Server Component:
    ./src/components/shared/ServerTypography.tsx
    ./src/app/page.tsx

  Client Component Browser:
    ./src/components/shared/ServerTypography.tsx [Client Component Browser]
    ./src/components/shared/PageHero.tsx [Client Component Browser]
    ./src/components/shared/PageHero.tsx [Server Component]
    ./src/app/page.tsx [Server Component]

  Client Component SSR:
    ./src/components/shared/ServerTypography.tsx [Client Component SSR]
    ./src/components/shared/PageHero.tsx [Client Component SSR]
    ./src/components/shared/PageHero.tsx [Server Component]
    ./src/app/page.tsx [Server Component]

https://nextjs.org/docs/messages/module-not-found @ http://localhost:3001/_next/static/chunks/node_modules_next_dist_0u_w_5s._.js:2097
[ 3070228ms] [ERROR] ./src/lib/analytics.ts:2:1
Export EVENTS doesn't exist in target module
  1 | import Clarity from '@microsoft/clarity';
> 2 | import { EVENTS, KEYS } from './analytics-events';
    | ^^^^^^^^^^^^^^^^^^^^^^^^^^^^^^^^^^^^^^^^^^^^^^^^^^
  3 | import { getAttributionPayload } from './analytics-source';
  4 |
  5 | declare global {

The export EVENTS was not found in module [project]/src/lib/analytics-events.ts [app-client] (ecmascript).
The module has no exports at all.
All exports of the module are statically known (It doesn't have dynamic exports). So it's known statically that the requested export doesn't exist.

Import traces:
  #1 [Client Component Browser]:
    ./src/lib/analytics.ts [Client Component Browser]
    ./src/app/error.tsx [Client Component Browser]
    ./src/app/error.tsx [Server Component]

  #2 [Client Component Browser]:
    ./src/lib/analytics.ts [Client Component Browser]
    ./src/app/not-found.tsx [Client Component Browser]
    ./src/app/not-found.tsx [Server Component]

  #3 [Client Component SSR]:
    ./src/lib/analytics.ts [Client Component SSR]
    ./src/app/error.tsx [Client Component SSR]
    ./src/app/error.tsx [Server Component]

  #4 [Client Component SSR]:
    ./src/lib/analytics.ts [Client Component SSR]
    ./src/app/not-found.tsx [Client Component SSR]
    ./src/app/not-found.tsx [Server Component]

  #5 [Client Component Browser]:
    ./src/lib/analytics.ts [Client Component Browser]
    ./src/components/analytics/CookieConsentBanner.tsx [Client Component Browser]
    ./src/components/analytics/CookieConsentBanner.tsx [Server Component]
    ./src/app/layout.tsx [Server Component]

  #6 [Client Component SSR]:
    ./src/lib/analytics.ts [Client Component SSR]
    ./src/components/analytics/CookieConsentBanner.tsx [Client Component SSR]
    ./src/components/analytics/CookieConsentBanner.tsx [Server Component]
    ./src/app/layout.tsx [Server Component] @ http://localhost:3001/_next/static/chunks/node_modules_next_dist_0u_w_5s._.js:2097
[ 3070229ms] [ERROR] ./src/lib/analytics.ts:2:1
Export EVENTS doesn't exist in target module
  1 | import Clarity from '@microsoft/clarity';
> 2 | import { EVENTS, KEYS } from './analytics-events';
    | ^^^^^^^^^^^^^^^^^^^^^^^^^^^^^^^^^^^^^^^^^^^^^^^^^^
  3 | import { getAttributionPayload } from './analytics-source';
  4 |
  5 | declare global {

The export EVENTS was not found in module [project]/src/lib/analytics-events.ts [app-ssr] (ecmascript).
The module has no exports at all.
All exports of the module are statically known (It doesn't have dynamic exports). So it's known statically that the requested export doesn't exist.

Import traces:
  #1 [Client Component Browser]:
    ./src/lib/analytics.ts [Client Component Browser]
    ./src/app/error.tsx [Client Component Browser]
    ./src/app/error.tsx [Server Component]

  #2 [Client Component Browser]:
    ./src/lib/analytics.ts [Client Component Browser]
    ./src/app/not-found.tsx [Client Component Browser]
    ./src/app/not-found.tsx [Server Component]

  #3 [Client Component SSR]:
    ./src/lib/analytics.ts [Client Component SSR]
    ./src/app/error.tsx [Client Component SSR]
    ./src/app/error.tsx [Server Component]

  #4 [Client Component SSR]:
    ./src/lib/analytics.ts [Client Component SSR]
    ./src/app/not-found.tsx [Client Component SSR]
    ./src/app/not-found.tsx [Server Component]

  #5 [Client Component Browser]:
    ./src/lib/analytics.ts [Client Component Browser]
    ./src/components/analytics/CookieConsentBanner.tsx [Client Component Browser]
    ./src/components/analytics/CookieConsentBanner.tsx [Server Component]
    ./src/app/layout.tsx [Server Component]

  #6 [Client Component SSR]:
    ./src/lib/analytics.ts [Client Component SSR]
    ./src/components/analytics/CookieConsentBanner.tsx [Client Component SSR]
    ./src/components/analytics/CookieConsentBanner.tsx [Server Component]
    ./src/app/layout.tsx [Server Component] @ http://localhost:3001/_next/static/chunks/node_modules_next_dist_0u_w_5s._.js:2097
[ 3070232ms] [ERROR] ./src/lib/analytics.ts:2:1
Export KEYS doesn't exist in target module
  1 | import Clarity from '@microsoft/clarity';
> 2 | import { EVENTS, KEYS } from './analytics-events';
    | ^^^^^^^^^^^^^^^^^^^^^^^^^^^^^^^^^^^^^^^^^^^^^^^^^^
  3 | import { getAttributionPayload } from './analytics-source';
  4 |
  5 | declare global {

The export KEYS was not found in module [project]/src/lib/analytics-events.ts [app-client] (ecmascript).
The module has no exports at all.
All exports of the module are statically known (It doesn't have dynamic exports). So it's known statically that the requested export doesn't exist.

Import traces:
  #1 [Client Component Browser]:
    ./src/lib/analytics.ts [Client Component Browser]
    ./src/app/error.tsx [Client Component Browser]
    ./src/app/error.tsx [Server Component]

  #2 [Client Component Browser]:
    ./src/lib/analytics.ts [Client Component Browser]
    ./src/app/not-found.tsx [Client Component Browser]
    ./src/app/not-found.tsx [Server Component]

  #3 [Client Component SSR]:
    ./src/lib/analytics.ts [Client Component SSR]
    ./src/app/error.tsx [Client Component SSR]
    ./src/app/error.tsx [Server Component]

  #4 [Client Component SSR]:
    ./src/lib/analytics.ts [Client Component SSR]
    ./src/app/not-found.tsx [Client Component SSR]
    ./src/app/not-found.tsx [Server Component]

  #5 [Client Component Browser]:
    ./src/lib/analytics.ts [Client Component Browser]
    ./src/components/analytics/CookieConsentBanner.tsx [Client Component Browser]
    ./src/components/analytics/CookieConsentBanner.tsx [Server Component]
    ./src/app/layout.tsx [Server Component]

  #6 [Client Component SSR]:
    ./src/lib/analytics.ts [Client Component SSR]
    ./src/components/analytics/CookieConsentBanner.tsx [Client Component SSR]
    ./src/components/analytics/CookieConsentBanner.tsx [Server Component]
    ./src/app/layout.tsx [Server Component] @ http://localhost:3001/_next/static/chunks/node_modules_next_dist_0u_w_5s._.js:2097
[ 3070232ms] [ERROR] ./src/lib/analytics.ts:2:1
Export KEYS doesn't exist in target module
  1 | import Clarity from '@microsoft/clarity';
> 2 | import { EVENTS, KEYS } from './analytics-events';
    | ^^^^^^^^^^^^^^^^^^^^^^^^^^^^^^^^^^^^^^^^^^^^^^^^^^
  3 | import { getAttributionPayload } from './analytics-source';
  4 |
  5 | declare global {

The export KEYS was not found in module [project]/src/lib/analytics-events.ts [app-ssr] (ecmascript).
The module has no exports at all.
All exports of the module are statically known (It doesn't have dynamic exports). So it's known statically that the requested export doesn't exist.

Import traces:
  #1 [Client Component Browser]:
    ./src/lib/analytics.ts [Client Component Browser]
    ./src/app/error.tsx [Client Component Browser]
    ./src/app/error.tsx [Server Component]

  #2 [Client Component Browser]:
    ./src/lib/analytics.ts [Client Component Browser]
    ./src/app/not-found.tsx [Client Component Browser]
    ./src/app/not-found.tsx [Server Component]

  #3 [Client Component SSR]:
    ./src/lib/analytics.ts [Client Component SSR]
    ./src/app/error.tsx [Client Component SSR]
    ./src/app/error.tsx [Server Component]

  #4 [Client Component SSR]:
    ./src/lib/analytics.ts [Client Component SSR]
    ./src/app/not-found.tsx [Client Component SSR]
    ./src/app/not-found.tsx [Server Component]

  #5 [Client Component Browser]:
    ./src/lib/analytics.ts [Client Component Browser]
    ./src/components/analytics/CookieConsentBanner.tsx [Client Component Browser]
    ./src/components/analytics/CookieConsentBanner.tsx [Server Component]
    ./src/app/layout.tsx [Server Component]

  #6 [Client Component SSR]:
    ./src/lib/analytics.ts [Client Component SSR]
    ./src/components/analytics/CookieConsentBanner.tsx [Client Component SSR]
    ./src/components/analytics/CookieConsentBanner.tsx [Server Component]
    ./src/app/layout.tsx [Server Component] @ http://localhost:3001/_next/static/chunks/node_modules_next_dist_0u_w_5s._.js:2097
[ 3070234ms] [ERROR] ./src/components/shared/ScoreBar.tsx:3:1
Module not found: Can't resolve '@dangelopalladino/etf-core/ui-client'
  1 | // Phase 11: ScoreBar sourced from @dangelopalladino/etf-core.
  2 | 'use client';
> 3 | export { ScoreBar as default } from '@dangelopalladino/etf-core/ui-client';
    | ^^^^^^^^^^^^^^^^^^^^^^^^^^^^^^^^^^^^^^^^^^^^^^^^^^^^^^^^^^^^^^^^^^^^^^^^^^^
  4 |

Import traces:
  Client Component Browser:
    ./src/components/shared/ScoreBar.tsx [Client Component Browser]
    ./src/components/results/v2/ScoreDashboard.tsx [Client Component Browser]
    ./src/components/results/v2/ScoreDashboard.tsx [Server Component]
    ./src/app/results/page.tsx [Server Component]

  Client Component SSR:
    ./src/components/shared/ScoreBar.tsx [Client Component SSR]
    ./src/components/results/v2/ScoreDashboard.tsx [Client Component SSR]
    ./src/components/results/v2/ScoreDashboard.tsx [Server Component]
    ./src/app/results/page.tsx [Server Component]

https://nextjs.org/docs/messages/module-not-found @ http://localhost:3001/_next/static/chunks/node_modules_next_dist_0u_w_5s._.js:2097
[ 3070234ms] [ERROR] ./src/components/shared/StatusBadge.tsx:3:1
Module not found: Can't resolve '@dangelopalladino/etf-core/ui-client'
  1 | // Phase 11: StatusBadge sourced from @dangelopalladino/etf-core.
  2 | 'use client';
> 3 | export { StatusBadge as default } from '@dangelopalladino/etf-core/ui-client';
    | ^^^^^^^^^^^^^^^^^^^^^^^^^^^^^^^^^^^^^^^^^^^^^^^^^^^^^^^^^^^^^^^^^^^^^^^^^^^^^^
  4 |

Import traces:
  Client Component Browser:
    ./src/components/shared/StatusBadge.tsx [Client Component Browser]
    ./src/components/results/v2/CoreCodeArchetype.tsx [Client Component Browser]
    ./src/components/results/v2/CoreCodeArchetype.tsx [Server Component]
    ./src/app/results/page.tsx [Server Component]

  Client Component SSR:
    ./src/components/shared/StatusBadge.tsx [Client Component SSR]
    ./src/components/results/v2/CoreCodeArchetype.tsx [Client Component SSR]
    ./src/components/results/v2/CoreCodeArchetype.tsx [Server Component]
    ./src/app/results/page.tsx [Server Component]

https://nextjs.org/docs/messages/module-not-found @ http://localhost:3001/_next/static/chunks/node_modules_next_dist_0u_w_5s._.js:2097
[ 3070234ms] [ERROR] ./src/components/seo/BreadcrumbJsonLd.tsx:2:1
Module not found: Can't resolve '@dangelopalladino/etf-core/seo'
  1 | ...React from 'react';
> 2 | ...{ BreadcrumbJsonLd as Base, type BreadcrumbJsonLdProps } from '@dangelopalladino/etf-cor...
    |    ^^^^^^^^^^^^^^^^^^^^^^^^^^^^^^^^^^^^^^^^^^^^^^^^^^^^^^^^^^^^^^^^^^^^^^^^^^^^^^^^^^^^^^^^^^^
  3 | ...
  4 | ...ITE_URL = process.env.NEXT_PUBLIC_SITE_URL || 'https://www.6identities.com';
  5 | ...

Import trace:
  Server Component:
    ./src/components/seo/BreadcrumbJsonLd.tsx
    ./src/app/professionals/page.tsx

https://nextjs.org/docs/messages/module-not-found @ http://localhost:3001/_next/static/chunks/node_modules_next_dist_0u_w_5s._.js:2097
[ 3070234ms] [ERROR] ./src/components/shared/CtaSection.tsx:3:1
Module not found: Can't resolve '@dangelopalladino/etf-core/ui-client'
  1 | // Phase 11: CtaSection sourced from @dangelopalladino/etf-core.
  2 | 'use client';
> 3 | export { CtaSection as default } from '@dangelopalladino/etf-core/ui-client';
    | ^^^^^^^^^^^^^^^^^^^^^^^^^^^^^^^^^^^^^^^^^^^^^^^^^^^^^^^^^^^^^^^^^^^^^^^^^^^^^
  4 |

Import trace:
  Server Component:
    ./src/components/shared/CtaSection.tsx
    ./src/app/professionals/page.tsx

https://nextjs.org/docs/messages/module-not-found @ http://localhost:3001/_next/static/chunks/node_modules_next_dist_0u_w_5s._.js:2097
[ 3070316ms] [ERROR] ./src/app/layout.tsx:14:1
Module not found: Can't resolve '@dangelopalladino/etf-core/analytics'
  12 | import { AuthProvider } from "@/components/AuthProvider";
  13 | import PageviewTracker from "@/components/analytics/PageviewTracker";
> 14 | import { GA4Loader } from "@dangelopalladino/etf-core/analytics";
     | ^^^^^^^^^^^^^^^^^^^^^^^^^^^^^^^^^^^^^^^^^^^^^^^^^^^^^^^^^^^^^^^^^
  15 | import ClarityLoader from "@/components/analytics/ClarityLoader";
  16 | import ClarityIdentifier from "@/components/analytics/ClarityIdentifier";
  17 | import CookieConsentBanner from "@/components/analytics/CookieConsentBanner";

https://nextjs.org/docs/messages/module-not-found @ http://localhost:3001/_next/static/chunks/node_modules_next_dist_0u_w_5s._.js:2097
[ 3070316ms] [ERROR] ./src/lib/analytics-events.ts:2:1
Module not found: Can't resolve '@dangelopalladino/etf-core/analytics'
  1 | // Phase 11: analytics event catalog sourced from @dangelopalladino/etf-core.
> 2 | export * from '@dangelopalladino/etf-core/analytics';
    | ^^^^^^^^^^^^^^^^^^^^^^^^^^^^^^^^^^^^^^^^^^^^^^^^^^^^^
  3 |

Import traces:
  Client Component Browser:
    ./src/lib/analytics-events.ts [Client Component Browser]
    ./src/lib/analytics.ts [Client Component Browser]
    ./src/components/analytics/CookieConsentBanner.tsx [Client Component Browser]
    ./src/components/analytics/CookieConsentBanner.tsx [Server Component]
    ./src/app/layout.tsx [Server Component]

  Client Component SSR:
    ./src/lib/analytics-events.ts [Client Component SSR]
    ./src/lib/analytics.ts [Client Component SSR]
    ./src/components/analytics/CookieConsentBanner.tsx [Client Component SSR]
    ./src/components/analytics/CookieConsentBanner.tsx [Server Component]
    ./src/app/layout.tsx [Server Component]

https://nextjs.org/docs/messages/module-not-found @ http://localhost:3001/_next/static/chunks/node_modules_next_dist_0u_w_5s._.js:2097
[ 3070316ms] [ERROR] ./src/components/BrandProviderClient.tsx:19:1
Module not found: Can't resolve '@dangelopalladino/etf-core/brand'
  17 |  */
  18 |
> 19 | import { BrandProvider, type BrandProviderProps } from '@dangelopalladino/etf-core/brand';
     | ^^^^^^^^^^^^^^^^^^^^^^^^^^^^^^^^^^^^^^^^^^^^^^^^^^^^^^^^^^^^^^^^^^^^^^^^^^^^^^^^^^^^^^^^^^
  20 |
  21 | export default function BrandProviderClient(props: BrandProviderProps) {
  22 |   return <BrandProvider {...props} />;

Import trace:
  Server Component:
    ./src/components/BrandProviderClient.tsx
    ./src/app/layout.tsx

https://nextjs.org/docs/messages/module-not-found @ http://localhost:3001/_next/static/chunks/node_modules_next_dist_0u_w_5s._.js:2097
[ 3070316ms] [ERROR] ./src/app/page.tsx:8:1
Module not found: Can't resolve '@dangelopalladino/etf-core/content'
   6 |   CrownOutlined,
   7 | } from '@ant-design/icons';
>  8 | import { getApprovedTestimonials } from '@dangelopalladino/etf-core/content';
     | ^^^^^^^^^^^^^^^^^^^^^^^^^^^^^^^^^^^^^^^^^^^^^^^^^^^^^^^^^^^^^^^^^^^^^^^^^^^^^
   9 | import { JsonLd } from '@/components/marketing/JsonLd';
  10 | import { LandingSectionExposure } from '@/components/analytics/SectionExposure';
  11 | import FeatureCard from '@/components/primitives/FeatureCard';

https://nextjs.org/docs/messages/module-not-found @ http://localhost:3001/_next/static/chunks/node_modules_next_dist_0u_w_5s._.js:2097
[ 3070317ms] [ERROR] ./src/lib/antd-theme.ts:35:1
Module not found: Can't resolve '@dangelopalladino/etf-core/tokens/6id'
  33 | export type { StatusType } from '@dangelopalladino/etf-core/tokens/6id';
  34 |
> 35 | import { themeConfig as etfCoreThemeConfig } from '@dangelopalladino/etf-core/tokens/6id';
     | ^^^^^^^^^^^^^^^^^^^^^^^^^^^^^^^^^^^^^^^^^^^^^^^^^^^^^^^^^^^^^^^^^^^^^^^^^^^^^^^^^^^^^^^^^^
  36 |
  37 | // Canonical 6i palette — v2 design system (navy + off-white + electric blue)
  38 | const CANONICAL_6I = {

Import traces:
  Client Component Browser:
    ./src/lib/antd-theme.ts [Client Component Browser]
    ./src/components/AntdProvider.tsx [Client Component Browser]
    ./src/components/AntdProvider.tsx [Server Component]
    ./src/app/layout.tsx [Server Component]

  Client Component SSR:
    ./src/lib/antd-theme.ts [Client Component SSR]
    ./src/components/AntdProvider.tsx [Client Component SSR]
    ./src/components/AntdProvider.tsx [Server Component]
    ./src/app/layout.tsx [Server Component]

https://nextjs.org/docs/messages/module-not-found @ http://localhost:3001/_next/static/chunks/node_modules_next_dist_0u_w_5s._.js:2097
[ 3070317ms] [ERROR] ./src/lib/brand-tokens.ts:5:1
Module not found: Can't resolve '@dangelopalladino/etf-core/tokens/6id'
   3 | // IDENTITY_COLORS is overridden here with v2 saturated palette; all other tokens
   4 | // forwarded from etf-core unchanged.
>  5 | export {
     | ^^^^^^^
>  6 |   BLUEPRINT_SHADOWS,
     | ^^^^^^^^^^^^^^^^^^^^
>  7 |   BORDER_TOKENS,
     | ^^^^^^^^^^^^^^^^
>  8 |   BRAND,
     | ^^^^^^^^
>  9 |   BRAND_GOLD,
     | ^^^^^^^^^^^^^
> 10 |   DARK_MODE_COLORS,
     | ^^^^^^^^^^^^^^^^^^^
> 11 |   HEADING_SCALE,
     | ^^^^^^^^^^^^^^^^
> 12 |   SCORE_COLORS,
     | ^^^^^^^^^^^^^^^
> 13 |   SHADOW_TOKENS,
     | ^^^^^^^^^^^^^^^^
> 14 |   STATUS_STYLES,
     | ^^^^^^^^^^^^^^^^
> 15 |   SURFACE_TOKENS,
     | ^^^^^^^^^^^^^^^^^
> 16 |   baseThemeConfig,
     | ^^^^^^^^^^^^^^^^^^
> 17 |   darkThemeConfig,
     | ^^^^^^^^^^^^^^^^^^
> 18 |   getScoreColor,
     | ^^^^^^^^^^^^^^^^
> 19 |   needsDarkTextOnBackground,
     | ^^^^^^^^^^^^^^^^^^^^^^^^^^^^
> 20 | } from '@dangelopalladino/etf-core/tokens/6id';
     | ^^^^^^^^^^^^^^^^^^^^^^^^^^^^^^^^^^^^^^^^^^^^^^^
  21 | export type { StatusType } from '@dangelopalladino/etf-core/tokens/6id';
  22 |
  23 | // v2 saturated identity palette — overrides etf-core pottery-glaze values.

Import traces:
  #1 [Server Component]:
    ./src/lib/brand-tokens.ts
    ./src/app/opengraph-image.tsx
    ./src/app/opengraph-image--metadata.js

  #2 [Server Component]:
    ./src/lib/brand-tokens.ts
    ./src/lib/type-profiles.ts
    ./src/app/page.tsx

https://nextjs.org/docs/messages/module-not-found @ http://localhost:3001/_next/static/chunks/node_modules_next_dist_0u_w_5s._.js:2097
[ 3070317ms] [ERROR] ./src/components/shared/BrandCta.tsx:3:1
Module not found: Can't resolve '@dangelopalladino/etf-core/ui-client'
  1 | // Phase 11: BrandCta sourced from @dangelopalladino/etf-core.
  2 | 'use client';
> 3 | export { BrandCta as default } from '@dangelopalladino/etf-core/ui-client';
    | ^^^^^^^^^^^^^^^^^^^^^^^^^^^^^^^^^^^^^^^^^^^^^^^^^^^^^^^^^^^^^^^^^^^^^^^^^^^
  4 |

Import traces:
  Server Component:
    ./src/components/shared/BrandCta.tsx
    ./src/app/page.tsx

  Client Component Browser:
    ./src/components/shared/BrandCta.tsx [Client Component Browser]
    ./src/app/not-found.tsx [Client Component Browser]
    ./src/app/not-found.tsx [Server Component]

  Client Component SSR:
    ./src/components/shared/BrandCta.tsx [Client Component SSR]
    ./src/app/not-found.tsx [Client Component SSR]
    ./src/app/not-found.tsx [Server Component]

https://nextjs.org/docs/messages/module-not-found @ http://localhost:3001/_next/static/chunks/node_modules_next_dist_0u_w_5s._.js:2097
[ 3070317ms] [ERROR] ./src/components/shared/SectionHeader.tsx:8:1
Module not found: Can't resolve '@dangelopalladino/etf-core/ui-client'
   6 |
   7 | import React from 'react';
>  8 | import { SectionHeader as CoreSectionHeader } from '@dangelopalladino/etf-core/ui-client';
     | ^^^^^^^^^^^^^^^^^^^^^^^^^^^^^^^^^^^^^^^^^^^^^^^^^^^^^^^^^^^^^^^^^^^^^^^^^^^^^^^^^^^^^^^^^^
   9 |
  10 | type CoreAlign = 'left' | 'center';
  11 |

Import trace:
  Server Component:
    ./src/components/shared/SectionHeader.tsx
    ./src/app/page.tsx

https://nextjs.org/docs/messages/module-not-found @ http://localhost:3001/_next/static/chunks/node_modules_next_dist_0u_w_5s._.js:2097
[ 3070317ms] [ERROR] ./src/components/shared/SectionWrapper.tsx:2:1
Module not found: Can't resolve '@dangelopalladino/etf-core/ui-server'
  1 | // Phase 11: server-safe SectionWrapper sourced from @dangelopalladino/etf-core.
> 2 | export { SectionWrapper as default } from '@dangelopalladino/etf-core/ui-server';
    | ^^^^^^^^^^^^^^^^^^^^^^^^^^^^^^^^^^^^^^^^^^^^^^^^^^^^^^^^^^^^^^^^^^^^^^^^^^^^^^^^^
  3 |

Import trace:
  Server Component:
    ./src/components/shared/SectionWrapper.tsx
    ./src/app/page.tsx

https://nextjs.org/docs/messages/module-not-found @ http://localhost:3001/_next/static/chunks/node_modules_next_dist_0u_w_5s._.js:2097
[ 3070317ms] [ERROR] ./src/components/shared/ServerTypography.tsx:6:1
Module not found: Can't resolve '@dangelopalladino/etf-core/ui-server'
   4 | // use `text-foreground` (warm charcoal). We inject `text-foreground` before any caller-su...
   5 | // className so the token wins even if callers explicitly pass `text-primary`.
>  6 | import {
     | ^^^^^^^
>  7 |   ServerHeading as _ServerHeading,
     | ^^^^^^^^^^^^^^^^^^^^^^^^^^^^^^^^^^
>  8 |   ServerText,
     | ^^^^^^^^^^^^^
>  9 |   Eyebrow as _Eyebrow,
     | ^^^^^^^^^^^^^^^^^^^^^^
> 10 | } from '@dangelopalladino/etf-core/ui-server';
     | ^^^^^^^^^^^^^^^^^^^^^^^^^^^^^^^^^^^^^^^^^^^^^^
  11 | import type { ComponentProps } from 'react';
  12 |
  13 | export function ServerHeading({ className = '', ...props }: ComponentProps<typeof _ServerH...

Import traces:
  Server Component:
    ./src/components/shared/ServerTypography.tsx
    ./src/app/page.tsx

  Client Component Browser:
    ./src/components/shared/ServerTypography.tsx [Client Component Browser]
    ./src/components/shared/PageHero.tsx [Client Component Browser]
    ./src/components/shared/PageHero.tsx [Server Component]
    ./src/app/page.tsx [Server Component]

  Client Component SSR:
    ./src/components/shared/ServerTypography.tsx [Client Component SSR]
    ./src/components/shared/PageHero.tsx [Client Component SSR]
    ./src/components/shared/PageHero.tsx [Server Component]
    ./src/app/page.tsx [Server Component]

https://nextjs.org/docs/messages/module-not-found @ http://localhost:3001/_next/static/chunks/node_modules_next_dist_0u_w_5s._.js:2097
[ 3070317ms] [ERROR] ./src/lib/analytics.ts:2:1
Export EVENTS doesn't exist in target module
  1 | import Clarity from '@microsoft/clarity';
> 2 | import { EVENTS, KEYS } from './analytics-events';
    | ^^^^^^^^^^^^^^^^^^^^^^^^^^^^^^^^^^^^^^^^^^^^^^^^^^
  3 | import { getAttributionPayload } from './analytics-source';
  4 |
  5 | declare global {

The export EVENTS was not found in module [project]/src/lib/analytics-events.ts [app-client] (ecmascript).
The module has no exports at all.
All exports of the module are statically known (It doesn't have dynamic exports). So it's known statically that the requested export doesn't exist.

Import traces:
  #1 [Client Component Browser]:
    ./src/lib/analytics.ts [Client Component Browser]
    ./src/app/error.tsx [Client Component Browser]
    ./src/app/error.tsx [Server Component]

  #2 [Client Component Browser]:
    ./src/lib/analytics.ts [Client Component Browser]
    ./src/app/not-found.tsx [Client Component Browser]
    ./src/app/not-found.tsx [Server Component]

  #3 [Client Component SSR]:
    ./src/lib/analytics.ts [Client Component SSR]
    ./src/app/error.tsx [Client Component SSR]
    ./src/app/error.tsx [Server Component]

  #4 [Client Component SSR]:
    ./src/lib/analytics.ts [Client Component SSR]
    ./src/app/not-found.tsx [Client Component SSR]
    ./src/app/not-found.tsx [Server Component]

  #5 [Client Component Browser]:
    ./src/lib/analytics.ts [Client Component Browser]
    ./src/components/analytics/CookieConsentBanner.tsx [Client Component Browser]
    ./src/components/analytics/CookieConsentBanner.tsx [Server Component]
    ./src/app/layout.tsx [Server Component]

  #6 [Client Component SSR]:
    ./src/lib/analytics.ts [Client Component SSR]
    ./src/components/analytics/CookieConsentBanner.tsx [Client Component SSR]
    ./src/components/analytics/CookieConsentBanner.tsx [Server Component]
    ./src/app/layout.tsx [Server Component] @ http://localhost:3001/_next/static/chunks/node_modules_next_dist_0u_w_5s._.js:2097
[ 3070317ms] [ERROR] ./src/lib/analytics.ts:2:1
Export EVENTS doesn't exist in target module
  1 | import Clarity from '@microsoft/clarity';
> 2 | import { EVENTS, KEYS } from './analytics-events';
    | ^^^^^^^^^^^^^^^^^^^^^^^^^^^^^^^^^^^^^^^^^^^^^^^^^^
  3 | import { getAttributionPayload } from './analytics-source';
  4 |
  5 | declare global {

The export EVENTS was not found in module [project]/src/lib/analytics-events.ts [app-ssr] (ecmascript).
The module has no exports at all.
All exports of the module are statically known (It doesn't have dynamic exports). So it's known statically that the requested export doesn't exist.

Import traces:
  #1 [Client Component Browser]:
    ./src/lib/analytics.ts [Client Component Browser]
    ./src/app/error.tsx [Client Component Browser]
    ./src/app/error.tsx [Server Component]

  #2 [Client Component Browser]:
    ./src/lib/analytics.ts [Client Component Browser]
    ./src/app/not-found.tsx [Client Component Browser]
    ./src/app/not-found.tsx [Server Component]

  #3 [Client Component SSR]:
    ./src/lib/analytics.ts [Client Component SSR]
    ./src/app/error.tsx [Client Component SSR]
    ./src/app/error.tsx [Server Component]

  #4 [Client Component SSR]:
    ./src/lib/analytics.ts [Client Component SSR]
    ./src/app/not-found.tsx [Client Component SSR]
    ./src/app/not-found.tsx [Server Component]

  #5 [Client Component Browser]:
    ./src/lib/analytics.ts [Client Component Browser]
    ./src/components/analytics/CookieConsentBanner.tsx [Client Component Browser]
    ./src/components/analytics/CookieConsentBanner.tsx [Server Component]
    ./src/app/layout.tsx [Server Component]

  #6 [Client Component SSR]:
    ./src/lib/analytics.ts [Client Component SSR]
    ./src/components/analytics/CookieConsentBanner.tsx [Client Component SSR]
    ./src/components/analytics/CookieConsentBanner.tsx [Server Component]
    ./src/app/layout.tsx [Server Component] @ http://localhost:3001/_next/static/chunks/node_modules_next_dist_0u_w_5s._.js:2097
[ 3070317ms] [ERROR] ./src/lib/analytics.ts:2:1
Export KEYS doesn't exist in target module
  1 | import Clarity from '@microsoft/clarity';
> 2 | import { EVENTS, KEYS } from './analytics-events';
    | ^^^^^^^^^^^^^^^^^^^^^^^^^^^^^^^^^^^^^^^^^^^^^^^^^^
  3 | import { getAttributionPayload } from './analytics-source';
  4 |
  5 | declare global {

The export KEYS was not found in module [project]/src/lib/analytics-events.ts [app-client] (ecmascript).
The module has no exports at all.
All exports of the module are statically known (It doesn't have dynamic exports). So it's known statically that the requested export doesn't exist.

Import traces:
  #1 [Client Component Browser]:
    ./src/lib/analytics.ts [Client Component Browser]
    ./src/app/error.tsx [Client Component Browser]
    ./src/app/error.tsx [Server Component]

  #2 [Client Component Browser]:
    ./src/lib/analytics.ts [Client Component Browser]
    ./src/app/not-found.tsx [Client Component Browser]
    ./src/app/not-found.tsx [Server Component]

  #3 [Client Component SSR]:
    ./src/lib/analytics.ts [Client Component SSR]
    ./src/app/error.tsx [Client Component SSR]
    ./src/app/error.tsx [Server Component]

  #4 [Client Component SSR]:
    ./src/lib/analytics.ts [Client Component SSR]
    ./src/app/not-found.tsx [Client Component SSR]
    ./src/app/not-found.tsx [Server Component]

  #5 [Client Component Browser]:
    ./src/lib/analytics.ts [Client Component Browser]
    ./src/components/analytics/CookieConsentBanner.tsx [Client Component Browser]
    ./src/components/analytics/CookieConsentBanner.tsx [Server Component]
    ./src/app/layout.tsx [Server Component]

  #6 [Client Component SSR]:
    ./src/lib/analytics.ts [Client Component SSR]
    ./src/components/analytics/CookieConsentBanner.tsx [Client Component SSR]
    ./src/components/analytics/CookieConsentBanner.tsx [Server Component]
    ./src/app/layout.tsx [Server Component] @ http://localhost:3001/_next/static/chunks/node_modules_next_dist_0u_w_5s._.js:2097
[ 3070318ms] [ERROR] ./src/lib/analytics.ts:2:1
Export KEYS doesn't exist in target module
  1 | import Clarity from '@microsoft/clarity';
> 2 | import { EVENTS, KEYS } from './analytics-events';
    | ^^^^^^^^^^^^^^^^^^^^^^^^^^^^^^^^^^^^^^^^^^^^^^^^^^
  3 | import { getAttributionPayload } from './analytics-source';
  4 |
  5 | declare global {

The export KEYS was not found in module [project]/src/lib/analytics-events.ts [app-ssr] (ecmascript).
The module has no exports at all.
All exports of the module are statically known (It doesn't have dynamic exports). So it's known statically that the requested export doesn't exist.

Import traces:
  #1 [Client Component Browser]:
    ./src/lib/analytics.ts [Client Component Browser]
    ./src/app/error.tsx [Client Component Browser]
    ./src/app/error.tsx [Server Component]

  #2 [Client Component Browser]:
    ./src/lib/analytics.ts [Client Component Browser]
    ./src/app/not-found.tsx [Client Component Browser]
    ./src/app/not-found.tsx [Server Component]

  #3 [Client Component SSR]:
    ./src/lib/analytics.ts [Client Component SSR]
    ./src/app/error.tsx [Client Component SSR]
    ./src/app/error.tsx [Server Component]

  #4 [Client Component SSR]:
    ./src/lib/analytics.ts [Client Component SSR]
    ./src/app/not-found.tsx [Client Component SSR]
    ./src/app/not-found.tsx [Server Component]

  #5 [Client Component Browser]:
    ./src/lib/analytics.ts [Client Component Browser]
    ./src/components/analytics/CookieConsentBanner.tsx [Client Component Browser]
    ./src/components/analytics/CookieConsentBanner.tsx [Server Component]
    ./src/app/layout.tsx [Server Component]

  #6 [Client Component SSR]:
    ./src/lib/analytics.ts [Client Component SSR]
    ./src/components/analytics/CookieConsentBanner.tsx [Client Component SSR]
    ./src/components/analytics/CookieConsentBanner.tsx [Server Component]
    ./src/app/layout.tsx [Server Component] @ http://localhost:3001/_next/static/chunks/node_modules_next_dist_0u_w_5s._.js:2097
[ 3070320ms] [ERROR] ./src/components/shared/ScoreBar.tsx:3:1
Module not found: Can't resolve '@dangelopalladino/etf-core/ui-client'
  1 | // Phase 11: ScoreBar sourced from @dangelopalladino/etf-core.
  2 | 'use client';
> 3 | export { ScoreBar as default } from '@dangelopalladino/etf-core/ui-client';
    | ^^^^^^^^^^^^^^^^^^^^^^^^^^^^^^^^^^^^^^^^^^^^^^^^^^^^^^^^^^^^^^^^^^^^^^^^^^^
  4 |

Import traces:
  Client Component Browser:
    ./src/components/shared/ScoreBar.tsx [Client Component Browser]
    ./src/components/results/v2/ScoreDashboard.tsx [Client Component Browser]
    ./src/components/results/v2/ScoreDashboard.tsx [Server Component]
    ./src/app/results/page.tsx [Server Component]

  Client Component SSR:
    ./src/components/shared/ScoreBar.tsx [Client Component SSR]
    ./src/components/results/v2/ScoreDashboard.tsx [Client Component SSR]
    ./src/components/results/v2/ScoreDashboard.tsx [Server Component]
    ./src/app/results/page.tsx [Server Component]

https://nextjs.org/docs/messages/module-not-found @ http://localhost:3001/_next/static/chunks/node_modules_next_dist_0u_w_5s._.js:2097
[ 3070322ms] [ERROR] ./src/components/shared/StatusBadge.tsx:3:1
Module not found: Can't resolve '@dangelopalladino/etf-core/ui-client'
  1 | // Phase 11: StatusBadge sourced from @dangelopalladino/etf-core.
  2 | 'use client';
> 3 | export { StatusBadge as default } from '@dangelopalladino/etf-core/ui-client';
    | ^^^^^^^^^^^^^^^^^^^^^^^^^^^^^^^^^^^^^^^^^^^^^^^^^^^^^^^^^^^^^^^^^^^^^^^^^^^^^^
  4 |

Import traces:
  Client Component Browser:
    ./src/components/shared/StatusBadge.tsx [Client Component Browser]
    ./src/components/results/v2/CoreCodeArchetype.tsx [Client Component Browser]
    ./src/components/results/v2/CoreCodeArchetype.tsx [Server Component]
    ./src/app/results/page.tsx [Server Component]

  Client Component SSR:
    ./src/components/shared/StatusBadge.tsx [Client Component SSR]
    ./src/components/results/v2/CoreCodeArchetype.tsx [Client Component SSR]
    ./src/components/results/v2/CoreCodeArchetype.tsx [Server Component]
    ./src/app/results/page.tsx [Server Component]

https://nextjs.org/docs/messages/module-not-found @ http://localhost:3001/_next/static/chunks/node_modules_next_dist_0u_w_5s._.js:2097
[ 3070323ms] [ERROR] ./src/components/seo/BreadcrumbJsonLd.tsx:2:1
Module not found: Can't resolve '@dangelopalladino/etf-core/seo'
  1 | ...React from 'react';
> 2 | ...{ BreadcrumbJsonLd as Base, type BreadcrumbJsonLdProps } from '@dangelopalladino/etf-cor...
    |    ^^^^^^^^^^^^^^^^^^^^^^^^^^^^^^^^^^^^^^^^^^^^^^^^^^^^^^^^^^^^^^^^^^^^^^^^^^^^^^^^^^^^^^^^^^^
  3 | ...
  4 | ...ITE_URL = process.env.NEXT_PUBLIC_SITE_URL || 'https://www.6identities.com';
  5 | ...

Import trace:
  Server Component:
    ./src/components/seo/BreadcrumbJsonLd.tsx
    ./src/app/professionals/page.tsx

https://nextjs.org/docs/messages/module-not-found @ http://localhost:3001/_next/static/chunks/node_modules_next_dist_0u_w_5s._.js:2097
[ 3070323ms] [ERROR] ./src/components/shared/CtaSection.tsx:3:1
Module not found: Can't resolve '@dangelopalladino/etf-core/ui-client'
  1 | // Phase 11: CtaSection sourced from @dangelopalladino/etf-core.
  2 | 'use client';
> 3 | export { CtaSection as default } from '@dangelopalladino/etf-core/ui-client';
    | ^^^^^^^^^^^^^^^^^^^^^^^^^^^^^^^^^^^^^^^^^^^^^^^^^^^^^^^^^^^^^^^^^^^^^^^^^^^^^
  4 |

Import trace:
  Server Component:
    ./src/components/shared/CtaSection.tsx
    ./src/app/professionals/page.tsx

https://nextjs.org/docs/messages/module-not-found @ http://localhost:3001/_next/static/chunks/node_modules_next_dist_0u_w_5s._.js:2097
[ 3070336ms] [LOG] [Fast Refresh] rebuilding @ http://localhost:3001/_next/static/chunks/node_modules_next_dist_0u_w_5s._.js:1305
[ 3070641ms] [ERROR] Failed to load resource: the server responded with a status of 500 (Internal Server Error) @ http://localhost:3001/:0
[ 3071637ms] [INFO] %cDownload the React DevTools for a better development experience: https://react.dev/link/react-devtools font-weight:bold @ http://localhost:3001/_next/static/chunks/node_modules_react-dom_0bruynb._.js:15309
[ 3071669ms] [LOG] [Client Instrumentation Hook] Slow execution detected: 19ms (Note: Code download overhead is not included in this measurement) @ http://localhost:3001/_next/static/chunks/node_modules_next_dist_0u_w_5s._.js:728
[ 3071759ms] [ERROR] Refused to execute script from 'http://localhost:3001/_next/static/development/_clientMiddlewareManifest.js' because its MIME type ('application/json') is not executable, and strict MIME type checking is enabled. @ http://localhost:3001/:0
[ 3071764ms] Error: ./src/app/layout.tsx:14:1
Module not found: Can't resolve '@dangelopalladino/etf-core/analytics'
  12 | import { AuthProvider } from "@/components/AuthProvider";
  13 | import PageviewTracker from "@/components/analytics/PageviewTracker";
> 14 | import { GA4Loader } from "@dangelopalladino/etf-core/analytics";
     | ^^^^^^^^^^^^^^^^^^^^^^^^^^^^^^^^^^^^^^^^^^^^^^^^^^^^^^^^^^^^^^^^^
  15 | import ClarityLoader from "@/components/analytics/ClarityLoader";
  16 | import ClarityIdentifier from "@/components/analytics/ClarityIdentifier";
  17 | import CookieConsentBanner from "@/components/analytics/CookieConsentBanner";



https://nextjs.org/docs/messages/module-not-found


    at <unknown> (Error: ./src/app/layout.tsx:14:1)
    at <unknown> (https://nextjs.org/docs/messages/module-not-found)
    at Object.getCompilationErrors (file:///Users/dangelor.palladinolckroomr/Code/ETFtestSite/node_modules/next/dist/server/dev/hot-reloader-turbopack.js:1186:59)
    at DevBundlerService.getCompilationError (file:///Users/dangelor.palladinolckroomr/Code/ETFtestSite/node_modules/next/dist/server/lib/dev-bundler-service.js:44:55)
    at DevServer.getCompilationError (file:///Users/dangelor.palladinolckroomr/Code/ETFtestSite/node_modules/next/dist/server/dev/next-dev-server.js:719:42)
    at DevServer.findPageComponents (file:///Users/dangelor.palladinolckroomr/Code/ETFtestSite/node_modules/next/dist/server/dev/next-dev-server.js:689:43)
    at async DevServer.renderErrorToResponseImpl (file:///Users/dangelor.palladinolckroomr/Code/ETFtestSite/node_modules/next/dist/server/base-server.js:1745:26)
[ 3071770ms] [LOG] [HMR] connected @ http://localhost:3001/_next/static/chunks/node_modules_next_dist_0u_w_5s._.js:1305
[ 3071812ms] [ERROR] ./src/app/layout.tsx:14:1
Module not found: Can't resolve '@dangelopalladino/etf-core/analytics'
  12 | import { AuthProvider } from "@/components/AuthProvider";
  13 | import PageviewTracker from "@/components/analytics/PageviewTracker";
> 14 | import { GA4Loader } from "@dangelopalladino/etf-core/analytics";
     | ^^^^^^^^^^^^^^^^^^^^^^^^^^^^^^^^^^^^^^^^^^^^^^^^^^^^^^^^^^^^^^^^^
  15 | import ClarityLoader from "@/components/analytics/ClarityLoader";
  16 | import ClarityIdentifier from "@/components/analytics/ClarityIdentifier";
  17 | import CookieConsentBanner from "@/components/analytics/CookieConsentBanner";

https://nextjs.org/docs/messages/module-not-found @ http://localhost:3001/_next/static/chunks/node_modules_next_dist_0u_w_5s._.js:2097
[ 3071813ms] [ERROR] ./src/lib/analytics-events.ts:2:1
Module not found: Can't resolve '@dangelopalladino/etf-core/analytics'
  1 | // Phase 11: analytics event catalog sourced from @dangelopalladino/etf-core.
> 2 | export * from '@dangelopalladino/etf-core/analytics';
    | ^^^^^^^^^^^^^^^^^^^^^^^^^^^^^^^^^^^^^^^^^^^^^^^^^^^^^
  3 |

Import traces:
  Client Component Browser:
    ./src/lib/analytics-events.ts [Client Component Browser]
    ./src/lib/analytics.ts [Client Component Browser]
    ./src/components/analytics/CookieConsentBanner.tsx [Client Component Browser]
    ./src/components/analytics/CookieConsentBanner.tsx [Server Component]
    ./src/app/layout.tsx [Server Component]

  Client Component SSR:
    ./src/lib/analytics-events.ts [Client Component SSR]
    ./src/lib/analytics.ts [Client Component SSR]
    ./src/components/analytics/CookieConsentBanner.tsx [Client Component SSR]
    ./src/components/analytics/CookieConsentBanner.tsx [Server Component]
    ./src/app/layout.tsx [Server Component]

https://nextjs.org/docs/messages/module-not-found @ http://localhost:3001/_next/static/chunks/node_modules_next_dist_0u_w_5s._.js:2097
[ 3071814ms] [ERROR] ./src/components/BrandProviderClient.tsx:19:1
Module not found: Can't resolve '@dangelopalladino/etf-core/brand'
  17 |  */
  18 |
> 19 | import { BrandProvider, type BrandProviderProps } from '@dangelopalladino/etf-core/brand';
     | ^^^^^^^^^^^^^^^^^^^^^^^^^^^^^^^^^^^^^^^^^^^^^^^^^^^^^^^^^^^^^^^^^^^^^^^^^^^^^^^^^^^^^^^^^^
  20 |
  21 | export default function BrandProviderClient(props: BrandProviderProps) {
  22 |   return <BrandProvider {...props} />;

Import trace:
  Server Component:
    ./src/components/BrandProviderClient.tsx
    ./src/app/layout.tsx

https://nextjs.org/docs/messages/module-not-found @ http://localhost:3001/_next/static/chunks/node_modules_next_dist_0u_w_5s._.js:2097
[ 3071814ms] [ERROR] ./src/app/page.tsx:8:1
Module not found: Can't resolve '@dangelopalladino/etf-core/content'
   6 |   CrownOutlined,
   7 | } from '@ant-design/icons';
>  8 | import { getApprovedTestimonials } from '@dangelopalladino/etf-core/content';
     | ^^^^^^^^^^^^^^^^^^^^^^^^^^^^^^^^^^^^^^^^^^^^^^^^^^^^^^^^^^^^^^^^^^^^^^^^^^^^^
   9 | import { JsonLd } from '@/components/marketing/JsonLd';
  10 | import { LandingSectionExposure } from '@/components/analytics/SectionExposure';
  11 | import FeatureCard from '@/components/primitives/FeatureCard';

https://nextjs.org/docs/messages/module-not-found @ http://localhost:3001/_next/static/chunks/node_modules_next_dist_0u_w_5s._.js:2097
[ 3071814ms] [ERROR] ./src/lib/antd-theme.ts:35:1
Module not found: Can't resolve '@dangelopalladino/etf-core/tokens/6id'
  33 | export type { StatusType } from '@dangelopalladino/etf-core/tokens/6id';
  34 |
> 35 | import { themeConfig as etfCoreThemeConfig } from '@dangelopalladino/etf-core/tokens/6id';
     | ^^^^^^^^^^^^^^^^^^^^^^^^^^^^^^^^^^^^^^^^^^^^^^^^^^^^^^^^^^^^^^^^^^^^^^^^^^^^^^^^^^^^^^^^^^
  36 |
  37 | // Canonical 6i palette — v2 design system (navy + off-white + electric blue)
  38 | const CANONICAL_6I = {

Import traces:
  Client Component Browser:
    ./src/lib/antd-theme.ts [Client Component Browser]
    ./src/components/AntdProvider.tsx [Client Component Browser]
    ./src/components/AntdProvider.tsx [Server Component]
    ./src/app/layout.tsx [Server Component]

  Client Component SSR:
    ./src/lib/antd-theme.ts [Client Component SSR]
    ./src/components/AntdProvider.tsx [Client Component SSR]
    ./src/components/AntdProvider.tsx [Server Component]
    ./src/app/layout.tsx [Server Component]

https://nextjs.org/docs/messages/module-not-found @ http://localhost:3001/_next/static/chunks/node_modules_next_dist_0u_w_5s._.js:2097
[ 3071814ms] [ERROR] ./src/lib/brand-tokens.ts:5:1
Module not found: Can't resolve '@dangelopalladino/etf-core/tokens/6id'
   3 | // IDENTITY_COLORS is overridden here with v2 saturated palette; all other tokens
   4 | // forwarded from etf-core unchanged.
>  5 | export {
     | ^^^^^^^
>  6 |   BLUEPRINT_SHADOWS,
     | ^^^^^^^^^^^^^^^^^^^^
>  7 |   BORDER_TOKENS,
     | ^^^^^^^^^^^^^^^^
>  8 |   BRAND,
     | ^^^^^^^^
>  9 |   BRAND_GOLD,
     | ^^^^^^^^^^^^^
> 10 |   DARK_MODE_COLORS,
     | ^^^^^^^^^^^^^^^^^^^
> 11 |   HEADING_SCALE,
     | ^^^^^^^^^^^^^^^^
> 12 |   SCORE_COLORS,
     | ^^^^^^^^^^^^^^^
> 13 |   SHADOW_TOKENS,
     | ^^^^^^^^^^^^^^^^
> 14 |   STATUS_STYLES,
     | ^^^^^^^^^^^^^^^^
> 15 |   SURFACE_TOKENS,
     | ^^^^^^^^^^^^^^^^^
> 16 |   baseThemeConfig,
     | ^^^^^^^^^^^^^^^^^^
> 17 |   darkThemeConfig,
     | ^^^^^^^^^^^^^^^^^^
> 18 |   getScoreColor,
     | ^^^^^^^^^^^^^^^^
> 19 |   needsDarkTextOnBackground,
     | ^^^^^^^^^^^^^^^^^^^^^^^^^^^^
> 20 | } from '@dangelopalladino/etf-core/tokens/6id';
     | ^^^^^^^^^^^^^^^^^^^^^^^^^^^^^^^^^^^^^^^^^^^^^^^
  21 | export type { StatusType } from '@dangelopalladino/etf-core/tokens/6id';
  22 |
  23 | // v2 saturated identity palette — overrides etf-core pottery-glaze values.

Import traces:
  #1 [Server Component]:
    ./src/lib/brand-tokens.ts
    ./src/app/opengraph-image.tsx
    ./src/app/opengraph-image--metadata.js

  #2 [Server Component]:
    ./src/lib/brand-tokens.ts
    ./src/lib/type-profiles.ts
    ./src/app/page.tsx

https://nextjs.org/docs/messages/module-not-found @ http://localhost:3001/_next/static/chunks/node_modules_next_dist_0u_w_5s._.js:2097
[ 3071814ms] [ERROR] ./src/components/shared/BrandCta.tsx:3:1
Module not found: Can't resolve '@dangelopalladino/etf-core/ui-client'
  1 | // Phase 11: BrandCta sourced from @dangelopalladino/etf-core.
  2 | 'use client';
> 3 | export { BrandCta as default } from '@dangelopalladino/etf-core/ui-client';
    | ^^^^^^^^^^^^^^^^^^^^^^^^^^^^^^^^^^^^^^^^^^^^^^^^^^^^^^^^^^^^^^^^^^^^^^^^^^^
  4 |

Import traces:
  Server Component:
    ./src/components/shared/BrandCta.tsx
    ./src/app/page.tsx

  Client Component Browser:
    ./src/components/shared/BrandCta.tsx [Client Component Browser]
    ./src/app/not-found.tsx [Client Component Browser]
    ./src/app/not-found.tsx [Server Component]

  Client Component SSR:
    ./src/components/shared/BrandCta.tsx [Client Component SSR]
    ./src/app/not-found.tsx [Client Component SSR]
    ./src/app/not-found.tsx [Server Component]

https://nextjs.org/docs/messages/module-not-found @ http://localhost:3001/_next/static/chunks/node_modules_next_dist_0u_w_5s._.js:2097
[ 3071814ms] [ERROR] ./src/components/shared/SectionHeader.tsx:8:1
Module not found: Can't resolve '@dangelopalladino/etf-core/ui-client'
   6 |
   7 | import React from 'react';
>  8 | import { SectionHeader as CoreSectionHeader } from '@dangelopalladino/etf-core/ui-client';
     | ^^^^^^^^^^^^^^^^^^^^^^^^^^^^^^^^^^^^^^^^^^^^^^^^^^^^^^^^^^^^^^^^^^^^^^^^^^^^^^^^^^^^^^^^^^
   9 |
  10 | type CoreAlign = 'left' | 'center';
  11 |

Import trace:
  Server Component:
    ./src/components/shared/SectionHeader.tsx
    ./src/app/page.tsx

https://nextjs.org/docs/messages/module-not-found @ http://localhost:3001/_next/static/chunks/node_modules_next_dist_0u_w_5s._.js:2097
[ 3071814ms] [ERROR] ./src/components/shared/SectionWrapper.tsx:2:1
Module not found: Can't resolve '@dangelopalladino/etf-core/ui-server'
  1 | // Phase 11: server-safe SectionWrapper sourced from @dangelopalladino/etf-core.
> 2 | export { SectionWrapper as default } from '@dangelopalladino/etf-core/ui-server';
    | ^^^^^^^^^^^^^^^^^^^^^^^^^^^^^^^^^^^^^^^^^^^^^^^^^^^^^^^^^^^^^^^^^^^^^^^^^^^^^^^^^
  3 |

Import trace:
  Server Component:
    ./src/components/shared/SectionWrapper.tsx
    ./src/app/page.tsx

https://nextjs.org/docs/messages/module-not-found @ http://localhost:3001/_next/static/chunks/node_modules_next_dist_0u_w_5s._.js:2097
[ 3071814ms] [ERROR] ./src/components/shared/ServerTypography.tsx:6:1
Module not found: Can't resolve '@dangelopalladino/etf-core/ui-server'
   4 | // use `text-foreground` (warm charcoal). We inject `text-foreground` before any caller-su...
   5 | // className so the token wins even if callers explicitly pass `text-primary`.
>  6 | import {
     | ^^^^^^^
>  7 |   ServerHeading as _ServerHeading,
     | ^^^^^^^^^^^^^^^^^^^^^^^^^^^^^^^^^^
>  8 |   ServerText,
     | ^^^^^^^^^^^^^
>  9 |   Eyebrow as _Eyebrow,
     | ^^^^^^^^^^^^^^^^^^^^^^
> 10 | } from '@dangelopalladino/etf-core/ui-server';
     | ^^^^^^^^^^^^^^^^^^^^^^^^^^^^^^^^^^^^^^^^^^^^^^
  11 | import type { ComponentProps } from 'react';
  12 |
  13 | export function ServerHeading({ className = '', ...props }: ComponentProps<typeof _ServerH...

Import traces:
  Server Component:
    ./src/components/shared/ServerTypography.tsx
    ./src/app/page.tsx

  Client Component Browser:
    ./src/components/shared/ServerTypography.tsx [Client Component Browser]
    ./src/components/shared/PageHero.tsx [Client Component Browser]
    ./src/components/shared/PageHero.tsx [Server Component]
    ./src/app/page.tsx [Server Component]

  Client Component SSR:
    ./src/components/shared/ServerTypography.tsx [Client Component SSR]
    ./src/components/shared/PageHero.tsx [Client Component SSR]
    ./src/components/shared/PageHero.tsx [Server Component]
    ./src/app/page.tsx [Server Component]

https://nextjs.org/docs/messages/module-not-found @ http://localhost:3001/_next/static/chunks/node_modules_next_dist_0u_w_5s._.js:2097
[ 3071814ms] [ERROR] ./src/lib/analytics.ts:2:1
Export EVENTS doesn't exist in target module
  1 | import Clarity from '@microsoft/clarity';
> 2 | import { EVENTS, KEYS } from './analytics-events';
    | ^^^^^^^^^^^^^^^^^^^^^^^^^^^^^^^^^^^^^^^^^^^^^^^^^^
  3 | import { getAttributionPayload } from './analytics-source';
  4 |
  5 | declare global {

The export EVENTS was not found in module [project]/src/lib/analytics-events.ts [app-client] (ecmascript).
The module has no exports at all.
All exports of the module are statically known (It doesn't have dynamic exports). So it's known statically that the requested export doesn't exist.

Import traces:
  #1 [Client Component Browser]:
    ./src/lib/analytics.ts [Client Component Browser]
    ./src/app/error.tsx [Client Component Browser]
    ./src/app/error.tsx [Server Component]

  #2 [Client Component Browser]:
    ./src/lib/analytics.ts [Client Component Browser]
    ./src/app/not-found.tsx [Client Component Browser]
    ./src/app/not-found.tsx [Server Component]

  #3 [Client Component SSR]:
    ./src/lib/analytics.ts [Client Component SSR]
    ./src/app/error.tsx [Client Component SSR]
    ./src/app/error.tsx [Server Component]

  #4 [Client Component SSR]:
    ./src/lib/analytics.ts [Client Component SSR]
    ./src/app/not-found.tsx [Client Component SSR]
    ./src/app/not-found.tsx [Server Component]

  #5 [Client Component Browser]:
    ./src/lib/analytics.ts [Client Component Browser]
    ./src/components/analytics/CookieConsentBanner.tsx [Client Component Browser]
    ./src/components/analytics/CookieConsentBanner.tsx [Server Component]
    ./src/app/layout.tsx [Server Component]

  #6 [Client Component SSR]:
    ./src/lib/analytics.ts [Client Component SSR]
    ./src/components/analytics/CookieConsentBanner.tsx [Client Component SSR]
    ./src/components/analytics/CookieConsentBanner.tsx [Server Component]
    ./src/app/layout.tsx [Server Component] @ http://localhost:3001/_next/static/chunks/node_modules_next_dist_0u_w_5s._.js:2097
[ 3071815ms] [ERROR] ./src/lib/analytics.ts:2:1
Export EVENTS doesn't exist in target module
  1 | import Clarity from '@microsoft/clarity';
> 2 | import { EVENTS, KEYS } from './analytics-events';
    | ^^^^^^^^^^^^^^^^^^^^^^^^^^^^^^^^^^^^^^^^^^^^^^^^^^
  3 | import { getAttributionPayload } from './analytics-source';
  4 |
  5 | declare global {

The export EVENTS was not found in module [project]/src/lib/analytics-events.ts [app-ssr] (ecmascript).
The module has no exports at all.
All exports of the module are statically known (It doesn't have dynamic exports). So it's known statically that the requested export doesn't exist.

Import traces:
  #1 [Client Component Browser]:
    ./src/lib/analytics.ts [Client Component Browser]
    ./src/app/error.tsx [Client Component Browser]
    ./src/app/error.tsx [Server Component]

  #2 [Client Component Browser]:
    ./src/lib/analytics.ts [Client Component Browser]
    ./src/app/not-found.tsx [Client Component Browser]
    ./src/app/not-found.tsx [Server Component]

  #3 [Client Component SSR]:
    ./src/lib/analytics.ts [Client Component SSR]
    ./src/app/error.tsx [Client Component SSR]
    ./src/app/error.tsx [Server Component]

  #4 [Client Component SSR]:
    ./src/lib/analytics.ts [Client Component SSR]
    ./src/app/not-found.tsx [Client Component SSR]
    ./src/app/not-found.tsx [Server Component]

  #5 [Client Component Browser]:
    ./src/lib/analytics.ts [Client Component Browser]
    ./src/components/analytics/CookieConsentBanner.tsx [Client Component Browser]
    ./src/components/analytics/CookieConsentBanner.tsx [Server Component]
    ./src/app/layout.tsx [Server Component]

  #6 [Client Component SSR]:
    ./src/lib/analytics.ts [Client Component SSR]
    ./src/components/analytics/CookieConsentBanner.tsx [Client Component SSR]
    ./src/components/analytics/CookieConsentBanner.tsx [Server Component]
    ./src/app/layout.tsx [Server Component] @ http://localhost:3001/_next/static/chunks/node_modules_next_dist_0u_w_5s._.js:2097
[ 3071815ms] [ERROR] ./src/lib/analytics.ts:2:1
Export KEYS doesn't exist in target module
  1 | import Clarity from '@microsoft/clarity';
> 2 | import { EVENTS, KEYS } from './analytics-events';
    | ^^^^^^^^^^^^^^^^^^^^^^^^^^^^^^^^^^^^^^^^^^^^^^^^^^
  3 | import { getAttributionPayload } from './analytics-source';
  4 |
  5 | declare global {

The export KEYS was not found in module [project]/src/lib/analytics-events.ts [app-client] (ecmascript).
The module has no exports at all.
All exports of the module are statically known (It doesn't have dynamic exports). So it's known statically that the requested export doesn't exist.

Import traces:
  #1 [Client Component Browser]:
    ./src/lib/analytics.ts [Client Component Browser]
    ./src/app/error.tsx [Client Component Browser]
    ./src/app/error.tsx [Server Component]

  #2 [Client Component Browser]:
    ./src/lib/analytics.ts [Client Component Browser]
    ./src/app/not-found.tsx [Client Component Browser]
    ./src/app/not-found.tsx [Server Component]

  #3 [Client Component SSR]:
    ./src/lib/analytics.ts [Client Component SSR]
    ./src/app/error.tsx [Client Component SSR]
    ./src/app/error.tsx [Server Component]

  #4 [Client Component SSR]:
    ./src/lib/analytics.ts [Client Component SSR]
    ./src/app/not-found.tsx [Client Component SSR]
    ./src/app/not-found.tsx [Server Component]

  #5 [Client Component Browser]:
    ./src/lib/analytics.ts [Client Component Browser]
    ./src/components/analytics/CookieConsentBanner.tsx [Client Component Browser]
    ./src/components/analytics/CookieConsentBanner.tsx [Server Component]
    ./src/app/layout.tsx [Server Component]

  #6 [Client Component SSR]:
    ./src/lib/analytics.ts [Client Component SSR]
    ./src/components/analytics/CookieConsentBanner.tsx [Client Component SSR]
    ./src/components/analytics/CookieConsentBanner.tsx [Server Component]
    ./src/app/layout.tsx [Server Component] @ http://localhost:3001/_next/static/chunks/node_modules_next_dist_0u_w_5s._.js:2097
[ 3071815ms] [ERROR] ./src/lib/analytics.ts:2:1
Export KEYS doesn't exist in target module
  1 | import Clarity from '@microsoft/clarity';
> 2 | import { EVENTS, KEYS } from './analytics-events';
    | ^^^^^^^^^^^^^^^^^^^^^^^^^^^^^^^^^^^^^^^^^^^^^^^^^^
  3 | import { getAttributionPayload } from './analytics-source';
  4 |
  5 | declare global {

The export KEYS was not found in module [project]/src/lib/analytics-events.ts [app-ssr] (ecmascript).
The module has no exports at all.
All exports of the module are statically known (It doesn't have dynamic exports). So it's known statically that the requested export doesn't exist.

Import traces:
  #1 [Client Component Browser]:
    ./src/lib/analytics.ts [Client Component Browser]
    ./src/app/error.tsx [Client Component Browser]
    ./src/app/error.tsx [Server Component]

  #2 [Client Component Browser]:
    ./src/lib/analytics.ts [Client Component Browser]
    ./src/app/not-found.tsx [Client Component Browser]
    ./src/app/not-found.tsx [Server Component]

  #3 [Client Component SSR]:
    ./src/lib/analytics.ts [Client Component SSR]
    ./src/app/error.tsx [Client Component SSR]
    ./src/app/error.tsx [Server Component]

  #4 [Client Component SSR]:
    ./src/lib/analytics.ts [Client Component SSR]
    ./src/app/not-found.tsx [Client Component SSR]
    ./src/app/not-found.tsx [Server Component]

  #5 [Client Component Browser]:
    ./src/lib/analytics.ts [Client Component Browser]
    ./src/components/analytics/CookieConsentBanner.tsx [Client Component Browser]
    ./src/components/analytics/CookieConsentBanner.tsx [Server Component]
    ./src/app/layout.tsx [Server Component]

  #6 [Client Component SSR]:
    ./src/lib/analytics.ts [Client Component SSR]
    ./src/components/analytics/CookieConsentBanner.tsx [Client Component SSR]
    ./src/components/analytics/CookieConsentBanner.tsx [Server Component]
    ./src/app/layout.tsx [Server Component] @ http://localhost:3001/_next/static/chunks/node_modules_next_dist_0u_w_5s._.js:2097
[ 3071815ms] [ERROR] ./src/app/layout.tsx:14:1
Module not found: Can't resolve '@dangelopalladino/etf-core/analytics'
  12 | import { AuthProvider } from "@/components/AuthProvider";
  13 | import PageviewTracker from "@/components/analytics/PageviewTracker";
> 14 | import { GA4Loader } from "@dangelopalladino/etf-core/analytics";
     | ^^^^^^^^^^^^^^^^^^^^^^^^^^^^^^^^^^^^^^^^^^^^^^^^^^^^^^^^^^^^^^^^^
  15 | import ClarityLoader from "@/components/analytics/ClarityLoader";
  16 | import ClarityIdentifier from "@/components/analytics/ClarityIdentifier";
  17 | import CookieConsentBanner from "@/components/analytics/CookieConsentBanner";

https://nextjs.org/docs/messages/module-not-found @ http://localhost:3001/_next/static/chunks/node_modules_next_dist_0u_w_5s._.js:2097
[ 3071815ms] [ERROR] ./src/lib/analytics-events.ts:2:1
Module not found: Can't resolve '@dangelopalladino/etf-core/analytics'
  1 | // Phase 11: analytics event catalog sourced from @dangelopalladino/etf-core.
> 2 | export * from '@dangelopalladino/etf-core/analytics';
    | ^^^^^^^^^^^^^^^^^^^^^^^^^^^^^^^^^^^^^^^^^^^^^^^^^^^^^
  3 |

Import traces:
  Client Component Browser:
    ./src/lib/analytics-events.ts [Client Component Browser]
    ./src/lib/analytics.ts [Client Component Browser]
    ./src/components/analytics/CookieConsentBanner.tsx [Client Component Browser]
    ./src/components/analytics/CookieConsentBanner.tsx [Server Component]
    ./src/app/layout.tsx [Server Component]

  Client Component SSR:
    ./src/lib/analytics-events.ts [Client Component SSR]
    ./src/lib/analytics.ts [Client Component SSR]
    ./src/components/analytics/CookieConsentBanner.tsx [Client Component SSR]
    ./src/components/analytics/CookieConsentBanner.tsx [Server Component]
    ./src/app/layout.tsx [Server Component]

https://nextjs.org/docs/messages/module-not-found @ http://localhost:3001/_next/static/chunks/node_modules_next_dist_0u_w_5s._.js:2097
[ 3071815ms] [ERROR] ./src/components/BrandProviderClient.tsx:19:1
Module not found: Can't resolve '@dangelopalladino/etf-core/brand'
  17 |  */
  18 |
> 19 | import { BrandProvider, type BrandProviderProps } from '@dangelopalladino/etf-core/brand';
     | ^^^^^^^^^^^^^^^^^^^^^^^^^^^^^^^^^^^^^^^^^^^^^^^^^^^^^^^^^^^^^^^^^^^^^^^^^^^^^^^^^^^^^^^^^^
  20 |
  21 | export default function BrandProviderClient(props: BrandProviderProps) {
  22 |   return <BrandProvider {...props} />;

Import trace:
  Server Component:
    ./src/components/BrandProviderClient.tsx
    ./src/app/layout.tsx

https://nextjs.org/docs/messages/module-not-found @ http://localhost:3001/_next/static/chunks/node_modules_next_dist_0u_w_5s._.js:2097
[ 3071815ms] [ERROR] ./src/lib/antd-theme.ts:35:1
Module not found: Can't resolve '@dangelopalladino/etf-core/tokens/6id'
  33 | export type { StatusType } from '@dangelopalladino/etf-core/tokens/6id';
  34 |
> 35 | import { themeConfig as etfCoreThemeConfig } from '@dangelopalladino/etf-core/tokens/6id';
     | ^^^^^^^^^^^^^^^^^^^^^^^^^^^^^^^^^^^^^^^^^^^^^^^^^^^^^^^^^^^^^^^^^^^^^^^^^^^^^^^^^^^^^^^^^^
  36 |
  37 | // Canonical 6i palette — v2 design system (navy + off-white + electric blue)
  38 | const CANONICAL_6I = {

Import traces:
  Client Component Browser:
    ./src/lib/antd-theme.ts [Client Component Browser]
    ./src/components/AntdProvider.tsx [Client Component Browser]
    ./src/components/AntdProvider.tsx [Server Component]
    ./src/app/layout.tsx [Server Component]

  Client Component SSR:
    ./src/lib/antd-theme.ts [Client Component SSR]
    ./src/components/AntdProvider.tsx [Client Component SSR]
    ./src/components/AntdProvider.tsx [Server Component]
    ./src/app/layout.tsx [Server Component]

https://nextjs.org/docs/messages/module-not-found @ http://localhost:3001/_next/static/chunks/node_modules_next_dist_0u_w_5s._.js:2097
[ 3071815ms] [ERROR] ./src/lib/brand-tokens.ts:5:1
Module not found: Can't resolve '@dangelopalladino/etf-core/tokens/6id'
   3 | // IDENTITY_COLORS is overridden here with v2 saturated palette; all other tokens
   4 | // forwarded from etf-core unchanged.
>  5 | export {
     | ^^^^^^^
>  6 |   BLUEPRINT_SHADOWS,
     | ^^^^^^^^^^^^^^^^^^^^
>  7 |   BORDER_TOKENS,
     | ^^^^^^^^^^^^^^^^
>  8 |   BRAND,
     | ^^^^^^^^
>  9 |   BRAND_GOLD,
     | ^^^^^^^^^^^^^
> 10 |   DARK_MODE_COLORS,
     | ^^^^^^^^^^^^^^^^^^^
> 11 |   HEADING_SCALE,
     | ^^^^^^^^^^^^^^^^
> 12 |   SCORE_COLORS,
     | ^^^^^^^^^^^^^^^
> 13 |   SHADOW_TOKENS,
     | ^^^^^^^^^^^^^^^^
> 14 |   STATUS_STYLES,
     | ^^^^^^^^^^^^^^^^
> 15 |   SURFACE_TOKENS,
     | ^^^^^^^^^^^^^^^^^
> 16 |   baseThemeConfig,
     | ^^^^^^^^^^^^^^^^^^
> 17 |   darkThemeConfig,
     | ^^^^^^^^^^^^^^^^^^
> 18 |   getScoreColor,
     | ^^^^^^^^^^^^^^^^
> 19 |   needsDarkTextOnBackground,
     | ^^^^^^^^^^^^^^^^^^^^^^^^^^^^
> 20 | } from '@dangelopalladino/etf-core/tokens/6id';
     | ^^^^^^^^^^^^^^^^^^^^^^^^^^^^^^^^^^^^^^^^^^^^^^^
  21 | export type { StatusType } from '@dangelopalladino/etf-core/tokens/6id';
  22 |
  23 | // v2 saturated identity palette — overrides etf-core pottery-glaze values.

Import traces:
  Server Component:
    ./src/lib/brand-tokens.ts
    ./src/app/opengraph-image.tsx
    ./src/app/opengraph-image--metadata.js

  Client Component Browser:
    ./src/lib/brand-tokens.ts [Client Component Browser]
    ./src/components/Characters.tsx [Client Component Browser]
    ./src/components/results/ShareCard.tsx [Client Component Browser]
    ./src/components/results/ShareCard.tsx [Server Component]
    ./src/app/results/page.tsx [Server Component]

  Client Component SSR:
    ./src/lib/brand-tokens.ts [Client Component SSR]
    ./src/components/Characters.tsx [Client Component SSR]
    ./src/components/results/ShareCard.tsx [Client Component SSR]
    ./src/components/results/ShareCard.tsx [Server Component]
    ./src/app/results/page.tsx [Server Component]

https://nextjs.org/docs/messages/module-not-found @ http://localhost:3001/_next/static/chunks/node_modules_next_dist_0u_w_5s._.js:2097
[ 3071815ms] [ERROR] ./src/components/shared/BrandCta.tsx:3:1
Module not found: Can't resolve '@dangelopalladino/etf-core/ui-client'
  1 | // Phase 11: BrandCta sourced from @dangelopalladino/etf-core.
  2 | 'use client';
> 3 | export { BrandCta as default } from '@dangelopalladino/etf-core/ui-client';
    | ^^^^^^^^^^^^^^^^^^^^^^^^^^^^^^^^^^^^^^^^^^^^^^^^^^^^^^^^^^^^^^^^^^^^^^^^^^^
  4 |

Import traces:
  Server Component:
    ./src/components/shared/BrandCta.tsx
    ./src/app/results/page.tsx

  Client Component Browser:
    ./src/components/shared/BrandCta.tsx [Client Component Browser]
    ./src/app/not-found.tsx [Client Component Browser]
    ./src/app/not-found.tsx [Server Component]

  Client Component SSR:
    ./src/components/shared/BrandCta.tsx [Client Component SSR]
    ./src/app/not-found.tsx [Client Component SSR]
    ./src/app/not-found.tsx [Server Component]

https://nextjs.org/docs/messages/module-not-found @ http://localhost:3001/_next/static/chunks/node_modules_next_dist_0u_w_5s._.js:2097
[ 3071815ms] [ERROR] ./src/components/shared/ScoreBar.tsx:3:1
Module not found: Can't resolve '@dangelopalladino/etf-core/ui-client'
  1 | // Phase 11: ScoreBar sourced from @dangelopalladino/etf-core.
  2 | 'use client';
> 3 | export { ScoreBar as default } from '@dangelopalladino/etf-core/ui-client';
    | ^^^^^^^^^^^^^^^^^^^^^^^^^^^^^^^^^^^^^^^^^^^^^^^^^^^^^^^^^^^^^^^^^^^^^^^^^^^
  4 |

Import traces:
  Client Component Browser:
    ./src/components/shared/ScoreBar.tsx [Client Component Browser]
    ./src/components/results/v2/ScoreDashboard.tsx [Client Component Browser]
    ./src/components/results/v2/ScoreDashboard.tsx [Server Component]
    ./src/app/results/page.tsx [Server Component]

  Client Component SSR:
    ./src/components/shared/ScoreBar.tsx [Client Component SSR]
    ./src/components/results/v2/ScoreDashboard.tsx [Client Component SSR]
    ./src/components/results/v2/ScoreDashboard.tsx [Server Component]
    ./src/app/results/page.tsx [Server Component]

https://nextjs.org/docs/messages/module-not-found @ http://localhost:3001/_next/static/chunks/node_modules_next_dist_0u_w_5s._.js:2097
[ 3071816ms] [ERROR] ./src/components/shared/SectionHeader.tsx:8:1
Module not found: Can't resolve '@dangelopalladino/etf-core/ui-client'
   6 |
   7 | import React from 'react';
>  8 | import { SectionHeader as CoreSectionHeader } from '@dangelopalladino/etf-core/ui-client';
     | ^^^^^^^^^^^^^^^^^^^^^^^^^^^^^^^^^^^^^^^^^^^^^^^^^^^^^^^^^^^^^^^^^^^^^^^^^^^^^^^^^^^^^^^^^^
   9 |
  10 | type CoreAlign = 'left' | 'center';
  11 |

Import traces:
  Client Component Browser:
    ./src/components/shared/SectionHeader.tsx [Client Component Browser]
    ./src/components/results/v2/PatternTypeCard.tsx [Client Component Browser]
    ./src/components/results/v2/PatternTypeCard.tsx [Server Component]
    ./src/app/results/page.tsx [Server Component]

  Client Component SSR:
    ./src/components/shared/SectionHeader.tsx [Client Component SSR]
    ./src/components/results/v2/PatternTypeCard.tsx [Client Component SSR]
    ./src/components/results/v2/PatternTypeCard.tsx [Server Component]
    ./src/app/results/page.tsx [Server Component]

https://nextjs.org/docs/messages/module-not-found @ http://localhost:3001/_next/static/chunks/node_modules_next_dist_0u_w_5s._.js:2097
[ 3071816ms] [ERROR] ./src/components/shared/StatusBadge.tsx:3:1
Module not found: Can't resolve '@dangelopalladino/etf-core/ui-client'
  1 | // Phase 11: StatusBadge sourced from @dangelopalladino/etf-core.
  2 | 'use client';
> 3 | export { StatusBadge as default } from '@dangelopalladino/etf-core/ui-client';
    | ^^^^^^^^^^^^^^^^^^^^^^^^^^^^^^^^^^^^^^^^^^^^^^^^^^^^^^^^^^^^^^^^^^^^^^^^^^^^^^
  4 |

Import traces:
  Client Component Browser:
    ./src/components/shared/StatusBadge.tsx [Client Component Browser]
    ./src/components/results/v2/CoreCodeArchetype.tsx [Client Component Browser]
    ./src/components/results/v2/CoreCodeArchetype.tsx [Server Component]
    ./src/app/results/page.tsx [Server Component]

  Client Component SSR:
    ./src/components/shared/StatusBadge.tsx [Client Component SSR]
    ./src/components/results/v2/CoreCodeArchetype.tsx [Client Component SSR]
    ./src/components/results/v2/CoreCodeArchetype.tsx [Server Component]
    ./src/app/results/page.tsx [Server Component]

https://nextjs.org/docs/messages/module-not-found @ http://localhost:3001/_next/static/chunks/node_modules_next_dist_0u_w_5s._.js:2097
[ 3071816ms] [ERROR] ./src/components/shared/SectionWrapper.tsx:2:1
Module not found: Can't resolve '@dangelopalladino/etf-core/ui-server'
  1 | // Phase 11: server-safe SectionWrapper sourced from @dangelopalladino/etf-core.
> 2 | export { SectionWrapper as default } from '@dangelopalladino/etf-core/ui-server';
    | ^^^^^^^^^^^^^^^^^^^^^^^^^^^^^^^^^^^^^^^^^^^^^^^^^^^^^^^^^^^^^^^^^^^^^^^^^^^^^^^^^
  3 |

Import traces:
  #1 [Server Component]:
    ./src/components/shared/SectionWrapper.tsx
    ./src/app/results/page.tsx

  #2 [Client Component Browser]:
    ./src/components/shared/SectionWrapper.tsx [Client Component Browser]
    ./src/components/results/v2/ComponentDeepDives.tsx [Client Component Browser]
    ./src/components/results/v2/ComponentDeepDives.tsx [Server Component]
    ./src/app/results/page.tsx [Server Component]

  #3 [Client Component Browser]:
    ./src/components/shared/SectionWrapper.tsx [Client Component Browser]
    ./src/components/results/v2/PatternTypeCard.tsx [Client Component Browser]
    ./src/components/results/v2/PatternTypeCard.tsx [Server Component]
    ./src/app/results/page.tsx [Server Component]

  #4 [Client Component SSR]:
    ./src/components/shared/SectionWrapper.tsx [Client Component SSR]
    ./src/components/results/v2/ComponentDeepDives.tsx [Client Component SSR]
    ./src/components/results/v2/ComponentDeepDives.tsx [Server Component]
    ./src/app/results/page.tsx [Server Component]

  #5 [Client Component SSR]:
    ./src/components/shared/SectionWrapper.tsx [Client Component SSR]
    ./src/components/results/v2/PatternTypeCard.tsx [Client Component SSR]
    ./src/components/results/v2/PatternTypeCard.tsx [Server Component]
    ./src/app/results/page.tsx [Server Component]

https://nextjs.org/docs/messages/module-not-found @ http://localhost:3001/_next/static/chunks/node_modules_next_dist_0u_w_5s._.js:2097
[ 3071816ms] [ERROR] ./src/components/shared/ServerTypography.tsx:6:1
Module not found: Can't resolve '@dangelopalladino/etf-core/ui-server'
   4 | // use `text-foreground` (warm charcoal). We inject `text-foreground` before any caller-su...
   5 | // className so the token wins even if callers explicitly pass `text-primary`.
>  6 | import {
     | ^^^^^^^
>  7 |   ServerHeading as _ServerHeading,
     | ^^^^^^^^^^^^^^^^^^^^^^^^^^^^^^^^^^
>  8 |   ServerText,
     | ^^^^^^^^^^^^^
>  9 |   Eyebrow as _Eyebrow,
     | ^^^^^^^^^^^^^^^^^^^^^^
> 10 | } from '@dangelopalladino/etf-core/ui-server';
     | ^^^^^^^^^^^^^^^^^^^^^^^^^^^^^^^^^^^^^^^^^^^^^^
  11 | import type { ComponentProps } from 'react';
  12 |
  13 | export function ServerHeading({ className = '', ...props }: ComponentProps<typeof _ServerH...

Import traces:
  #1 [Server Component]:
    ./src/components/shared/ServerTypography.tsx
    ./src/app/results/page.tsx

  #2 [Server Component]:
    ./src/components/shared/ServerTypography.tsx
    ./src/components/shared/NonClinicalDisclaimer.tsx
    ./src/app/results/page.tsx

  #3 [Client Component Browser]:
    ./src/components/shared/ServerTypography.tsx [Client Component Browser]
    ./src/components/status/StateBase.tsx [Client Component Browser]
    ./src/components/status/ErrorState.tsx [Client Component Browser]
    ./src/components/status/ErrorState.tsx [Server Component]
    ./src/app/results/page.tsx [Server Component]

  #4 [Client Component SSR]:
    ./src/components/shared/ServerTypography.tsx [Client Component SSR]
    ./src/components/status/StateBase.tsx [Client Component SSR]
    ./src/components/status/ErrorState.tsx [Client Component SSR]
    ./src/components/status/ErrorState.tsx [Server Component]
    ./src/app/results/page.tsx [Server Component]

https://nextjs.org/docs/messages/module-not-found @ http://localhost:3001/_next/static/chunks/node_modules_next_dist_0u_w_5s._.js:2097
[ 3071816ms] [ERROR] ./src/lib/analytics.ts:2:1
Export EVENTS doesn't exist in target module
  1 | import Clarity from '@microsoft/clarity';
> 2 | import { EVENTS, KEYS } from './analytics-events';
    | ^^^^^^^^^^^^^^^^^^^^^^^^^^^^^^^^^^^^^^^^^^^^^^^^^^
  3 | import { getAttributionPayload } from './analytics-source';
  4 |
  5 | declare global {

The export EVENTS was not found in module [project]/src/lib/analytics-events.ts [app-client] (ecmascript).
The module has no exports at all.
All exports of the module are statically known (It doesn't have dynamic exports). So it's known statically that the requested export doesn't exist.

Import traces:
  #1 [Client Component Browser]:
    ./src/lib/analytics.ts [Client Component Browser]
    ./src/app/error.tsx [Client Component Browser]
    ./src/app/error.tsx [Server Component]

  #2 [Client Component Browser]:
    ./src/lib/analytics.ts [Client Component Browser]
    ./src/app/not-found.tsx [Client Component Browser]
    ./src/app/not-found.tsx [Server Component]

  #3 [Client Component SSR]:
    ./src/lib/analytics.ts [Client Component SSR]
    ./src/app/error.tsx [Client Component SSR]
    ./src/app/error.tsx [Server Component]

  #4 [Client Component SSR]:
    ./src/lib/analytics.ts [Client Component SSR]
    ./src/app/not-found.tsx [Client Component SSR]
    ./src/app/not-found.tsx [Server Component]

  #5 [Client Component Browser]:
    ./src/lib/analytics.ts [Client Component Browser]
    ./src/components/analytics/CookieConsentBanner.tsx [Client Component Browser]
    ./src/components/analytics/CookieConsentBanner.tsx [Server Component]
    ./src/app/layout.tsx [Server Component]

  #6 [Client Component SSR]:
    ./src/lib/analytics.ts [Client Component SSR]
    ./src/components/analytics/CookieConsentBanner.tsx [Client Component SSR]
    ./src/components/analytics/CookieConsentBanner.tsx [Server Component]
    ./src/app/layout.tsx [Server Component] @ http://localhost:3001/_next/static/chunks/node_modules_next_dist_0u_w_5s._.js:2097
[ 3071816ms] [ERROR] ./src/lib/analytics.ts:2:1
Export EVENTS doesn't exist in target module
  1 | import Clarity from '@microsoft/clarity';
> 2 | import { EVENTS, KEYS } from './analytics-events';
    | ^^^^^^^^^^^^^^^^^^^^^^^^^^^^^^^^^^^^^^^^^^^^^^^^^^
  3 | import { getAttributionPayload } from './analytics-source';
  4 |
  5 | declare global {

The export EVENTS was not found in module [project]/src/lib/analytics-events.ts [app-ssr] (ecmascript).
The module has no exports at all.
All exports of the module are statically known (It doesn't have dynamic exports). So it's known statically that the requested export doesn't exist.

Import traces:
  #1 [Client Component Browser]:
    ./src/lib/analytics.ts [Client Component Browser]
    ./src/app/error.tsx [Client Component Browser]
    ./src/app/error.tsx [Server Component]

  #2 [Client Component Browser]:
    ./src/lib/analytics.ts [Client Component Browser]
    ./src/app/not-found.tsx [Client Component Browser]
    ./src/app/not-found.tsx [Server Component]

  #3 [Client Component SSR]:
    ./src/lib/analytics.ts [Client Component SSR]
    ./src/app/error.tsx [Client Component SSR]
    ./src/app/error.tsx [Server Component]

  #4 [Client Component SSR]:
    ./src/lib/analytics.ts [Client Component SSR]
    ./src/app/not-found.tsx [Client Component SSR]
    ./src/app/not-found.tsx [Server Component]

  #5 [Client Component Browser]:
    ./src/lib/analytics.ts [Client Component Browser]
    ./src/components/analytics/CookieConsentBanner.tsx [Client Component Browser]
    ./src/components/analytics/CookieConsentBanner.tsx [Server Component]
    ./src/app/layout.tsx [Server Component]

  #6 [Client Component SSR]:
    ./src/lib/analytics.ts [Client Component SSR]
    ./src/components/analytics/CookieConsentBanner.tsx [Client Component SSR]
    ./src/components/analytics/CookieConsentBanner.tsx [Server Component]
    ./src/app/layout.tsx [Server Component] @ http://localhost:3001/_next/static/chunks/node_modules_next_dist_0u_w_5s._.js:2097
[ 3071816ms] [ERROR] ./src/lib/analytics.ts:2:1
Export KEYS doesn't exist in target module
  1 | import Clarity from '@microsoft/clarity';
> 2 | import { EVENTS, KEYS } from './analytics-events';
    | ^^^^^^^^^^^^^^^^^^^^^^^^^^^^^^^^^^^^^^^^^^^^^^^^^^
  3 | import { getAttributionPayload } from './analytics-source';
  4 |
  5 | declare global {

The export KEYS was not found in module [project]/src/lib/analytics-events.ts [app-client] (ecmascript).
The module has no exports at all.
All exports of the module are statically known (It doesn't have dynamic exports). So it's known statically that the requested export doesn't exist.

Import traces:
  #1 [Client Component Browser]:
    ./src/lib/analytics.ts [Client Component Browser]
    ./src/app/error.tsx [Client Component Browser]
    ./src/app/error.tsx [Server Component]

  #2 [Client Component Browser]:
    ./src/lib/analytics.ts [Client Component Browser]
    ./src/app/not-found.tsx [Client Component Browser]
    ./src/app/not-found.tsx [Server Component]

  #3 [Client Component SSR]:
    ./src/lib/analytics.ts [Client Component SSR]
    ./src/app/error.tsx [Client Component SSR]
    ./src/app/error.tsx [Server Component]

  #4 [Client Component SSR]:
    ./src/lib/analytics.ts [Client Component SSR]
    ./src/app/not-found.tsx [Client Component SSR]
    ./src/app/not-found.tsx [Server Component]

  #5 [Client Component Browser]:
    ./src/lib/analytics.ts [Client Component Browser]
    ./src/components/analytics/CookieConsentBanner.tsx [Client Component Browser]
    ./src/components/analytics/CookieConsentBanner.tsx [Server Component]
    ./src/app/layout.tsx [Server Component]

  #6 [Client Component SSR]:
    ./src/lib/analytics.ts [Client Component SSR]
    ./src/components/analytics/CookieConsentBanner.tsx [Client Component SSR]
    ./src/components/analytics/CookieConsentBanner.tsx [Server Component]
    ./src/app/layout.tsx [Server Component] @ http://localhost:3001/_next/static/chunks/node_modules_next_dist_0u_w_5s._.js:2097
[ 3071816ms] [ERROR] ./src/lib/analytics.ts:2:1
Export KEYS doesn't exist in target module
  1 | import Clarity from '@microsoft/clarity';
> 2 | import { EVENTS, KEYS } from './analytics-events';
    | ^^^^^^^^^^^^^^^^^^^^^^^^^^^^^^^^^^^^^^^^^^^^^^^^^^
  3 | import { getAttributionPayload } from './analytics-source';
  4 |
  5 | declare global {

The export KEYS was not found in module [project]/src/lib/analytics-events.ts [app-ssr] (ecmascript).
The module has no exports at all.
All exports of the module are statically known (It doesn't have dynamic exports). So it's known statically that the requested export doesn't exist.

Import traces:
  #1 [Client Component Browser]:
    ./src/lib/analytics.ts [Client Component Browser]
    ./src/app/error.tsx [Client Component Browser]
    ./src/app/error.tsx [Server Component]

  #2 [Client Component Browser]:
    ./src/lib/analytics.ts [Client Component Browser]
    ./src/app/not-found.tsx [Client Component Browser]
    ./src/app/not-found.tsx [Server Component]

  #3 [Client Component SSR]:
    ./src/lib/analytics.ts [Client Component SSR]
    ./src/app/error.tsx [Client Component SSR]
    ./src/app/error.tsx [Server Component]

  #4 [Client Component SSR]:
    ./src/lib/analytics.ts [Client Component SSR]
    ./src/app/not-found.tsx [Client Component SSR]
    ./src/app/not-found.tsx [Server Component]

  #5 [Client Component Browser]:
    ./src/lib/analytics.ts [Client Component Browser]
    ./src/components/analytics/CookieConsentBanner.tsx [Client Component Browser]
    ./src/components/analytics/CookieConsentBanner.tsx [Server Component]
    ./src/app/layout.tsx [Server Component]

  #6 [Client Component SSR]:
    ./src/lib/analytics.ts [Client Component SSR]
    ./src/components/analytics/CookieConsentBanner.tsx [Client Component SSR]
    ./src/components/analytics/CookieConsentBanner.tsx [Server Component]
    ./src/app/layout.tsx [Server Component] @ http://localhost:3001/_next/static/chunks/node_modules_next_dist_0u_w_5s._.js:2097
[ 3071817ms] [ERROR] ./src/app/layout.tsx:14:1
Module not found: Can't resolve '@dangelopalladino/etf-core/analytics'
  12 | import { AuthProvider } from "@/components/AuthProvider";
  13 | import PageviewTracker from "@/components/analytics/PageviewTracker";
> 14 | import { GA4Loader } from "@dangelopalladino/etf-core/analytics";
     | ^^^^^^^^^^^^^^^^^^^^^^^^^^^^^^^^^^^^^^^^^^^^^^^^^^^^^^^^^^^^^^^^^
  15 | import ClarityLoader from "@/components/analytics/ClarityLoader";
  16 | import ClarityIdentifier from "@/components/analytics/ClarityIdentifier";
  17 | import CookieConsentBanner from "@/components/analytics/CookieConsentBanner";

https://nextjs.org/docs/messages/module-not-found @ http://localhost:3001/_next/static/chunks/node_modules_next_dist_0u_w_5s._.js:2097
[ 3071817ms] [ERROR] ./src/lib/analytics-events.ts:2:1
Module not found: Can't resolve '@dangelopalladino/etf-core/analytics'
  1 | // Phase 11: analytics event catalog sourced from @dangelopalladino/etf-core.
> 2 | export * from '@dangelopalladino/etf-core/analytics';
    | ^^^^^^^^^^^^^^^^^^^^^^^^^^^^^^^^^^^^^^^^^^^^^^^^^^^^^
  3 |

Import traces:
  Client Component Browser:
    ./src/lib/analytics-events.ts [Client Component Browser]
    ./src/lib/analytics.ts [Client Component Browser]
    ./src/components/analytics/CookieConsentBanner.tsx [Client Component Browser]
    ./src/components/analytics/CookieConsentBanner.tsx [Server Component]
    ./src/app/layout.tsx [Server Component]

  Client Component SSR:
    ./src/lib/analytics-events.ts [Client Component SSR]
    ./src/lib/analytics.ts [Client Component SSR]
    ./src/components/analytics/CookieConsentBanner.tsx [Client Component SSR]
    ./src/components/analytics/CookieConsentBanner.tsx [Server Component]
    ./src/app/layout.tsx [Server Component]

https://nextjs.org/docs/messages/module-not-found @ http://localhost:3001/_next/static/chunks/node_modules_next_dist_0u_w_5s._.js:2097
[ 3071817ms] [ERROR] ./src/components/BrandProviderClient.tsx:19:1
Module not found: Can't resolve '@dangelopalladino/etf-core/brand'
  17 |  */
  18 |
> 19 | import { BrandProvider, type BrandProviderProps } from '@dangelopalladino/etf-core/brand';
     | ^^^^^^^^^^^^^^^^^^^^^^^^^^^^^^^^^^^^^^^^^^^^^^^^^^^^^^^^^^^^^^^^^^^^^^^^^^^^^^^^^^^^^^^^^^
  20 |
  21 | export default function BrandProviderClient(props: BrandProviderProps) {
  22 |   return <BrandProvider {...props} />;

Import trace:
  Server Component:
    ./src/components/BrandProviderClient.tsx
    ./src/app/layout.tsx

https://nextjs.org/docs/messages/module-not-found @ http://localhost:3001/_next/static/chunks/node_modules_next_dist_0u_w_5s._.js:2097
[ 3071817ms] [ERROR] ./src/components/seo/BreadcrumbJsonLd.tsx:2:1
Module not found: Can't resolve '@dangelopalladino/etf-core/seo'
  1 | ...React from 'react';
> 2 | ...{ BreadcrumbJsonLd as Base, type BreadcrumbJsonLdProps } from '@dangelopalladino/etf-cor...
    |    ^^^^^^^^^^^^^^^^^^^^^^^^^^^^^^^^^^^^^^^^^^^^^^^^^^^^^^^^^^^^^^^^^^^^^^^^^^^^^^^^^^^^^^^^^^^
  3 | ...
  4 | ...ITE_URL = process.env.NEXT_PUBLIC_SITE_URL || 'https://www.6identities.com';
  5 | ...

Import trace:
  Server Component:
    ./src/components/seo/BreadcrumbJsonLd.tsx
    ./src/app/professionals/page.tsx

https://nextjs.org/docs/messages/module-not-found @ http://localhost:3001/_next/static/chunks/node_modules_next_dist_0u_w_5s._.js:2097
[ 3071817ms] [ERROR] ./src/lib/antd-theme.ts:35:1
Module not found: Can't resolve '@dangelopalladino/etf-core/tokens/6id'
  33 | export type { StatusType } from '@dangelopalladino/etf-core/tokens/6id';
  34 |
> 35 | import { themeConfig as etfCoreThemeConfig } from '@dangelopalladino/etf-core/tokens/6id';
     | ^^^^^^^^^^^^^^^^^^^^^^^^^^^^^^^^^^^^^^^^^^^^^^^^^^^^^^^^^^^^^^^^^^^^^^^^^^^^^^^^^^^^^^^^^^
  36 |
  37 | // Canonical 6i palette — v2 design system (navy + off-white + electric blue)
  38 | const CANONICAL_6I = {

Import traces:
  Client Component Browser:
    ./src/lib/antd-theme.ts [Client Component Browser]
    ./src/components/AntdProvider.tsx [Client Component Browser]
    ./src/components/AntdProvider.tsx [Server Component]
    ./src/app/layout.tsx [Server Component]

  Client Component SSR:
    ./src/lib/antd-theme.ts [Client Component SSR]
    ./src/components/AntdProvider.tsx [Client Component SSR]
    ./src/components/AntdProvider.tsx [Server Component]
    ./src/app/layout.tsx [Server Component]

https://nextjs.org/docs/messages/module-not-found @ http://localhost:3001/_next/static/chunks/node_modules_next_dist_0u_w_5s._.js:2097
[ 3071817ms] [ERROR] ./src/lib/brand-tokens.ts:5:1
Module not found: Can't resolve '@dangelopalladino/etf-core/tokens/6id'
   3 | // IDENTITY_COLORS is overridden here with v2 saturated palette; all other tokens
   4 | // forwarded from etf-core unchanged.
>  5 | export {
     | ^^^^^^^
>  6 |   BLUEPRINT_SHADOWS,
     | ^^^^^^^^^^^^^^^^^^^^
>  7 |   BORDER_TOKENS,
     | ^^^^^^^^^^^^^^^^
>  8 |   BRAND,
     | ^^^^^^^^
>  9 |   BRAND_GOLD,
     | ^^^^^^^^^^^^^
> 10 |   DARK_MODE_COLORS,
     | ^^^^^^^^^^^^^^^^^^^
> 11 |   HEADING_SCALE,
     | ^^^^^^^^^^^^^^^^
> 12 |   SCORE_COLORS,
     | ^^^^^^^^^^^^^^^
> 13 |   SHADOW_TOKENS,
     | ^^^^^^^^^^^^^^^^
> 14 |   STATUS_STYLES,
     | ^^^^^^^^^^^^^^^^
> 15 |   SURFACE_TOKENS,
     | ^^^^^^^^^^^^^^^^^
> 16 |   baseThemeConfig,
     | ^^^^^^^^^^^^^^^^^^
> 17 |   darkThemeConfig,
     | ^^^^^^^^^^^^^^^^^^
> 18 |   getScoreColor,
     | ^^^^^^^^^^^^^^^^
> 19 |   needsDarkTextOnBackground,
     | ^^^^^^^^^^^^^^^^^^^^^^^^^^^^
> 20 | } from '@dangelopalladino/etf-core/tokens/6id';
     | ^^^^^^^^^^^^^^^^^^^^^^^^^^^^^^^^^^^^^^^^^^^^^^^
  21 | export type { StatusType } from '@dangelopalladino/etf-core/tokens/6id';
  22 |
  23 | // v2 saturated identity palette — overrides etf-core pottery-glaze values.

Import trace:
  Server Component:
    ./src/lib/brand-tokens.ts
    ./src/app/opengraph-image.tsx
    ./src/app/opengraph-image--metadata.js

https://nextjs.org/docs/messages/module-not-found @ http://localhost:3001/_next/static/chunks/node_modules_next_dist_0u_w_5s._.js:2097
[ 3071817ms] [ERROR] ./src/components/shared/BrandCta.tsx:3:1
Module not found: Can't resolve '@dangelopalladino/etf-core/ui-client'
  1 | // Phase 11: BrandCta sourced from @dangelopalladino/etf-core.
  2 | 'use client';
> 3 | export { BrandCta as default } from '@dangelopalladino/etf-core/ui-client';
    | ^^^^^^^^^^^^^^^^^^^^^^^^^^^^^^^^^^^^^^^^^^^^^^^^^^^^^^^^^^^^^^^^^^^^^^^^^^^
  4 |

Import traces:
  Server Component:
    ./src/components/shared/BrandCta.tsx
    ./src/app/professionals/page.tsx

  Client Component Browser:
    ./src/components/shared/BrandCta.tsx [Client Component Browser]
    ./src/app/not-found.tsx [Client Component Browser]
    ./src/app/not-found.tsx [Server Component]

  Client Component SSR:
    ./src/components/shared/BrandCta.tsx [Client Component SSR]
    ./src/app/not-found.tsx [Client Component SSR]
    ./src/app/not-found.tsx [Server Component]

https://nextjs.org/docs/messages/module-not-found @ http://localhost:3001/_next/static/chunks/node_modules_next_dist_0u_w_5s._.js:2097
[ 3071817ms] [ERROR] ./src/components/shared/CtaSection.tsx:3:1
Module not found: Can't resolve '@dangelopalladino/etf-core/ui-client'
  1 | // Phase 11: CtaSection sourced from @dangelopalladino/etf-core.
  2 | 'use client';
> 3 | export { CtaSection as default } from '@dangelopalladino/etf-core/ui-client';
    | ^^^^^^^^^^^^^^^^^^^^^^^^^^^^^^^^^^^^^^^^^^^^^^^^^^^^^^^^^^^^^^^^^^^^^^^^^^^^^
  4 |

Import trace:
  Server Component:
    ./src/components/shared/CtaSection.tsx
    ./src/app/professionals/page.tsx

https://nextjs.org/docs/messages/module-not-found @ http://localhost:3001/_next/static/chunks/node_modules_next_dist_0u_w_5s._.js:2097
[ 3071817ms] [ERROR] ./src/components/shared/SectionHeader.tsx:8:1
Module not found: Can't resolve '@dangelopalladino/etf-core/ui-client'
   6 |
   7 | import React from 'react';
>  8 | import { SectionHeader as CoreSectionHeader } from '@dangelopalladino/etf-core/ui-client';
     | ^^^^^^^^^^^^^^^^^^^^^^^^^^^^^^^^^^^^^^^^^^^^^^^^^^^^^^^^^^^^^^^^^^^^^^^^^^^^^^^^^^^^^^^^^^
   9 |
  10 | type CoreAlign = 'left' | 'center';
  11 |

Import trace:
  Server Component:
    ./src/components/shared/SectionHeader.tsx
    ./src/app/professionals/page.tsx

https://nextjs.org/docs/messages/module-not-found @ http://localhost:3001/_next/static/chunks/node_modules_next_dist_0u_w_5s._.js:2097
[ 3071817ms] [ERROR] ./src/components/shared/SectionWrapper.tsx:2:1
Module not found: Can't resolve '@dangelopalladino/etf-core/ui-server'
  1 | // Phase 11: server-safe SectionWrapper sourced from @dangelopalladino/etf-core.
> 2 | export { SectionWrapper as default } from '@dangelopalladino/etf-core/ui-server';
    | ^^^^^^^^^^^^^^^^^^^^^^^^^^^^^^^^^^^^^^^^^^^^^^^^^^^^^^^^^^^^^^^^^^^^^^^^^^^^^^^^^
  3 |

Import trace:
  Server Component:
    ./src/components/shared/SectionWrapper.tsx
    ./src/app/professionals/page.tsx

https://nextjs.org/docs/messages/module-not-found @ http://localhost:3001/_next/static/chunks/node_modules_next_dist_0u_w_5s._.js:2097
[ 3071817ms] [ERROR] ./src/components/shared/ServerTypography.tsx:6:1
Module not found: Can't resolve '@dangelopalladino/etf-core/ui-server'
   4 | // use `text-foreground` (warm charcoal). We inject `text-foreground` before any caller-su...
   5 | // className so the token wins even if callers explicitly pass `text-primary`.
>  6 | import {
     | ^^^^^^^
>  7 |   ServerHeading as _ServerHeading,
     | ^^^^^^^^^^^^^^^^^^^^^^^^^^^^^^^^^^
>  8 |   ServerText,
     | ^^^^^^^^^^^^^
>  9 |   Eyebrow as _Eyebrow,
     | ^^^^^^^^^^^^^^^^^^^^^^
> 10 | } from '@dangelopalladino/etf-core/ui-server';
     | ^^^^^^^^^^^^^^^^^^^^^^^^^^^^^^^^^^^^^^^^^^^^^^
  11 | import type { ComponentProps } from 'react';
  12 |
  13 | export function ServerHeading({ className = '', ...props }: ComponentProps<typeof _ServerH...

Import traces:
  Server Component:
    ./src/components/shared/ServerTypography.tsx
    ./src/app/professionals/page.tsx

  Client Component Browser:
    ./src/components/shared/ServerTypography.tsx [Client Component Browser]
    ./src/components/shared/PageHero.tsx [Client Component Browser]
    ./src/components/shared/PageHero.tsx [Server Component]
    ./src/app/professionals/page.tsx [Server Component]

  Client Component SSR:
    ./src/components/shared/ServerTypography.tsx [Client Component SSR]
    ./src/components/shared/PageHero.tsx [Client Component SSR]
    ./src/components/shared/PageHero.tsx [Server Component]
    ./src/app/professionals/page.tsx [Server Component]

https://nextjs.org/docs/messages/module-not-found @ http://localhost:3001/_next/static/chunks/node_modules_next_dist_0u_w_5s._.js:2097
[ 3071817ms] [ERROR] ./src/lib/analytics.ts:2:1
Export EVENTS doesn't exist in target module
  1 | import Clarity from '@microsoft/clarity';
> 2 | import { EVENTS, KEYS } from './analytics-events';
    | ^^^^^^^^^^^^^^^^^^^^^^^^^^^^^^^^^^^^^^^^^^^^^^^^^^
  3 | import { getAttributionPayload } from './analytics-source';
  4 |
  5 | declare global {

The export EVENTS was not found in module [project]/src/lib/analytics-events.ts [app-client] (ecmascript).
The module has no exports at all.
All exports of the module are statically known (It doesn't have dynamic exports). So it's known statically that the requested export doesn't exist.

Import traces:
  #1 [Client Component Browser]:
    ./src/lib/analytics.ts [Client Component Browser]
    ./src/app/error.tsx [Client Component Browser]
    ./src/app/error.tsx [Server Component]

  #2 [Client Component Browser]:
    ./src/lib/analytics.ts [Client Component Browser]
    ./src/app/not-found.tsx [Client Component Browser]
    ./src/app/not-found.tsx [Server Component]

  #3 [Client Component SSR]:
    ./src/lib/analytics.ts [Client Component SSR]
    ./src/app/error.tsx [Client Component SSR]
    ./src/app/error.tsx [Server Component]

  #4 [Client Component SSR]:
    ./src/lib/analytics.ts [Client Component SSR]
    ./src/app/not-found.tsx [Client Component SSR]
    ./src/app/not-found.tsx [Server Component]

  #5 [Client Component Browser]:
    ./src/lib/analytics.ts [Client Component Browser]
    ./src/components/analytics/CookieConsentBanner.tsx [Client Component Browser]
    ./src/components/analytics/CookieConsentBanner.tsx [Server Component]
    ./src/app/layout.tsx [Server Component]

  #6 [Client Component SSR]:
    ./src/lib/analytics.ts [Client Component SSR]
    ./src/components/analytics/CookieConsentBanner.tsx [Client Component SSR]
    ./src/components/analytics/CookieConsentBanner.tsx [Server Component]
    ./src/app/layout.tsx [Server Component] @ http://localhost:3001/_next/static/chunks/node_modules_next_dist_0u_w_5s._.js:2097
[ 3071817ms] [ERROR] ./src/lib/analytics.ts:2:1
Export EVENTS doesn't exist in target module
  1 | import Clarity from '@microsoft/clarity';
> 2 | import { EVENTS, KEYS } from './analytics-events';
    | ^^^^^^^^^^^^^^^^^^^^^^^^^^^^^^^^^^^^^^^^^^^^^^^^^^
  3 | import { getAttributionPayload } from './analytics-source';
  4 |
  5 | declare global {

The export EVENTS was not found in module [project]/src/lib/analytics-events.ts [app-ssr] (ecmascript).
The module has no exports at all.
All exports of the module are statically known (It doesn't have dynamic exports). So it's known statically that the requested export doesn't exist.

Import traces:
  #1 [Client Component Browser]:
    ./src/lib/analytics.ts [Client Component Browser]
    ./src/app/error.tsx [Client Component Browser]
    ./src/app/error.tsx [Server Component]

  #2 [Client Component Browser]:
    ./src/lib/analytics.ts [Client Component Browser]
    ./src/app/not-found.tsx [Client Component Browser]
    ./src/app/not-found.tsx [Server Component]

  #3 [Client Component SSR]:
    ./src/lib/analytics.ts [Client Component SSR]
    ./src/app/error.tsx [Client Component SSR]
    ./src/app/error.tsx [Server Component]

  #4 [Client Component SSR]:
    ./src/lib/analytics.ts [Client Component SSR]
    ./src/app/not-found.tsx [Client Component SSR]
    ./src/app/not-found.tsx [Server Component]

  #5 [Client Component Browser]:
    ./src/lib/analytics.ts [Client Component Browser]
    ./src/components/analytics/CookieConsentBanner.tsx [Client Component Browser]
    ./src/components/analytics/CookieConsentBanner.tsx [Server Component]
    ./src/app/layout.tsx [Server Component]

  #6 [Client Component SSR]:
    ./src/lib/analytics.ts [Client Component SSR]
    ./src/components/analytics/CookieConsentBanner.tsx [Client Component SSR]
    ./src/components/analytics/CookieConsentBanner.tsx [Server Component]
    ./src/app/layout.tsx [Server Component] @ http://localhost:3001/_next/static/chunks/node_modules_next_dist_0u_w_5s._.js:2097
[ 3071819ms] [ERROR] ./src/lib/analytics.ts:2:1
Export KEYS doesn't exist in target module
  1 | import Clarity from '@microsoft/clarity';
> 2 | import { EVENTS, KEYS } from './analytics-events';
    | ^^^^^^^^^^^^^^^^^^^^^^^^^^^^^^^^^^^^^^^^^^^^^^^^^^
  3 | import { getAttributionPayload } from './analytics-source';
  4 |
  5 | declare global {

The export KEYS was not found in module [project]/src/lib/analytics-events.ts [app-client] (ecmascript).
The module has no exports at all.
All exports of the module are statically known (It doesn't have dynamic exports). So it's known statically that the requested export doesn't exist.

Import traces:
  #1 [Client Component Browser]:
    ./src/lib/analytics.ts [Client Component Browser]
    ./src/app/error.tsx [Client Component Browser]
    ./src/app/error.tsx [Server Component]

  #2 [Client Component Browser]:
    ./src/lib/analytics.ts [Client Component Browser]
    ./src/app/not-found.tsx [Client Component Browser]
    ./src/app/not-found.tsx [Server Component]

  #3 [Client Component SSR]:
    ./src/lib/analytics.ts [Client Component SSR]
    ./src/app/error.tsx [Client Component SSR]
    ./src/app/error.tsx [Server Component]

  #4 [Client Component SSR]:
    ./src/lib/analytics.ts [Client Component SSR]
    ./src/app/not-found.tsx [Client Component SSR]
    ./src/app/not-found.tsx [Server Component]

  #5 [Client Component Browser]:
    ./src/lib/analytics.ts [Client Component Browser]
    ./src/components/analytics/CookieConsentBanner.tsx [Client Component Browser]
    ./src/components/analytics/CookieConsentBanner.tsx [Server Component]
    ./src/app/layout.tsx [Server Component]

  #6 [Client Component SSR]:
    ./src/lib/analytics.ts [Client Component SSR]
    ./src/components/analytics/CookieConsentBanner.tsx [Client Component SSR]
    ./src/components/analytics/CookieConsentBanner.tsx [Server Component]
    ./src/app/layout.tsx [Server Component] @ http://localhost:3001/_next/static/chunks/node_modules_next_dist_0u_w_5s._.js:2097
[ 3071819ms] [ERROR] ./src/lib/analytics.ts:2:1
Export KEYS doesn't exist in target module
  1 | import Clarity from '@microsoft/clarity';
> 2 | import { EVENTS, KEYS } from './analytics-events';
    | ^^^^^^^^^^^^^^^^^^^^^^^^^^^^^^^^^^^^^^^^^^^^^^^^^^
  3 | import { getAttributionPayload } from './analytics-source';
  4 |
  5 | declare global {

The export KEYS was not found in module [project]/src/lib/analytics-events.ts [app-ssr] (ecmascript).
The module has no exports at all.
All exports of the module are statically known (It doesn't have dynamic exports). So it's known statically that the requested export doesn't exist.

Import traces:
  #1 [Client Component Browser]:
    ./src/lib/analytics.ts [Client Component Browser]
    ./src/app/error.tsx [Client Component Browser]
    ./src/app/error.tsx [Server Component]

  #2 [Client Component Browser]:
    ./src/lib/analytics.ts [Client Component Browser]
    ./src/app/not-found.tsx [Client Component Browser]
    ./src/app/not-found.tsx [Server Component]

  #3 [Client Component SSR]:
    ./src/lib/analytics.ts [Client Component SSR]
    ./src/app/error.tsx [Client Component SSR]
    ./src/app/error.tsx [Server Component]

  #4 [Client Component SSR]:
    ./src/lib/analytics.ts [Client Component SSR]
    ./src/app/not-found.tsx [Client Component SSR]
    ./src/app/not-found.tsx [Server Component]

  #5 [Client Component Browser]:
    ./src/lib/analytics.ts [Client Component Browser]
    ./src/components/analytics/CookieConsentBanner.tsx [Client Component Browser]
    ./src/components/analytics/CookieConsentBanner.tsx [Server Component]
    ./src/app/layout.tsx [Server Component]

  #6 [Client Component SSR]:
    ./src/lib/analytics.ts [Client Component SSR]
    ./src/components/analytics/CookieConsentBanner.tsx [Client Component SSR]
    ./src/components/analytics/CookieConsentBanner.tsx [Server Component]
    ./src/app/layout.tsx [Server Component] @ http://localhost:3001/_next/static/chunks/node_modules_next_dist_0u_w_5s._.js:2097
[ 3071820ms] [ERROR] ./src/app/layout.tsx:14:1
Module not found: Can't resolve '@dangelopalladino/etf-core/analytics'
  12 | import { AuthProvider } from "@/components/AuthProvider";
  13 | import PageviewTracker from "@/components/analytics/PageviewTracker";
> 14 | import { GA4Loader } from "@dangelopalladino/etf-core/analytics";
     | ^^^^^^^^^^^^^^^^^^^^^^^^^^^^^^^^^^^^^^^^^^^^^^^^^^^^^^^^^^^^^^^^^
  15 | import ClarityLoader from "@/components/analytics/ClarityLoader";
  16 | import ClarityIdentifier from "@/components/analytics/ClarityIdentifier";
  17 | import CookieConsentBanner from "@/components/analytics/CookieConsentBanner";

https://nextjs.org/docs/messages/module-not-found @ http://localhost:3001/_next/static/chunks/node_modules_next_dist_0u_w_5s._.js:2097
[ 3071820ms] [ERROR] ./src/lib/analytics-events.ts:2:1
Module not found: Can't resolve '@dangelopalladino/etf-core/analytics'
  1 | // Phase 11: analytics event catalog sourced from @dangelopalladino/etf-core.
> 2 | export * from '@dangelopalladino/etf-core/analytics';
    | ^^^^^^^^^^^^^^^^^^^^^^^^^^^^^^^^^^^^^^^^^^^^^^^^^^^^^
  3 |

Import traces:
  Client Component Browser:
    ./src/lib/analytics-events.ts [Client Component Browser]
    ./src/lib/analytics.ts [Client Component Browser]
    ./src/components/analytics/CookieConsentBanner.tsx [Client Component Browser]
    ./src/components/analytics/CookieConsentBanner.tsx [Server Component]
    ./src/app/layout.tsx [Server Component]

  Client Component SSR:
    ./src/lib/analytics-events.ts [Client Component SSR]
    ./src/lib/analytics.ts [Client Component SSR]
    ./src/components/analytics/CookieConsentBanner.tsx [Client Component SSR]
    ./src/components/analytics/CookieConsentBanner.tsx [Server Component]
    ./src/app/layout.tsx [Server Component]

https://nextjs.org/docs/messages/module-not-found @ http://localhost:3001/_next/static/chunks/node_modules_next_dist_0u_w_5s._.js:2097
[ 3071820ms] [ERROR] ./src/components/BrandProviderClient.tsx:19:1
Module not found: Can't resolve '@dangelopalladino/etf-core/brand'
  17 |  */
  18 |
> 19 | import { BrandProvider, type BrandProviderProps } from '@dangelopalladino/etf-core/brand';
     | ^^^^^^^^^^^^^^^^^^^^^^^^^^^^^^^^^^^^^^^^^^^^^^^^^^^^^^^^^^^^^^^^^^^^^^^^^^^^^^^^^^^^^^^^^^
  20 |
  21 | export default function BrandProviderClient(props: BrandProviderProps) {
  22 |   return <BrandProvider {...props} />;

Import trace:
  Server Component:
    ./src/components/BrandProviderClient.tsx
    ./src/app/layout.tsx

https://nextjs.org/docs/messages/module-not-found @ http://localhost:3001/_next/static/chunks/node_modules_next_dist_0u_w_5s._.js:2097
[ 3071820ms] [ERROR] ./src/components/seo/BreadcrumbJsonLd.tsx:2:1
Module not found: Can't resolve '@dangelopalladino/etf-core/seo'
  1 | ...React from 'react';
> 2 | ...{ BreadcrumbJsonLd as Base, type BreadcrumbJsonLdProps } from '@dangelopalladino/etf-cor...
    |    ^^^^^^^^^^^^^^^^^^^^^^^^^^^^^^^^^^^^^^^^^^^^^^^^^^^^^^^^^^^^^^^^^^^^^^^^^^^^^^^^^^^^^^^^^^^
  3 | ...
  4 | ...ITE_URL = process.env.NEXT_PUBLIC_SITE_URL || 'https://www.6identities.com';
  5 | ...

Import trace:
  Server Component:
    ./src/components/seo/BreadcrumbJsonLd.tsx
    ./src/app/(pain-search)/[slug]/page.tsx

https://nextjs.org/docs/messages/module-not-found @ http://localhost:3001/_next/static/chunks/node_modules_next_dist_0u_w_5s._.js:2097
[ 3071820ms] [ERROR] ./src/lib/antd-theme.ts:35:1
Module not found: Can't resolve '@dangelopalladino/etf-core/tokens/6id'
  33 | export type { StatusType } from '@dangelopalladino/etf-core/tokens/6id';
  34 |
> 35 | import { themeConfig as etfCoreThemeConfig } from '@dangelopalladino/etf-core/tokens/6id';
     | ^^^^^^^^^^^^^^^^^^^^^^^^^^^^^^^^^^^^^^^^^^^^^^^^^^^^^^^^^^^^^^^^^^^^^^^^^^^^^^^^^^^^^^^^^^
  36 |
  37 | // Canonical 6i palette — v2 design system (navy + off-white + electric blue)
  38 | const CANONICAL_6I = {

Import traces:
  Client Component Browser:
    ./src/lib/antd-theme.ts [Client Component Browser]
    ./src/components/AntdProvider.tsx [Client Component Browser]
    ./src/components/AntdProvider.tsx [Server Component]
    ./src/app/layout.tsx [Server Component]

  Client Component SSR:
    ./src/lib/antd-theme.ts [Client Component SSR]
    ./src/components/AntdProvider.tsx [Client Component SSR]
    ./src/components/AntdProvider.tsx [Server Component]
    ./src/app/layout.tsx [Server Component]

https://nextjs.org/docs/messages/module-not-found @ http://localhost:3001/_next/static/chunks/node_modules_next_dist_0u_w_5s._.js:2097
[ 3071820ms] [ERROR] ./src/lib/brand-tokens.ts:5:1
Module not found: Can't resolve '@dangelopalladino/etf-core/tokens/6id'
   3 | // IDENTITY_COLORS is overridden here with v2 saturated palette; all other tokens
   4 | // forwarded from etf-core unchanged.
>  5 | export {
     | ^^^^^^^
>  6 |   BLUEPRINT_SHADOWS,
     | ^^^^^^^^^^^^^^^^^^^^
>  7 |   BORDER_TOKENS,
     | ^^^^^^^^^^^^^^^^
>  8 |   BRAND,
     | ^^^^^^^^
>  9 |   BRAND_GOLD,
     | ^^^^^^^^^^^^^
> 10 |   DARK_MODE_COLORS,
     | ^^^^^^^^^^^^^^^^^^^
> 11 |   HEADING_SCALE,
     | ^^^^^^^^^^^^^^^^
> 12 |   SCORE_COLORS,
     | ^^^^^^^^^^^^^^^
> 13 |   SHADOW_TOKENS,
     | ^^^^^^^^^^^^^^^^
> 14 |   STATUS_STYLES,
     | ^^^^^^^^^^^^^^^^
> 15 |   SURFACE_TOKENS,
     | ^^^^^^^^^^^^^^^^^
> 16 |   baseThemeConfig,
     | ^^^^^^^^^^^^^^^^^^
> 17 |   darkThemeConfig,
     | ^^^^^^^^^^^^^^^^^^
> 18 |   getScoreColor,
     | ^^^^^^^^^^^^^^^^
> 19 |   needsDarkTextOnBackground,
     | ^^^^^^^^^^^^^^^^^^^^^^^^^^^^
> 20 | } from '@dangelopalladino/etf-core/tokens/6id';
     | ^^^^^^^^^^^^^^^^^^^^^^^^^^^^^^^^^^^^^^^^^^^^^^^
  21 | export type { StatusType } from '@dangelopalladino/etf-core/tokens/6id';
  22 |
  23 | // v2 saturated identity palette — overrides etf-core pottery-glaze values.

Import trace:
  Server Component:
    ./src/lib/brand-tokens.ts
    ./src/app/opengraph-image.tsx
    ./src/app/opengraph-image--metadata.js

https://nextjs.org/docs/messages/module-not-found @ http://localhost:3001/_next/static/chunks/node_modules_next_dist_0u_w_5s._.js:2097
[ 3071820ms] [ERROR] ./src/components/shared/BrandCta.tsx:3:1
Module not found: Can't resolve '@dangelopalladino/etf-core/ui-client'
  1 | // Phase 11: BrandCta sourced from @dangelopalladino/etf-core.
  2 | 'use client';
> 3 | export { BrandCta as default } from '@dangelopalladino/etf-core/ui-client';
    | ^^^^^^^^^^^^^^^^^^^^^^^^^^^^^^^^^^^^^^^^^^^^^^^^^^^^^^^^^^^^^^^^^^^^^^^^^^^
  4 |

Import traces:
  Client Component Browser:
    ./src/components/shared/BrandCta.tsx [Client Component Browser]
    ./src/app/not-found.tsx [Client Component Browser]
    ./src/app/not-found.tsx [Server Component]

  Client Component SSR:
    ./src/components/shared/BrandCta.tsx [Client Component SSR]
    ./src/app/not-found.tsx [Client Component SSR]
    ./src/app/not-found.tsx [Server Component]

  Server Component:
    ./src/components/shared/BrandCta.tsx
    ./src/components/pain-search/DynamicPainSearchPage.tsx
    ./src/app/(pain-search)/[slug]/page.tsx

https://nextjs.org/docs/messages/module-not-found @ http://localhost:3001/_next/static/chunks/node_modules_next_dist_0u_w_5s._.js:2097
[ 3071820ms] [ERROR] ./src/components/shared/SectionWrapper.tsx:2:1
Module not found: Can't resolve '@dangelopalladino/etf-core/ui-server'
  1 | // Phase 11: server-safe SectionWrapper sourced from @dangelopalladino/etf-core.
> 2 | export { SectionWrapper as default } from '@dangelopalladino/etf-core/ui-server';
    | ^^^^^^^^^^^^^^^^^^^^^^^^^^^^^^^^^^^^^^^^^^^^^^^^^^^^^^^^^^^^^^^^^^^^^^^^^^^^^^^^^
  3 |

Import trace:
  Server Component:
    ./src/components/shared/SectionWrapper.tsx
    ./src/components/pain-search/DynamicPainSearchPage.tsx
    ./src/app/(pain-search)/[slug]/page.tsx

https://nextjs.org/docs/messages/module-not-found @ http://localhost:3001/_next/static/chunks/node_modules_next_dist_0u_w_5s._.js:2097
[ 3071820ms] [ERROR] ./src/components/shared/ServerTypography.tsx:6:1
Module not found: Can't resolve '@dangelopalladino/etf-core/ui-server'
   4 | // use `text-foreground` (warm charcoal). We inject `text-foreground` before any caller-su...
   5 | // className so the token wins even if callers explicitly pass `text-primary`.
>  6 | import {
     | ^^^^^^^
>  7 |   ServerHeading as _ServerHeading,
     | ^^^^^^^^^^^^^^^^^^^^^^^^^^^^^^^^^^
>  8 |   ServerText,
     | ^^^^^^^^^^^^^
>  9 |   Eyebrow as _Eyebrow,
     | ^^^^^^^^^^^^^^^^^^^^^^
> 10 | } from '@dangelopalladino/etf-core/ui-server';
     | ^^^^^^^^^^^^^^^^^^^^^^^^^^^^^^^^^^^^^^^^^^^^^^
  11 | import type { ComponentProps } from 'react';
  12 |
  13 | export function ServerHeading({ className = '', ...props }: ComponentProps<typeof _ServerH...

Import trace:
  Server Component:
    ./src/components/shared/ServerTypography.tsx
    ./src/components/pain-search/DynamicPainSearchPage.tsx
    ./src/app/(pain-search)/[slug]/page.tsx

https://nextjs.org/docs/messages/module-not-found @ http://localhost:3001/_next/static/chunks/node_modules_next_dist_0u_w_5s._.js:2097
[ 3071821ms] [ERROR] ./src/lib/analytics.ts:2:1
Export EVENTS doesn't exist in target module
  1 | import Clarity from '@microsoft/clarity';
> 2 | import { EVENTS, KEYS } from './analytics-events';
    | ^^^^^^^^^^^^^^^^^^^^^^^^^^^^^^^^^^^^^^^^^^^^^^^^^^
  3 | import { getAttributionPayload } from './analytics-source';
  4 |
  5 | declare global {

The export EVENTS was not found in module [project]/src/lib/analytics-events.ts [app-client] (ecmascript).
The module has no exports at all.
All exports of the module are statically known (It doesn't have dynamic exports). So it's known statically that the requested export doesn't exist.

Import traces:
  #1 [Client Component Browser]:
    ./src/lib/analytics.ts [Client Component Browser]
    ./src/app/error.tsx [Client Component Browser]
    ./src/app/error.tsx [Server Component]

  #2 [Client Component Browser]:
    ./src/lib/analytics.ts [Client Component Browser]
    ./src/app/not-found.tsx [Client Component Browser]
    ./src/app/not-found.tsx [Server Component]

  #3 [Client Component SSR]:
    ./src/lib/analytics.ts [Client Component SSR]
    ./src/app/error.tsx [Client Component SSR]
    ./src/app/error.tsx [Server Component]

  #4 [Client Component SSR]:
    ./src/lib/analytics.ts [Client Component SSR]
    ./src/app/not-found.tsx [Client Component SSR]
    ./src/app/not-found.tsx [Server Component]

  #5 [Client Component Browser]:
    ./src/lib/analytics.ts [Client Component Browser]
    ./src/components/analytics/CookieConsentBanner.tsx [Client Component Browser]
    ./src/components/analytics/CookieConsentBanner.tsx [Server Component]
    ./src/app/layout.tsx [Server Component]

  #6 [Client Component SSR]:
    ./src/lib/analytics.ts [Client Component SSR]
    ./src/components/analytics/CookieConsentBanner.tsx [Client Component SSR]
    ./src/components/analytics/CookieConsentBanner.tsx [Server Component]
    ./src/app/layout.tsx [Server Component] @ http://localhost:3001/_next/static/chunks/node_modules_next_dist_0u_w_5s._.js:2097
[ 3071821ms] [ERROR] ./src/lib/analytics.ts:2:1
Export EVENTS doesn't exist in target module
  1 | import Clarity from '@microsoft/clarity';
> 2 | import { EVENTS, KEYS } from './analytics-events';
    | ^^^^^^^^^^^^^^^^^^^^^^^^^^^^^^^^^^^^^^^^^^^^^^^^^^
  3 | import { getAttributionPayload } from './analytics-source';
  4 |
  5 | declare global {

The export EVENTS was not found in module [project]/src/lib/analytics-events.ts [app-ssr] (ecmascript).
The module has no exports at all.
All exports of the module are statically known (It doesn't have dynamic exports). So it's known statically that the requested export doesn't exist.

Import traces:
  #1 [Client Component Browser]:
    ./src/lib/analytics.ts [Client Component Browser]
    ./src/app/error.tsx [Client Component Browser]
    ./src/app/error.tsx [Server Component]

  #2 [Client Component Browser]:
    ./src/lib/analytics.ts [Client Component Browser]
    ./src/app/not-found.tsx [Client Component Browser]
    ./src/app/not-found.tsx [Server Component]

  #3 [Client Component SSR]:
    ./src/lib/analytics.ts [Client Component SSR]
    ./src/app/error.tsx [Client Component SSR]
    ./src/app/error.tsx [Server Component]

  #4 [Client Component SSR]:
    ./src/lib/analytics.ts [Client Component SSR]
    ./src/app/not-found.tsx [Client Component SSR]
    ./src/app/not-found.tsx [Server Component]

  #5 [Client Component Browser]:
    ./src/lib/analytics.ts [Client Component Browser]
    ./src/components/analytics/CookieConsentBanner.tsx [Client Component Browser]
    ./src/components/analytics/CookieConsentBanner.tsx [Server Component]
    ./src/app/layout.tsx [Server Component]

  #6 [Client Component SSR]:
    ./src/lib/analytics.ts [Client Component SSR]
    ./src/components/analytics/CookieConsentBanner.tsx [Client Component SSR]
    ./src/components/analytics/CookieConsentBanner.tsx [Server Component]
    ./src/app/layout.tsx [Server Component] @ http://localhost:3001/_next/static/chunks/node_modules_next_dist_0u_w_5s._.js:2097
[ 3071821ms] [ERROR] ./src/lib/analytics.ts:2:1
Export KEYS doesn't exist in target module
  1 | import Clarity from '@microsoft/clarity';
> 2 | import { EVENTS, KEYS } from './analytics-events';
    | ^^^^^^^^^^^^^^^^^^^^^^^^^^^^^^^^^^^^^^^^^^^^^^^^^^
  3 | import { getAttributionPayload } from './analytics-source';
  4 |
  5 | declare global {

The export KEYS was not found in module [project]/src/lib/analytics-events.ts [app-client] (ecmascript).
The module has no exports at all.
All exports of the module are statically known (It doesn't have dynamic exports). So it's known statically that the requested export doesn't exist.

Import traces:
  #1 [Client Component Browser]:
    ./src/lib/analytics.ts [Client Component Browser]
    ./src/app/error.tsx [Client Component Browser]
    ./src/app/error.tsx [Server Component]

  #2 [Client Component Browser]:
    ./src/lib/analytics.ts [Client Component Browser]
    ./src/app/not-found.tsx [Client Component Browser]
    ./src/app/not-found.tsx [Server Component]

  #3 [Client Component SSR]:
    ./src/lib/analytics.ts [Client Component SSR]
    ./src/app/error.tsx [Client Component SSR]
    ./src/app/error.tsx [Server Component]

  #4 [Client Component SSR]:
    ./src/lib/analytics.ts [Client Component SSR]
    ./src/app/not-found.tsx [Client Component SSR]
    ./src/app/not-found.tsx [Server Component]

  #5 [Client Component Browser]:
    ./src/lib/analytics.ts [Client Component Browser]
    ./src/components/analytics/CookieConsentBanner.tsx [Client Component Browser]
    ./src/components/analytics/CookieConsentBanner.tsx [Server Component]
    ./src/app/layout.tsx [Server Component]

  #6 [Client Component SSR]:
    ./src/lib/analytics.ts [Client Component SSR]
    ./src/components/analytics/CookieConsentBanner.tsx [Client Component SSR]
    ./src/components/analytics/CookieConsentBanner.tsx [Server Component]
    ./src/app/layout.tsx [Server Component] @ http://localhost:3001/_next/static/chunks/node_modules_next_dist_0u_w_5s._.js:2097
[ 3071821ms] [ERROR] ./src/lib/analytics.ts:2:1
Export KEYS doesn't exist in target module
  1 | import Clarity from '@microsoft/clarity';
> 2 | import { EVENTS, KEYS } from './analytics-events';
    | ^^^^^^^^^^^^^^^^^^^^^^^^^^^^^^^^^^^^^^^^^^^^^^^^^^
  3 | import { getAttributionPayload } from './analytics-source';
  4 |
  5 | declare global {

The export KEYS was not found in module [project]/src/lib/analytics-events.ts [app-ssr] (ecmascript).
The module has no exports at all.
All exports of the module are statically known (It doesn't have dynamic exports). So it's known statically that the requested export doesn't exist.

Import traces:
  #1 [Client Component Browser]:
    ./src/lib/analytics.ts [Client Component Browser]
    ./src/app/error.tsx [Client Component Browser]
    ./src/app/error.tsx [Server Component]

  #2 [Client Component Browser]:
    ./src/lib/analytics.ts [Client Component Browser]
    ./src/app/not-found.tsx [Client Component Browser]
    ./src/app/not-found.tsx [Server Component]

  #3 [Client Component SSR]:
    ./src/lib/analytics.ts [Client Component SSR]
    ./src/app/error.tsx [Client Component SSR]
    ./src/app/error.tsx [Server Component]

  #4 [Client Component SSR]:
    ./src/lib/analytics.ts [Client Component SSR]
    ./src/app/not-found.tsx [Client Component SSR]
    ./src/app/not-found.tsx [Server Component]

  #5 [Client Component Browser]:
    ./src/lib/analytics.ts [Client Component Browser]
    ./src/components/analytics/CookieConsentBanner.tsx [Client Component Browser]
    ./src/components/analytics/CookieConsentBanner.tsx [Server Component]
    ./src/app/layout.tsx [Server Component]

  #6 [Client Component SSR]:
    ./src/lib/analytics.ts [Client Component SSR]
    ./src/components/analytics/CookieConsentBanner.tsx [Client Component SSR]
    ./src/components/analytics/CookieConsentBanner.tsx [Server Component]
    ./src/app/layout.tsx [Server Component] @ http://localhost:3001/_next/static/chunks/node_modules_next_dist_0u_w_5s._.js:2097
[ 3071973ms] [ERROR] ./src/app/layout.tsx:14:1
Module not found: Can't resolve '@dangelopalladino/etf-core/analytics'
  12 | import { AuthProvider } from "@/components/AuthProvider";
  13 | import PageviewTracker from "@/components/analytics/PageviewTracker";
> 14 | import { GA4Loader } from "@dangelopalladino/etf-core/analytics";
     | ^^^^^^^^^^^^^^^^^^^^^^^^^^^^^^^^^^^^^^^^^^^^^^^^^^^^^^^^^^^^^^^^^
  15 | import ClarityLoader from "@/components/analytics/ClarityLoader";
  16 | import ClarityIdentifier from "@/components/analytics/ClarityIdentifier";
  17 | import CookieConsentBanner from "@/components/analytics/CookieConsentBanner";

https://nextjs.org/docs/messages/module-not-found @ http://localhost:3001/_next/static/chunks/node_modules_next_dist_0u_w_5s._.js:2097
[ 3071973ms] [ERROR] ./src/lib/analytics-events.ts:2:1
Module not found: Can't resolve '@dangelopalladino/etf-core/analytics'
  1 | // Phase 11: analytics event catalog sourced from @dangelopalladino/etf-core.
> 2 | export * from '@dangelopalladino/etf-core/analytics';
    | ^^^^^^^^^^^^^^^^^^^^^^^^^^^^^^^^^^^^^^^^^^^^^^^^^^^^^
  3 |

Import traces:
  Client Component Browser:
    ./src/lib/analytics-events.ts [Client Component Browser]
    ./src/lib/analytics.ts [Client Component Browser]
    ./src/components/analytics/CookieConsentBanner.tsx [Client Component Browser]
    ./src/components/analytics/CookieConsentBanner.tsx [Server Component]
    ./src/app/layout.tsx [Server Component]

  Client Component SSR:
    ./src/lib/analytics-events.ts [Client Component SSR]
    ./src/lib/analytics.ts [Client Component SSR]
    ./src/components/analytics/CookieConsentBanner.tsx [Client Component SSR]
    ./src/components/analytics/CookieConsentBanner.tsx [Server Component]
    ./src/app/layout.tsx [Server Component]

https://nextjs.org/docs/messages/module-not-found @ http://localhost:3001/_next/static/chunks/node_modules_next_dist_0u_w_5s._.js:2097
[ 3071974ms] [ERROR] ./src/components/BrandProviderClient.tsx:19:1
Module not found: Can't resolve '@dangelopalladino/etf-core/brand'
  17 |  */
  18 |
> 19 | import { BrandProvider, type BrandProviderProps } from '@dangelopalladino/etf-core/brand';
     | ^^^^^^^^^^^^^^^^^^^^^^^^^^^^^^^^^^^^^^^^^^^^^^^^^^^^^^^^^^^^^^^^^^^^^^^^^^^^^^^^^^^^^^^^^^
  20 |
  21 | export default function BrandProviderClient(props: BrandProviderProps) {
  22 |   return <BrandProvider {...props} />;

Import trace:
  Server Component:
    ./src/components/BrandProviderClient.tsx
    ./src/app/layout.tsx

https://nextjs.org/docs/messages/module-not-found @ http://localhost:3001/_next/static/chunks/node_modules_next_dist_0u_w_5s._.js:2097
[ 3071974ms] [ERROR] ./src/app/page.tsx:8:1
Module not found: Can't resolve '@dangelopalladino/etf-core/content'
   6 |   CrownOutlined,
   7 | } from '@ant-design/icons';
>  8 | import { getApprovedTestimonials } from '@dangelopalladino/etf-core/content';
     | ^^^^^^^^^^^^^^^^^^^^^^^^^^^^^^^^^^^^^^^^^^^^^^^^^^^^^^^^^^^^^^^^^^^^^^^^^^^^^
   9 | import { JsonLd } from '@/components/marketing/JsonLd';
  10 | import { LandingSectionExposure } from '@/components/analytics/SectionExposure';
  11 | import FeatureCard from '@/components/primitives/FeatureCard';

https://nextjs.org/docs/messages/module-not-found @ http://localhost:3001/_next/static/chunks/node_modules_next_dist_0u_w_5s._.js:2097
[ 3071974ms] [ERROR] ./src/lib/antd-theme.ts:35:1
Module not found: Can't resolve '@dangelopalladino/etf-core/tokens/6id'
  33 | export type { StatusType } from '@dangelopalladino/etf-core/tokens/6id';
  34 |
> 35 | import { themeConfig as etfCoreThemeConfig } from '@dangelopalladino/etf-core/tokens/6id';
     | ^^^^^^^^^^^^^^^^^^^^^^^^^^^^^^^^^^^^^^^^^^^^^^^^^^^^^^^^^^^^^^^^^^^^^^^^^^^^^^^^^^^^^^^^^^
  36 |
  37 | // Canonical 6i palette — v2 design system (navy + off-white + electric blue)
  38 | const CANONICAL_6I = {

Import traces:
  Client Component Browser:
    ./src/lib/antd-theme.ts [Client Component Browser]
    ./src/components/AntdProvider.tsx [Client Component Browser]
    ./src/components/AntdProvider.tsx [Server Component]
    ./src/app/layout.tsx [Server Component]

  Client Component SSR:
    ./src/lib/antd-theme.ts [Client Component SSR]
    ./src/components/AntdProvider.tsx [Client Component SSR]
    ./src/components/AntdProvider.tsx [Server Component]
    ./src/app/layout.tsx [Server Component]

https://nextjs.org/docs/messages/module-not-found @ http://localhost:3001/_next/static/chunks/node_modules_next_dist_0u_w_5s._.js:2097
[ 3071974ms] [ERROR] ./src/lib/brand-tokens.ts:5:1
Module not found: Can't resolve '@dangelopalladino/etf-core/tokens/6id'
   3 | // IDENTITY_COLORS is overridden here with v2 saturated palette; all other tokens
   4 | // forwarded from etf-core unchanged.
>  5 | export {
     | ^^^^^^^
>  6 |   BLUEPRINT_SHADOWS,
     | ^^^^^^^^^^^^^^^^^^^^
>  7 |   BORDER_TOKENS,
     | ^^^^^^^^^^^^^^^^
>  8 |   BRAND,
     | ^^^^^^^^
>  9 |   BRAND_GOLD,
     | ^^^^^^^^^^^^^
> 10 |   DARK_MODE_COLORS,
     | ^^^^^^^^^^^^^^^^^^^
> 11 |   HEADING_SCALE,
     | ^^^^^^^^^^^^^^^^
> 12 |   SCORE_COLORS,
     | ^^^^^^^^^^^^^^^
> 13 |   SHADOW_TOKENS,
     | ^^^^^^^^^^^^^^^^
> 14 |   STATUS_STYLES,
     | ^^^^^^^^^^^^^^^^
> 15 |   SURFACE_TOKENS,
     | ^^^^^^^^^^^^^^^^^
> 16 |   baseThemeConfig,
     | ^^^^^^^^^^^^^^^^^^
> 17 |   darkThemeConfig,
     | ^^^^^^^^^^^^^^^^^^
> 18 |   getScoreColor,
     | ^^^^^^^^^^^^^^^^
> 19 |   needsDarkTextOnBackground,
     | ^^^^^^^^^^^^^^^^^^^^^^^^^^^^
> 20 | } from '@dangelopalladino/etf-core/tokens/6id';
     | ^^^^^^^^^^^^^^^^^^^^^^^^^^^^^^^^^^^^^^^^^^^^^^^
  21 | export type { StatusType } from '@dangelopalladino/etf-core/tokens/6id';
  22 |
  23 | // v2 saturated identity palette — overrides etf-core pottery-glaze values.

Import traces:
  #1 [Server Component]:
    ./src/lib/brand-tokens.ts
    ./src/app/opengraph-image.tsx
    ./src/app/opengraph-image--metadata.js

  #2 [Server Component]:
    ./src/lib/brand-tokens.ts
    ./src/lib/type-profiles.ts
    ./src/app/page.tsx

https://nextjs.org/docs/messages/module-not-found @ http://localhost:3001/_next/static/chunks/node_modules_next_dist_0u_w_5s._.js:2097
[ 3071974ms] [ERROR] ./src/components/shared/BrandCta.tsx:3:1
Module not found: Can't resolve '@dangelopalladino/etf-core/ui-client'
  1 | // Phase 11: BrandCta sourced from @dangelopalladino/etf-core.
  2 | 'use client';
> 3 | export { BrandCta as default } from '@dangelopalladino/etf-core/ui-client';
    | ^^^^^^^^^^^^^^^^^^^^^^^^^^^^^^^^^^^^^^^^^^^^^^^^^^^^^^^^^^^^^^^^^^^^^^^^^^^
  4 |

Import traces:
  Server Component:
    ./src/components/shared/BrandCta.tsx
    ./src/app/page.tsx

  Client Component Browser:
    ./src/components/shared/BrandCta.tsx [Client Component Browser]
    ./src/app/not-found.tsx [Client Component Browser]
    ./src/app/not-found.tsx [Server Component]

  Client Component SSR:
    ./src/components/shared/BrandCta.tsx [Client Component SSR]
    ./src/app/not-found.tsx [Client Component SSR]
    ./src/app/not-found.tsx [Server Component]

https://nextjs.org/docs/messages/module-not-found @ http://localhost:3001/_next/static/chunks/node_modules_next_dist_0u_w_5s._.js:2097
[ 3071974ms] [ERROR] ./src/components/shared/SectionHeader.tsx:8:1
Module not found: Can't resolve '@dangelopalladino/etf-core/ui-client'
   6 |
   7 | import React from 'react';
>  8 | import { SectionHeader as CoreSectionHeader } from '@dangelopalladino/etf-core/ui-client';
     | ^^^^^^^^^^^^^^^^^^^^^^^^^^^^^^^^^^^^^^^^^^^^^^^^^^^^^^^^^^^^^^^^^^^^^^^^^^^^^^^^^^^^^^^^^^
   9 |
  10 | type CoreAlign = 'left' | 'center';
  11 |

Import trace:
  Server Component:
    ./src/components/shared/SectionHeader.tsx
    ./src/app/page.tsx

https://nextjs.org/docs/messages/module-not-found @ http://localhost:3001/_next/static/chunks/node_modules_next_dist_0u_w_5s._.js:2097
[ 3071974ms] [ERROR] ./src/components/shared/SectionWrapper.tsx:2:1
Module not found: Can't resolve '@dangelopalladino/etf-core/ui-server'
  1 | // Phase 11: server-safe SectionWrapper sourced from @dangelopalladino/etf-core.
> 2 | export { SectionWrapper as default } from '@dangelopalladino/etf-core/ui-server';
    | ^^^^^^^^^^^^^^^^^^^^^^^^^^^^^^^^^^^^^^^^^^^^^^^^^^^^^^^^^^^^^^^^^^^^^^^^^^^^^^^^^
  3 |

Import trace:
  Server Component:
    ./src/components/shared/SectionWrapper.tsx
    ./src/app/page.tsx

https://nextjs.org/docs/messages/module-not-found @ http://localhost:3001/_next/static/chunks/node_modules_next_dist_0u_w_5s._.js:2097
[ 3071974ms] [ERROR] ./src/components/shared/ServerTypography.tsx:6:1
Module not found: Can't resolve '@dangelopalladino/etf-core/ui-server'
   4 | // use `text-foreground` (warm charcoal). We inject `text-foreground` before any caller-su...
   5 | // className so the token wins even if callers explicitly pass `text-primary`.
>  6 | import {
     | ^^^^^^^
>  7 |   ServerHeading as _ServerHeading,
     | ^^^^^^^^^^^^^^^^^^^^^^^^^^^^^^^^^^
>  8 |   ServerText,
     | ^^^^^^^^^^^^^
>  9 |   Eyebrow as _Eyebrow,
     | ^^^^^^^^^^^^^^^^^^^^^^
> 10 | } from '@dangelopalladino/etf-core/ui-server';
     | ^^^^^^^^^^^^^^^^^^^^^^^^^^^^^^^^^^^^^^^^^^^^^^
  11 | import type { ComponentProps } from 'react';
  12 |
  13 | export function ServerHeading({ className = '', ...props }: ComponentProps<typeof _ServerH...

Import traces:
  Server Component:
    ./src/components/shared/ServerTypography.tsx
    ./src/app/page.tsx

  Client Component Browser:
    ./src/components/shared/ServerTypography.tsx [Client Component Browser]
    ./src/components/shared/PageHero.tsx [Client Component Browser]
    ./src/components/shared/PageHero.tsx [Server Component]
    ./src/app/page.tsx [Server Component]

  Client Component SSR:
    ./src/components/shared/ServerTypography.tsx [Client Component SSR]
    ./src/components/shared/PageHero.tsx [Client Component SSR]
    ./src/components/shared/PageHero.tsx [Server Component]
    ./src/app/page.tsx [Server Component]

https://nextjs.org/docs/messages/module-not-found @ http://localhost:3001/_next/static/chunks/node_modules_next_dist_0u_w_5s._.js:2097
[ 3071974ms] [ERROR] ./src/lib/analytics.ts:2:1
Export EVENTS doesn't exist in target module
  1 | import Clarity from '@microsoft/clarity';
> 2 | import { EVENTS, KEYS } from './analytics-events';
    | ^^^^^^^^^^^^^^^^^^^^^^^^^^^^^^^^^^^^^^^^^^^^^^^^^^
  3 | import { getAttributionPayload } from './analytics-source';
  4 |
  5 | declare global {

The export EVENTS was not found in module [project]/src/lib/analytics-events.ts [app-client] (ecmascript).
The module has no exports at all.
All exports of the module are statically known (It doesn't have dynamic exports). So it's known statically that the requested export doesn't exist.

Import traces:
  #1 [Client Component Browser]:
    ./src/lib/analytics.ts [Client Component Browser]
    ./src/app/error.tsx [Client Component Browser]
    ./src/app/error.tsx [Server Component]

  #2 [Client Component Browser]:
    ./src/lib/analytics.ts [Client Component Browser]
    ./src/app/not-found.tsx [Client Component Browser]
    ./src/app/not-found.tsx [Server Component]

  #3 [Client Component SSR]:
    ./src/lib/analytics.ts [Client Component SSR]
    ./src/app/error.tsx [Client Component SSR]
    ./src/app/error.tsx [Server Component]

  #4 [Client Component SSR]:
    ./src/lib/analytics.ts [Client Component SSR]
    ./src/app/not-found.tsx [Client Component SSR]
    ./src/app/not-found.tsx [Server Component]

  #5 [Client Component Browser]:
    ./src/lib/analytics.ts [Client Component Browser]
    ./src/components/analytics/CookieConsentBanner.tsx [Client Component Browser]
    ./src/components/analytics/CookieConsentBanner.tsx [Server Component]
    ./src/app/layout.tsx [Server Component]

  #6 [Client Component SSR]:
    ./src/lib/analytics.ts [Client Component SSR]
    ./src/components/analytics/CookieConsentBanner.tsx [Client Component SSR]
    ./src/components/analytics/CookieConsentBanner.tsx [Server Component]
    ./src/app/layout.tsx [Server Component] @ http://localhost:3001/_next/static/chunks/node_modules_next_dist_0u_w_5s._.js:2097
[ 3071974ms] [ERROR] ./src/lib/analytics.ts:2:1
Export EVENTS doesn't exist in target module
  1 | import Clarity from '@microsoft/clarity';
> 2 | import { EVENTS, KEYS } from './analytics-events';
    | ^^^^^^^^^^^^^^^^^^^^^^^^^^^^^^^^^^^^^^^^^^^^^^^^^^
  3 | import { getAttributionPayload } from './analytics-source';
  4 |
  5 | declare global {

The export EVENTS was not found in module [project]/src/lib/analytics-events.ts [app-ssr] (ecmascript).
The module has no exports at all.
All exports of the module are statically known (It doesn't have dynamic exports). So it's known statically that the requested export doesn't exist.

Import traces:
  #1 [Client Component Browser]:
    ./src/lib/analytics.ts [Client Component Browser]
    ./src/app/error.tsx [Client Component Browser]
    ./src/app/error.tsx [Server Component]

  #2 [Client Component Browser]:
    ./src/lib/analytics.ts [Client Component Browser]
    ./src/app/not-found.tsx [Client Component Browser]
    ./src/app/not-found.tsx [Server Component]

  #3 [Client Component SSR]:
    ./src/lib/analytics.ts [Client Component SSR]
    ./src/app/error.tsx [Client Component SSR]
    ./src/app/error.tsx [Server Component]

  #4 [Client Component SSR]:
    ./src/lib/analytics.ts [Client Component SSR]
    ./src/app/not-found.tsx [Client Component SSR]
    ./src/app/not-found.tsx [Server Component]

  #5 [Client Component Browser]:
    ./src/lib/analytics.ts [Client Component Browser]
    ./src/components/analytics/CookieConsentBanner.tsx [Client Component Browser]
    ./src/components/analytics/CookieConsentBanner.tsx [Server Component]
    ./src/app/layout.tsx [Server Component]

  #6 [Client Component SSR]:
    ./src/lib/analytics.ts [Client Component SSR]
    ./src/components/analytics/CookieConsentBanner.tsx [Client Component SSR]
    ./src/components/analytics/CookieConsentBanner.tsx [Server Component]
    ./src/app/layout.tsx [Server Component] @ http://localhost:3001/_next/static/chunks/node_modules_next_dist_0u_w_5s._.js:2097
[ 3071974ms] [ERROR] ./src/lib/analytics.ts:2:1
Export KEYS doesn't exist in target module
  1 | import Clarity from '@microsoft/clarity';
> 2 | import { EVENTS, KEYS } from './analytics-events';
    | ^^^^^^^^^^^^^^^^^^^^^^^^^^^^^^^^^^^^^^^^^^^^^^^^^^
  3 | import { getAttributionPayload } from './analytics-source';
  4 |
  5 | declare global {

The export KEYS was not found in module [project]/src/lib/analytics-events.ts [app-client] (ecmascript).
The module has no exports at all.
All exports of the module are statically known (It doesn't have dynamic exports). So it's known statically that the requested export doesn't exist.

Import traces:
  #1 [Client Component Browser]:
    ./src/lib/analytics.ts [Client Component Browser]
    ./src/app/error.tsx [Client Component Browser]
    ./src/app/error.tsx [Server Component]

  #2 [Client Component Browser]:
    ./src/lib/analytics.ts [Client Component Browser]
    ./src/app/not-found.tsx [Client Component Browser]
    ./src/app/not-found.tsx [Server Component]

  #3 [Client Component SSR]:
    ./src/lib/analytics.ts [Client Component SSR]
    ./src/app/error.tsx [Client Component SSR]
    ./src/app/error.tsx [Server Component]

  #4 [Client Component SSR]:
    ./src/lib/analytics.ts [Client Component SSR]
    ./src/app/not-found.tsx [Client Component SSR]
    ./src/app/not-found.tsx [Server Component]

  #5 [Client Component Browser]:
    ./src/lib/analytics.ts [Client Component Browser]
    ./src/components/analytics/CookieConsentBanner.tsx [Client Component Browser]
    ./src/components/analytics/CookieConsentBanner.tsx [Server Component]
    ./src/app/layout.tsx [Server Component]

  #6 [Client Component SSR]:
    ./src/lib/analytics.ts [Client Component SSR]
    ./src/components/analytics/CookieConsentBanner.tsx [Client Component SSR]
    ./src/components/analytics/CookieConsentBanner.tsx [Server Component]
    ./src/app/layout.tsx [Server Component] @ http://localhost:3001/_next/static/chunks/node_modules_next_dist_0u_w_5s._.js:2097
[ 3071974ms] [ERROR] ./src/lib/analytics.ts:2:1
Export KEYS doesn't exist in target module
  1 | import Clarity from '@microsoft/clarity';
> 2 | import { EVENTS, KEYS } from './analytics-events';
    | ^^^^^^^^^^^^^^^^^^^^^^^^^^^^^^^^^^^^^^^^^^^^^^^^^^
  3 | import { getAttributionPayload } from './analytics-source';
  4 |
  5 | declare global {

The export KEYS was not found in module [project]/src/lib/analytics-events.ts [app-ssr] (ecmascript).
The module has no exports at all.
All exports of the module are statically known (It doesn't have dynamic exports). So it's known statically that the requested export doesn't exist.

Import traces:
  #1 [Client Component Browser]:
    ./src/lib/analytics.ts [Client Component Browser]
    ./src/app/error.tsx [Client Component Browser]
    ./src/app/error.tsx [Server Component]

  #2 [Client Component Browser]:
    ./src/lib/analytics.ts [Client Component Browser]
    ./src/app/not-found.tsx [Client Component Browser]
    ./src/app/not-found.tsx [Server Component]

  #3 [Client Component SSR]:
    ./src/lib/analytics.ts [Client Component SSR]
    ./src/app/error.tsx [Client Component SSR]
    ./src/app/error.tsx [Server Component]

  #4 [Client Component SSR]:
    ./src/lib/analytics.ts [Client Component SSR]
    ./src/app/not-found.tsx [Client Component SSR]
    ./src/app/not-found.tsx [Server Component]

  #5 [Client Component Browser]:
    ./src/lib/analytics.ts [Client Component Browser]
    ./src/components/analytics/CookieConsentBanner.tsx [Client Component Browser]
    ./src/components/analytics/CookieConsentBanner.tsx [Server Component]
    ./src/app/layout.tsx [Server Component]

  #6 [Client Component SSR]:
    ./src/lib/analytics.ts [Client Component SSR]
    ./src/components/analytics/CookieConsentBanner.tsx [Client Component SSR]
    ./src/components/analytics/CookieConsentBanner.tsx [Server Component]
    ./src/app/layout.tsx [Server Component] @ http://localhost:3001/_next/static/chunks/node_modules_next_dist_0u_w_5s._.js:2097
[ 3071975ms] [ERROR] ./src/components/shared/ScoreBar.tsx:3:1
Module not found: Can't resolve '@dangelopalladino/etf-core/ui-client'
  1 | // Phase 11: ScoreBar sourced from @dangelopalladino/etf-core.
  2 | 'use client';
> 3 | export { ScoreBar as default } from '@dangelopalladino/etf-core/ui-client';
    | ^^^^^^^^^^^^^^^^^^^^^^^^^^^^^^^^^^^^^^^^^^^^^^^^^^^^^^^^^^^^^^^^^^^^^^^^^^^
  4 |

Import traces:
  Client Component Browser:
    ./src/components/shared/ScoreBar.tsx [Client Component Browser]
    ./src/components/results/v2/ScoreDashboard.tsx [Client Component Browser]
    ./src/components/results/v2/ScoreDashboard.tsx [Server Component]
    ./src/app/results/page.tsx [Server Component]

  Client Component SSR:
    ./src/components/shared/ScoreBar.tsx [Client Component SSR]
    ./src/components/results/v2/ScoreDashboard.tsx [Client Component SSR]
    ./src/components/results/v2/ScoreDashboard.tsx [Server Component]
    ./src/app/results/page.tsx [Server Component]

https://nextjs.org/docs/messages/module-not-found @ http://localhost:3001/_next/static/chunks/node_modules_next_dist_0u_w_5s._.js:2097
[ 3071975ms] [ERROR] ./src/components/shared/StatusBadge.tsx:3:1
Module not found: Can't resolve '@dangelopalladino/etf-core/ui-client'
  1 | // Phase 11: StatusBadge sourced from @dangelopalladino/etf-core.
  2 | 'use client';
> 3 | export { StatusBadge as default } from '@dangelopalladino/etf-core/ui-client';
    | ^^^^^^^^^^^^^^^^^^^^^^^^^^^^^^^^^^^^^^^^^^^^^^^^^^^^^^^^^^^^^^^^^^^^^^^^^^^^^^
  4 |

Import traces:
  Client Component Browser:
    ./src/components/shared/StatusBadge.tsx [Client Component Browser]
    ./src/components/results/v2/CoreCodeArchetype.tsx [Client Component Browser]
    ./src/components/results/v2/CoreCodeArchetype.tsx [Server Component]
    ./src/app/results/page.tsx [Server Component]

  Client Component SSR:
    ./src/components/shared/StatusBadge.tsx [Client Component SSR]
    ./src/components/results/v2/CoreCodeArchetype.tsx [Client Component SSR]
    ./src/components/results/v2/CoreCodeArchetype.tsx [Server Component]
    ./src/app/results/page.tsx [Server Component]

https://nextjs.org/docs/messages/module-not-found @ http://localhost:3001/_next/static/chunks/node_modules_next_dist_0u_w_5s._.js:2097
[ 3071975ms] [ERROR] ./src/components/seo/BreadcrumbJsonLd.tsx:2:1
Module not found: Can't resolve '@dangelopalladino/etf-core/seo'
  1 | ...React from 'react';
> 2 | ...{ BreadcrumbJsonLd as Base, type BreadcrumbJsonLdProps } from '@dangelopalladino/etf-cor...
    |    ^^^^^^^^^^^^^^^^^^^^^^^^^^^^^^^^^^^^^^^^^^^^^^^^^^^^^^^^^^^^^^^^^^^^^^^^^^^^^^^^^^^^^^^^^^^
  3 | ...
  4 | ...ITE_URL = process.env.NEXT_PUBLIC_SITE_URL || 'https://www.6identities.com';
  5 | ...

Import trace:
  Server Component:
    ./src/components/seo/BreadcrumbJsonLd.tsx
    ./src/app/professionals/page.tsx

https://nextjs.org/docs/messages/module-not-found @ http://localhost:3001/_next/static/chunks/node_modules_next_dist_0u_w_5s._.js:2097
[ 3071975ms] [ERROR] ./src/components/shared/CtaSection.tsx:3:1
Module not found: Can't resolve '@dangelopalladino/etf-core/ui-client'
  1 | // Phase 11: CtaSection sourced from @dangelopalladino/etf-core.
  2 | 'use client';
> 3 | export { CtaSection as default } from '@dangelopalladino/etf-core/ui-client';
    | ^^^^^^^^^^^^^^^^^^^^^^^^^^^^^^^^^^^^^^^^^^^^^^^^^^^^^^^^^^^^^^^^^^^^^^^^^^^^^
  4 |

Import trace:
  Server Component:
    ./src/components/shared/CtaSection.tsx
    ./src/app/professionals/page.tsx

https://nextjs.org/docs/messages/module-not-found @ http://localhost:3001/_next/static/chunks/node_modules_next_dist_0u_w_5s._.js:2097
[ 3071976ms] [LOG] [Fast Refresh] rebuilding @ http://localhost:3001/_next/static/chunks/node_modules_next_dist_0u_w_5s._.js:1305
[ 3140823ms] [LOG] [Fast Refresh] rebuilding @ http://localhost:3001/_next/static/chunks/node_modules_next_dist_0u_w_5s._.js:1305
[ 3149848ms] [ERROR] Failed to load resource: the server responded with a status of 500 (Internal Server Error) @ http://localhost:3001/:0
[ 3150371ms] [INFO] %cDownload the React DevTools for a better development experience: https://react.dev/link/react-devtools font-weight:bold @ http://localhost:3001/_next/static/chunks/node_modules_react-dom_0bruynb._.js:15309
[ 3150397ms] [ERROR] Refused to execute script from 'http://localhost:3001/_next/static/development/_clientMiddlewareManifest.js' because its MIME type ('application/json') is not executable, and strict MIME type checking is enabled. @ http://localhost:3001/:0
[ 3150412ms] Error: ./src/app/layout.tsx:14:1
Module not found: Can't resolve '@dangelopalladino/etf-core/analytics'
  12 | import { AuthProvider } from "@/components/AuthProvider";
  13 | import PageviewTracker from "@/components/analytics/PageviewTracker";
> 14 | import { GA4Loader } from "@dangelopalladino/etf-core/analytics";
     | ^^^^^^^^^^^^^^^^^^^^^^^^^^^^^^^^^^^^^^^^^^^^^^^^^^^^^^^^^^^^^^^^^
  15 | import ClarityLoader from "@/components/analytics/ClarityLoader";
  16 | import ClarityIdentifier from "@/components/analytics/ClarityIdentifier";
  17 | import CookieConsentBanner from "@/components/analytics/CookieConsentBanner";



https://nextjs.org/docs/messages/module-not-found


    at <unknown> (Error: ./src/app/layout.tsx:14:1)
    at <unknown> (https://nextjs.org/docs/messages/module-not-found)
    at Object.getCompilationErrors (file:///Users/dangelor.palladinolckroomr/Code/ETFtestSite/node_modules/next/dist/server/dev/hot-reloader-turbopack.js:1186:59)
    at DevBundlerService.getCompilationError (file:///Users/dangelor.palladinolckroomr/Code/ETFtestSite/node_modules/next/dist/server/lib/dev-bundler-service.js:44:55)
    at DevServer.getCompilationError (file:///Users/dangelor.palladinolckroomr/Code/ETFtestSite/node_modules/next/dist/server/dev/next-dev-server.js:719:42)
    at DevServer.findPageComponents (file:///Users/dangelor.palladinolckroomr/Code/ETFtestSite/node_modules/next/dist/server/dev/next-dev-server.js:689:43)
    at async DevServer.renderErrorToResponseImpl (file:///Users/dangelor.palladinolckroomr/Code/ETFtestSite/node_modules/next/dist/server/base-server.js:1745:26)
[ 3150426ms] [LOG] [HMR] connected @ http://localhost:3001/_next/static/chunks/node_modules_next_dist_0u_w_5s._.js:1305
[ 3150488ms] [ERROR] ./src/app/layout.tsx:14:1
Module not found: Can't resolve '@dangelopalladino/etf-core/analytics'
  12 | import { AuthProvider } from "@/components/AuthProvider";
  13 | import PageviewTracker from "@/components/analytics/PageviewTracker";
> 14 | import { GA4Loader } from "@dangelopalladino/etf-core/analytics";
     | ^^^^^^^^^^^^^^^^^^^^^^^^^^^^^^^^^^^^^^^^^^^^^^^^^^^^^^^^^^^^^^^^^
  15 | import ClarityLoader from "@/components/analytics/ClarityLoader";
  16 | import ClarityIdentifier from "@/components/analytics/ClarityIdentifier";
  17 | import CookieConsentBanner from "@/components/analytics/CookieConsentBanner";

https://nextjs.org/docs/messages/module-not-found @ http://localhost:3001/_next/static/chunks/node_modules_next_dist_0u_w_5s._.js:2097
[ 3150492ms] [ERROR] ./src/lib/analytics-events.ts:2:1
Module not found: Can't resolve '@dangelopalladino/etf-core/analytics'
  1 | // Phase 11: analytics event catalog sourced from @dangelopalladino/etf-core.
> 2 | export * from '@dangelopalladino/etf-core/analytics';
    | ^^^^^^^^^^^^^^^^^^^^^^^^^^^^^^^^^^^^^^^^^^^^^^^^^^^^^
  3 |

Import traces:
  Client Component Browser:
    ./src/lib/analytics-events.ts [Client Component Browser]
    ./src/lib/analytics.ts [Client Component Browser]
    ./src/components/analytics/CookieConsentBanner.tsx [Client Component Browser]
    ./src/components/analytics/CookieConsentBanner.tsx [Server Component]
    ./src/app/layout.tsx [Server Component]

  Client Component SSR:
    ./src/lib/analytics-events.ts [Client Component SSR]
    ./src/lib/analytics.ts [Client Component SSR]
    ./src/components/analytics/CookieConsentBanner.tsx [Client Component SSR]
    ./src/components/analytics/CookieConsentBanner.tsx [Server Component]
    ./src/app/layout.tsx [Server Component]

https://nextjs.org/docs/messages/module-not-found @ http://localhost:3001/_next/static/chunks/node_modules_next_dist_0u_w_5s._.js:2097
[ 3150492ms] [ERROR] ./src/components/BrandProviderClient.tsx:19:1
Module not found: Can't resolve '@dangelopalladino/etf-core/brand'
  17 |  */
  18 |
> 19 | import { BrandProvider, type BrandProviderProps } from '@dangelopalladino/etf-core/brand';
     | ^^^^^^^^^^^^^^^^^^^^^^^^^^^^^^^^^^^^^^^^^^^^^^^^^^^^^^^^^^^^^^^^^^^^^^^^^^^^^^^^^^^^^^^^^^
  20 |
  21 | export default function BrandProviderClient(props: BrandProviderProps) {
  22 |   return <BrandProvider {...props} />;

Import trace:
  Server Component:
    ./src/components/BrandProviderClient.tsx
    ./src/app/layout.tsx

https://nextjs.org/docs/messages/module-not-found @ http://localhost:3001/_next/static/chunks/node_modules_next_dist_0u_w_5s._.js:2097
[ 3150492ms] [ERROR] ./src/lib/antd-theme.ts:35:1
Module not found: Can't resolve '@dangelopalladino/etf-core/tokens/6id'
  33 | export type { StatusType } from '@dangelopalladino/etf-core/tokens/6id';
  34 |
> 35 | import { themeConfig as etfCoreThemeConfig } from '@dangelopalladino/etf-core/tokens/6id';
     | ^^^^^^^^^^^^^^^^^^^^^^^^^^^^^^^^^^^^^^^^^^^^^^^^^^^^^^^^^^^^^^^^^^^^^^^^^^^^^^^^^^^^^^^^^^
  36 |
  37 | // Canonical 6i palette — v2 design system (navy + off-white + electric blue)
  38 | const CANONICAL_6I = {

Import traces:
  Client Component Browser:
    ./src/lib/antd-theme.ts [Client Component Browser]
    ./src/components/AntdProvider.tsx [Client Component Browser]
    ./src/components/AntdProvider.tsx [Server Component]
    ./src/app/layout.tsx [Server Component]

  Client Component SSR:
    ./src/lib/antd-theme.ts [Client Component SSR]
    ./src/components/AntdProvider.tsx [Client Component SSR]
    ./src/components/AntdProvider.tsx [Server Component]
    ./src/app/layout.tsx [Server Component]

https://nextjs.org/docs/messages/module-not-found @ http://localhost:3001/_next/static/chunks/node_modules_next_dist_0u_w_5s._.js:2097
[ 3150492ms] [ERROR] ./src/lib/brand-tokens.ts:5:1
Module not found: Can't resolve '@dangelopalladino/etf-core/tokens/6id'
   3 | // IDENTITY_COLORS is overridden here with v2 saturated palette; all other tokens
   4 | // forwarded from etf-core unchanged.
>  5 | export {
     | ^^^^^^^
>  6 |   BLUEPRINT_SHADOWS,
     | ^^^^^^^^^^^^^^^^^^^^
>  7 |   BORDER_TOKENS,
     | ^^^^^^^^^^^^^^^^
>  8 |   BRAND,
     | ^^^^^^^^
>  9 |   BRAND_GOLD,
     | ^^^^^^^^^^^^^
> 10 |   DARK_MODE_COLORS,
     | ^^^^^^^^^^^^^^^^^^^
> 11 |   HEADING_SCALE,
     | ^^^^^^^^^^^^^^^^
> 12 |   SCORE_COLORS,
     | ^^^^^^^^^^^^^^^
> 13 |   SHADOW_TOKENS,
     | ^^^^^^^^^^^^^^^^
> 14 |   STATUS_STYLES,
     | ^^^^^^^^^^^^^^^^
> 15 |   SURFACE_TOKENS,
     | ^^^^^^^^^^^^^^^^^
> 16 |   baseThemeConfig,
     | ^^^^^^^^^^^^^^^^^^
> 17 |   darkThemeConfig,
     | ^^^^^^^^^^^^^^^^^^
> 18 |   getScoreColor,
     | ^^^^^^^^^^^^^^^^
> 19 |   needsDarkTextOnBackground,
     | ^^^^^^^^^^^^^^^^^^^^^^^^^^^^
> 20 | } from '@dangelopalladino/etf-core/tokens/6id';
     | ^^^^^^^^^^^^^^^^^^^^^^^^^^^^^^^^^^^^^^^^^^^^^^^
  21 | export type { StatusType } from '@dangelopalladino/etf-core/tokens/6id';
  22 |
  23 | // v2 saturated identity palette — overrides etf-core pottery-glaze values.

Import traces:
  Server Component:
    ./src/lib/brand-tokens.ts
    ./src/app/opengraph-image.tsx
    ./src/app/opengraph-image--metadata.js

  Client Component Browser:
    ./src/lib/brand-tokens.ts [Client Component Browser]
    ./src/components/Characters.tsx [Client Component Browser]
    ./src/components/results/ShareCard.tsx [Client Component Browser]
    ./src/components/results/ShareCard.tsx [Server Component]
    ./src/app/results/page.tsx [Server Component]

  Client Component SSR:
    ./src/lib/brand-tokens.ts [Client Component SSR]
    ./src/components/Characters.tsx [Client Component SSR]
    ./src/components/results/ShareCard.tsx [Client Component SSR]
    ./src/components/results/ShareCard.tsx [Server Component]
    ./src/app/results/page.tsx [Server Component]

https://nextjs.org/docs/messages/module-not-found @ http://localhost:3001/_next/static/chunks/node_modules_next_dist_0u_w_5s._.js:2097
[ 3150492ms] [ERROR] ./src/components/shared/BrandCta.tsx:3:1
Module not found: Can't resolve '@dangelopalladino/etf-core/ui-client'
  1 | // Phase 11: BrandCta sourced from @dangelopalladino/etf-core.
  2 | 'use client';
> 3 | export { BrandCta as default } from '@dangelopalladino/etf-core/ui-client';
    | ^^^^^^^^^^^^^^^^^^^^^^^^^^^^^^^^^^^^^^^^^^^^^^^^^^^^^^^^^^^^^^^^^^^^^^^^^^^
  4 |

Import traces:
  Server Component:
    ./src/components/shared/BrandCta.tsx
    ./src/app/results/page.tsx

  Client Component Browser:
    ./src/components/shared/BrandCta.tsx [Client Component Browser]
    ./src/app/not-found.tsx [Client Component Browser]
    ./src/app/not-found.tsx [Server Component]

  Client Component SSR:
    ./src/components/shared/BrandCta.tsx [Client Component SSR]
    ./src/app/not-found.tsx [Client Component SSR]
    ./src/app/not-found.tsx [Server Component]

https://nextjs.org/docs/messages/module-not-found @ http://localhost:3001/_next/static/chunks/node_modules_next_dist_0u_w_5s._.js:2097
[ 3150492ms] [ERROR] ./src/components/shared/ScoreBar.tsx:3:1
Module not found: Can't resolve '@dangelopalladino/etf-core/ui-client'
  1 | // Phase 11: ScoreBar sourced from @dangelopalladino/etf-core.
  2 | 'use client';
> 3 | export { ScoreBar as default } from '@dangelopalladino/etf-core/ui-client';
    | ^^^^^^^^^^^^^^^^^^^^^^^^^^^^^^^^^^^^^^^^^^^^^^^^^^^^^^^^^^^^^^^^^^^^^^^^^^^
  4 |

Import traces:
  Client Component Browser:
    ./src/components/shared/ScoreBar.tsx [Client Component Browser]
    ./src/components/results/v2/ScoreDashboard.tsx [Client Component Browser]
    ./src/components/results/v2/ScoreDashboard.tsx [Server Component]
    ./src/app/results/page.tsx [Server Component]

  Client Component SSR:
    ./src/components/shared/ScoreBar.tsx [Client Component SSR]
    ./src/components/results/v2/ScoreDashboard.tsx [Client Component SSR]
    ./src/components/results/v2/ScoreDashboard.tsx [Server Component]
    ./src/app/results/page.tsx [Server Component]

https://nextjs.org/docs/messages/module-not-found @ http://localhost:3001/_next/static/chunks/node_modules_next_dist_0u_w_5s._.js:2097
[ 3150492ms] [ERROR] ./src/components/shared/SectionHeader.tsx:8:1
Module not found: Can't resolve '@dangelopalladino/etf-core/ui-client'
   6 |
   7 | import React from 'react';
>  8 | import { SectionHeader as CoreSectionHeader } from '@dangelopalladino/etf-core/ui-client';
     | ^^^^^^^^^^^^^^^^^^^^^^^^^^^^^^^^^^^^^^^^^^^^^^^^^^^^^^^^^^^^^^^^^^^^^^^^^^^^^^^^^^^^^^^^^^
   9 |
  10 | type CoreAlign = 'left' | 'center';
  11 |

Import traces:
  Client Component Browser:
    ./src/components/shared/SectionHeader.tsx [Client Component Browser]
    ./src/components/results/v2/PatternTypeCard.tsx [Client Component Browser]
    ./src/components/results/v2/PatternTypeCard.tsx [Server Component]
    ./src/app/results/page.tsx [Server Component]

  Client Component SSR:
    ./src/components/shared/SectionHeader.tsx [Client Component SSR]
    ./src/components/results/v2/PatternTypeCard.tsx [Client Component SSR]
    ./src/components/results/v2/PatternTypeCard.tsx [Server Component]
    ./src/app/results/page.tsx [Server Component]

https://nextjs.org/docs/messages/module-not-found @ http://localhost:3001/_next/static/chunks/node_modules_next_dist_0u_w_5s._.js:2097
[ 3150492ms] [ERROR] ./src/components/shared/StatusBadge.tsx:3:1
Module not found: Can't resolve '@dangelopalladino/etf-core/ui-client'
  1 | // Phase 11: StatusBadge sourced from @dangelopalladino/etf-core.
  2 | 'use client';
> 3 | export { StatusBadge as default } from '@dangelopalladino/etf-core/ui-client';
    | ^^^^^^^^^^^^^^^^^^^^^^^^^^^^^^^^^^^^^^^^^^^^^^^^^^^^^^^^^^^^^^^^^^^^^^^^^^^^^^
  4 |

Import traces:
  Client Component Browser:
    ./src/components/shared/StatusBadge.tsx [Client Component Browser]
    ./src/components/results/v2/CoreCodeArchetype.tsx [Client Component Browser]
    ./src/components/results/v2/CoreCodeArchetype.tsx [Server Component]
    ./src/app/results/page.tsx [Server Component]

  Client Component SSR:
    ./src/components/shared/StatusBadge.tsx [Client Component SSR]
    ./src/components/results/v2/CoreCodeArchetype.tsx [Client Component SSR]
    ./src/components/results/v2/CoreCodeArchetype.tsx [Server Component]
    ./src/app/results/page.tsx [Server Component]

https://nextjs.org/docs/messages/module-not-found @ http://localhost:3001/_next/static/chunks/node_modules_next_dist_0u_w_5s._.js:2097
[ 3150493ms] [ERROR] ./src/components/shared/SectionWrapper.tsx:2:1
Module not found: Can't resolve '@dangelopalladino/etf-core/ui-server'
  1 | // Phase 11: server-safe SectionWrapper sourced from @dangelopalladino/etf-core.
> 2 | export { SectionWrapper as default } from '@dangelopalladino/etf-core/ui-server';
    | ^^^^^^^^^^^^^^^^^^^^^^^^^^^^^^^^^^^^^^^^^^^^^^^^^^^^^^^^^^^^^^^^^^^^^^^^^^^^^^^^^
  3 |

Import traces:
  #1 [Server Component]:
    ./src/components/shared/SectionWrapper.tsx
    ./src/app/results/page.tsx

  #2 [Client Component Browser]:
    ./src/components/shared/SectionWrapper.tsx [Client Component Browser]
    ./src/components/results/v2/ComponentDeepDives.tsx [Client Component Browser]
    ./src/components/results/v2/ComponentDeepDives.tsx [Server Component]
    ./src/app/results/page.tsx [Server Component]

  #3 [Client Component Browser]:
    ./src/components/shared/SectionWrapper.tsx [Client Component Browser]
    ./src/components/results/v2/PatternTypeCard.tsx [Client Component Browser]
    ./src/components/results/v2/PatternTypeCard.tsx [Server Component]
    ./src/app/results/page.tsx [Server Component]

  #4 [Client Component SSR]:
    ./src/components/shared/SectionWrapper.tsx [Client Component SSR]
    ./src/components/results/v2/ComponentDeepDives.tsx [Client Component SSR]
    ./src/components/results/v2/ComponentDeepDives.tsx [Server Component]
    ./src/app/results/page.tsx [Server Component]

  #5 [Client Component SSR]:
    ./src/components/shared/SectionWrapper.tsx [Client Component SSR]
    ./src/components/results/v2/PatternTypeCard.tsx [Client Component SSR]
    ./src/components/results/v2/PatternTypeCard.tsx [Server Component]
    ./src/app/results/page.tsx [Server Component]

https://nextjs.org/docs/messages/module-not-found @ http://localhost:3001/_next/static/chunks/node_modules_next_dist_0u_w_5s._.js:2097
[ 3150493ms] [ERROR] ./src/components/shared/ServerTypography.tsx:6:1
Module not found: Can't resolve '@dangelopalladino/etf-core/ui-server'
   4 | // use `text-foreground` (warm charcoal). We inject `text-foreground` before any caller-su...
   5 | // className so the token wins even if callers explicitly pass `text-primary`.
>  6 | import {
     | ^^^^^^^
>  7 |   ServerHeading as _ServerHeading,
     | ^^^^^^^^^^^^^^^^^^^^^^^^^^^^^^^^^^
>  8 |   ServerText,
     | ^^^^^^^^^^^^^
>  9 |   Eyebrow as _Eyebrow,
     | ^^^^^^^^^^^^^^^^^^^^^^
> 10 | } from '@dangelopalladino/etf-core/ui-server';
     | ^^^^^^^^^^^^^^^^^^^^^^^^^^^^^^^^^^^^^^^^^^^^^^
  11 | import type { ComponentProps } from 'react';
  12 |
  13 | export function ServerHeading({ className = '', ...props }: ComponentProps<typeof _ServerH...

Import traces:
  #1 [Server Component]:
    ./src/components/shared/ServerTypography.tsx
    ./src/app/results/page.tsx

  #2 [Server Component]:
    ./src/components/shared/ServerTypography.tsx
    ./src/components/shared/NonClinicalDisclaimer.tsx
    ./src/app/results/page.tsx

  #3 [Client Component Browser]:
    ./src/components/shared/ServerTypography.tsx [Client Component Browser]
    ./src/components/status/StateBase.tsx [Client Component Browser]
    ./src/components/status/ErrorState.tsx [Client Component Browser]
    ./src/components/status/ErrorState.tsx [Server Component]
    ./src/app/results/page.tsx [Server Component]

  #4 [Client Component SSR]:
    ./src/components/shared/ServerTypography.tsx [Client Component SSR]
    ./src/components/status/StateBase.tsx [Client Component SSR]
    ./src/components/status/ErrorState.tsx [Client Component SSR]
    ./src/components/status/ErrorState.tsx [Server Component]
    ./src/app/results/page.tsx [Server Component]

https://nextjs.org/docs/messages/module-not-found @ http://localhost:3001/_next/static/chunks/node_modules_next_dist_0u_w_5s._.js:2097
[ 3150493ms] [ERROR] ./src/lib/analytics.ts:2:1
Export EVENTS doesn't exist in target module
  1 | import Clarity from '@microsoft/clarity';
> 2 | import { EVENTS, KEYS } from './analytics-events';
    | ^^^^^^^^^^^^^^^^^^^^^^^^^^^^^^^^^^^^^^^^^^^^^^^^^^
  3 | import { getAttributionPayload } from './analytics-source';
  4 |
  5 | declare global {

The export EVENTS was not found in module [project]/src/lib/analytics-events.ts [app-client] (ecmascript).
The module has no exports at all.
All exports of the module are statically known (It doesn't have dynamic exports). So it's known statically that the requested export doesn't exist.

Import traces:
  #1 [Client Component Browser]:
    ./src/lib/analytics.ts [Client Component Browser]
    ./src/app/error.tsx [Client Component Browser]
    ./src/app/error.tsx [Server Component]

  #2 [Client Component Browser]:
    ./src/lib/analytics.ts [Client Component Browser]
    ./src/app/not-found.tsx [Client Component Browser]
    ./src/app/not-found.tsx [Server Component]

  #3 [Client Component SSR]:
    ./src/lib/analytics.ts [Client Component SSR]
    ./src/app/error.tsx [Client Component SSR]
    ./src/app/error.tsx [Server Component]

  #4 [Client Component SSR]:
    ./src/lib/analytics.ts [Client Component SSR]
    ./src/app/not-found.tsx [Client Component SSR]
    ./src/app/not-found.tsx [Server Component]

  #5 [Client Component Browser]:
    ./src/lib/analytics.ts [Client Component Browser]
    ./src/components/analytics/CookieConsentBanner.tsx [Client Component Browser]
    ./src/components/analytics/CookieConsentBanner.tsx [Server Component]
    ./src/app/layout.tsx [Server Component]

  #6 [Client Component SSR]:
    ./src/lib/analytics.ts [Client Component SSR]
    ./src/components/analytics/CookieConsentBanner.tsx [Client Component SSR]
    ./src/components/analytics/CookieConsentBanner.tsx [Server Component]
    ./src/app/layout.tsx [Server Component] @ http://localhost:3001/_next/static/chunks/node_modules_next_dist_0u_w_5s._.js:2097
[ 3150493ms] [ERROR] ./src/lib/analytics.ts:2:1
Export EVENTS doesn't exist in target module
  1 | import Clarity from '@microsoft/clarity';
> 2 | import { EVENTS, KEYS } from './analytics-events';
    | ^^^^^^^^^^^^^^^^^^^^^^^^^^^^^^^^^^^^^^^^^^^^^^^^^^
  3 | import { getAttributionPayload } from './analytics-source';
  4 |
  5 | declare global {

The export EVENTS was not found in module [project]/src/lib/analytics-events.ts [app-ssr] (ecmascript).
The module has no exports at all.
All exports of the module are statically known (It doesn't have dynamic exports). So it's known statically that the requested export doesn't exist.

Import traces:
  #1 [Client Component Browser]:
    ./src/lib/analytics.ts [Client Component Browser]
    ./src/app/error.tsx [Client Component Browser]
    ./src/app/error.tsx [Server Component]

  #2 [Client Component Browser]:
    ./src/lib/analytics.ts [Client Component Browser]
    ./src/app/not-found.tsx [Client Component Browser]
    ./src/app/not-found.tsx [Server Component]

  #3 [Client Component SSR]:
    ./src/lib/analytics.ts [Client Component SSR]
    ./src/app/error.tsx [Client Component SSR]
    ./src/app/error.tsx [Server Component]

  #4 [Client Component SSR]:
    ./src/lib/analytics.ts [Client Component SSR]
    ./src/app/not-found.tsx [Client Component SSR]
    ./src/app/not-found.tsx [Server Component]

  #5 [Client Component Browser]:
    ./src/lib/analytics.ts [Client Component Browser]
    ./src/components/analytics/CookieConsentBanner.tsx [Client Component Browser]
    ./src/components/analytics/CookieConsentBanner.tsx [Server Component]
    ./src/app/layout.tsx [Server Component]

  #6 [Client Component SSR]:
    ./src/lib/analytics.ts [Client Component SSR]
    ./src/components/analytics/CookieConsentBanner.tsx [Client Component SSR]
    ./src/components/analytics/CookieConsentBanner.tsx [Server Component]
    ./src/app/layout.tsx [Server Component] @ http://localhost:3001/_next/static/chunks/node_modules_next_dist_0u_w_5s._.js:2097
[ 3150493ms] [ERROR] ./src/lib/analytics.ts:2:1
Export KEYS doesn't exist in target module
  1 | import Clarity from '@microsoft/clarity';
> 2 | import { EVENTS, KEYS } from './analytics-events';
    | ^^^^^^^^^^^^^^^^^^^^^^^^^^^^^^^^^^^^^^^^^^^^^^^^^^
  3 | import { getAttributionPayload } from './analytics-source';
  4 |
  5 | declare global {

The export KEYS was not found in module [project]/src/lib/analytics-events.ts [app-client] (ecmascript).
The module has no exports at all.
All exports of the module are statically known (It doesn't have dynamic exports). So it's known statically that the requested export doesn't exist.

Import traces:
  #1 [Client Component Browser]:
    ./src/lib/analytics.ts [Client Component Browser]
    ./src/app/error.tsx [Client Component Browser]
    ./src/app/error.tsx [Server Component]

  #2 [Client Component Browser]:
    ./src/lib/analytics.ts [Client Component Browser]
    ./src/app/not-found.tsx [Client Component Browser]
    ./src/app/not-found.tsx [Server Component]

  #3 [Client Component SSR]:
    ./src/lib/analytics.ts [Client Component SSR]
    ./src/app/error.tsx [Client Component SSR]
    ./src/app/error.tsx [Server Component]

  #4 [Client Component SSR]:
    ./src/lib/analytics.ts [Client Component SSR]
    ./src/app/not-found.tsx [Client Component SSR]
    ./src/app/not-found.tsx [Server Component]

  #5 [Client Component Browser]:
    ./src/lib/analytics.ts [Client Component Browser]
    ./src/components/analytics/CookieConsentBanner.tsx [Client Component Browser]
    ./src/components/analytics/CookieConsentBanner.tsx [Server Component]
    ./src/app/layout.tsx [Server Component]

  #6 [Client Component SSR]:
    ./src/lib/analytics.ts [Client Component SSR]
    ./src/components/analytics/CookieConsentBanner.tsx [Client Component SSR]
    ./src/components/analytics/CookieConsentBanner.tsx [Server Component]
    ./src/app/layout.tsx [Server Component] @ http://localhost:3001/_next/static/chunks/node_modules_next_dist_0u_w_5s._.js:2097
[ 3150493ms] [ERROR] ./src/lib/analytics.ts:2:1
Export KEYS doesn't exist in target module
  1 | import Clarity from '@microsoft/clarity';
> 2 | import { EVENTS, KEYS } from './analytics-events';
    | ^^^^^^^^^^^^^^^^^^^^^^^^^^^^^^^^^^^^^^^^^^^^^^^^^^
  3 | import { getAttributionPayload } from './analytics-source';
  4 |
  5 | declare global {

The export KEYS was not found in module [project]/src/lib/analytics-events.ts [app-ssr] (ecmascript).
The module has no exports at all.
All exports of the module are statically known (It doesn't have dynamic exports). So it's known statically that the requested export doesn't exist.

Import traces:
  #1 [Client Component Browser]:
    ./src/lib/analytics.ts [Client Component Browser]
    ./src/app/error.tsx [Client Component Browser]
    ./src/app/error.tsx [Server Component]

  #2 [Client Component Browser]:
    ./src/lib/analytics.ts [Client Component Browser]
    ./src/app/not-found.tsx [Client Component Browser]
    ./src/app/not-found.tsx [Server Component]

  #3 [Client Component SSR]:
    ./src/lib/analytics.ts [Client Component SSR]
    ./src/app/error.tsx [Client Component SSR]
    ./src/app/error.tsx [Server Component]

  #4 [Client Component SSR]:
    ./src/lib/analytics.ts [Client Component SSR]
    ./src/app/not-found.tsx [Client Component SSR]
    ./src/app/not-found.tsx [Server Component]

  #5 [Client Component Browser]:
    ./src/lib/analytics.ts [Client Component Browser]
    ./src/components/analytics/CookieConsentBanner.tsx [Client Component Browser]
    ./src/components/analytics/CookieConsentBanner.tsx [Server Component]
    ./src/app/layout.tsx [Server Component]

  #6 [Client Component SSR]:
    ./src/lib/analytics.ts [Client Component SSR]
    ./src/components/analytics/CookieConsentBanner.tsx [Client Component SSR]
    ./src/components/analytics/CookieConsentBanner.tsx [Server Component]
    ./src/app/layout.tsx [Server Component] @ http://localhost:3001/_next/static/chunks/node_modules_next_dist_0u_w_5s._.js:2097
[ 3153584ms] [LOG] [Fast Refresh] rebuilding @ http://localhost:3001/_next/static/chunks/node_modules_next_dist_0u_w_5s._.js:1305
[ 3154511ms] [LOG] [Fast Refresh] done in 1029ms @ http://localhost:3001/_next/static/chunks/node_modules_next_dist_0u_w_5s._.js:1305
[ 3158490ms] [INFO] %cDownload the React DevTools for a better development experience: https://react.dev/link/react-devtools font-weight:bold @ http://localhost:3001/_next/static/chunks/node_modules_next_dist_0nzbwyu._.js:1114
[ 3158661ms] [LOG] [HMR] connected @ http://localhost:3001/_next/static/chunks/node_modules_next_dist_0nzbwyu._.js:1114
[ 3159058ms] [LOG] %c[Vercel Web Analytics]%c Debug mode is enabled by default in development. No requests will be sent to the server. color: rgb(120, 120, 120) color: inherit @ http://localhost:3001/_next/static/chunks/node_modules_next_dist_0nzbwyu._.js:1114
[ 3159058ms] [LOG] %c[Vercel Web Analytics]%c [view] http://localhost:3001/ color: rgb(120, 120, 120) color: inherit {o: http://localhost:3001/, sv: 0.1.3, sdkn: @vercel/analytics/react, sdkv: 2.0.1, ts: 1777519645448} /_vercel/insights/view @ http://localhost:3001/_next/static/chunks/node_modules_next_dist_0nzbwyu._.js:1114
[ 3159233ms] [LOG] %c[Vercel Speed Insights]%c Debug mode is enabled by default in development. No requests will be sent to the server. color: rgb(120, 120, 120) color: inherit @ http://localhost:3001/_next/static/chunks/node_modules_next_dist_0nzbwyu._.js:1114
[ 3159809ms] [LOG] [Fast Refresh] rebuilding @ http://localhost:3001/_next/static/chunks/node_modules_next_dist_0nzbwyu._.js:1114
[ 3162099ms] [LOG] [Fast Refresh] done in 2391ms @ http://localhost:3001/_next/static/chunks/node_modules_next_dist_0nzbwyu._.js:1114
[ 3847248ms] [LOG] [Fast Refresh] rebuilding @ http://localhost:3001/_next/static/chunks/node_modules_next_dist_0nzbwyu._.js:1114
[ 3847658ms] [LOG] [Fast Refresh] done in 517ms @ http://localhost:3001/_next/static/chunks/node_modules_next_dist_0nzbwyu._.js:1114
[ 6087075ms] [LOG] [Fast Refresh] rebuilding @ http://localhost:3001/_next/static/chunks/node_modules_next_dist_0nzbwyu._.js:1114
[ 6099461ms] [WARNING] [HMR] Invalid message: {"isTrusted":true}
TypeError: Cannot convert undefined or null to object
    at Object.keys (<anonymous>)
    at extractModulesFromTurbopackMessage (http://localhost:3001/_next/static/chunks/node_modules_next_dist_client_0.0dnbh._.js:16795:53)
    at TurbopackHmr.onTurbopackMessage (http://localhost:3001/_next/static/chunks/node_modules_next_dist_client_0.0dnbh._.js:16686:38)
    at processMessage (http://localhost:3001/_next/static/chunks/node_modules_next_dist_client_0.0dnbh._.js:17143:30)
    at WebSocket.handleMessage (http://localhost:3001/_next/static/chunks/node_modules_next_dist_client_0.0dnbh._.js:16399:52) @ http://localhost:3001/_next/static/chunks/node_modules_next_dist_0nzbwyu._.js:1114
[ 6099465ms] [LOG] [Fast Refresh] done in 12481ms @ http://localhost:3001/_next/static/chunks/node_modules_next_dist_0nzbwyu._.js:1114
[ 6101347ms] [LOG] [Fast Refresh] rebuilding @ http://localhost:3001/_next/static/chunks/node_modules_next_dist_0nzbwyu._.js:1114
[ 6101778ms] [LOG] [Fast Refresh] done in 533ms @ http://localhost:3001/_next/static/chunks/node_modules_next_dist_0nzbwyu._.js:1114
[ 6102462ms] [LOG] [Fast Refresh] rebuilding @ http://localhost:3001/_next/static/chunks/node_modules_next_dist_0nzbwyu._.js:1114
[ 6102901ms] [LOG] [Fast Refresh] done in 540ms @ http://localhost:3001/_next/static/chunks/node_modules_next_dist_0nzbwyu._.js:1114
[ 6107301ms] [LOG] [Fast Refresh] rebuilding @ http://localhost:3001/_next/static/chunks/node_modules_next_dist_0nzbwyu._.js:1114
[ 6107751ms] [LOG] %c[Vercel Speed Insights]%c [vitals] color: rgb(120, 120, 120) color: inherit {speed: 4g, metrics: Array(3), scriptVersion: 0.1.3, sdkName: @vercel/speed-insights/next, sdkVersion: 2.0.0} /_vercel/speed-insights/vitals @ http://localhost:3001/_next/static/chunks/node_modules_next_dist_0nzbwyu._.js:1114
[ 6107771ms] [LOG] %c[Vercel Speed Insights]%c [vitals] color: rgb(120, 120, 120) color: inherit {speed: 4g, metrics: Array(1), scriptVersion: 0.1.3, sdkName: @vercel/speed-insights/next, sdkVersion: 2.0.0} /_vercel/speed-insights/vitals @ http://localhost:3001/_next/static/chunks/node_modules_next_dist_0nzbwyu._.js:1114
[ 6114012ms] [LOG] [Client Instrumentation Hook] Slow execution detected: 35ms (Note: Code download overhead is not included in this measurement) @ http://localhost:3001/_next/static/chunks/node_modules_next_dist_0nzbwyu._.js:728
[ 6114227ms] [INFO] %cDownload the React DevTools for a better development experience: https://react.dev/link/react-devtools font-weight:bold @ http://localhost:3001/_next/static/chunks/node_modules_next_dist_0nzbwyu._.js:1114
[ 6114943ms] [LOG] [HMR] connected @ http://localhost:3001/_next/static/chunks/node_modules_next_dist_0nzbwyu._.js:1114
[ 6115253ms] [ERROR] ./src/app/layout.tsx:13:1
Module not found: Can't resolve '@dangelopalladino/etf-core/analytics'
  11 | import { AuthProvider } from "@/components/AuthProvider";
  12 | import PageviewTracker from "@/components/analytics/PageviewTracker";
> 13 | import { GA4Loader } from "@dangelopalladino/etf-core/analytics";
     | ^^^^^^^^^^^^^^^^^^^^^^^^^^^^^^^^^^^^^^^^^^^^^^^^^^^^^^^^^^^^^^^^^
  14 | import ClarityLoader from "@/components/analytics/ClarityLoader";
  15 | import ClarityIdentifier from "@/components/analytics/ClarityIdentifier";
  16 | import CookieConsentBanner from "@/components/analytics/CookieConsentBanner";

https://nextjs.org/docs/messages/module-not-found @ http://localhost:3001/_next/static/chunks/node_modules_next_dist_0nzbwyu._.js:2081
[ 6115255ms] [ERROR] ./src/lib/analytics-events.ts:2:1
Module not found: Can't resolve '@dangelopalladino/etf-core/analytics'
  1 | // Phase 11: analytics event catalog sourced from @dangelopalladino/etf-core.
> 2 | export * from '@dangelopalladino/etf-core/analytics';
    | ^^^^^^^^^^^^^^^^^^^^^^^^^^^^^^^^^^^^^^^^^^^^^^^^^^^^^
  3 |

Import traces:
  Client Component Browser:
    ./src/lib/analytics-events.ts [Client Component Browser]
    ./src/lib/analytics.ts [Client Component Browser]
    ./src/components/analytics/CookieConsentBanner.tsx [Client Component Browser]
    ./src/components/analytics/CookieConsentBanner.tsx [Server Component]
    ./src/app/layout.tsx [Server Component]

  Client Component SSR:
    ./src/lib/analytics-events.ts [Client Component SSR]
    ./src/lib/analytics.ts [Client Component SSR]
    ./src/components/analytics/CookieConsentBanner.tsx [Client Component SSR]
    ./src/components/analytics/CookieConsentBanner.tsx [Server Component]
    ./src/app/layout.tsx [Server Component]

https://nextjs.org/docs/messages/module-not-found @ http://localhost:3001/_next/static/chunks/node_modules_next_dist_0nzbwyu._.js:2081
[ 6115255ms] [ERROR] ./src/app/page.tsx:8:1
Module not found: Can't resolve '@dangelopalladino/etf-core/content'
   6 |   CrownOutlined,
   7 | } from '@ant-design/icons';
>  8 | import { getApprovedTestimonials } from '@dangelopalladino/etf-core/content';
     | ^^^^^^^^^^^^^^^^^^^^^^^^^^^^^^^^^^^^^^^^^^^^^^^^^^^^^^^^^^^^^^^^^^^^^^^^^^^^^
   9 | import { JsonLd } from '@/components/marketing/JsonLd';
  10 | import { LandingSectionExposure } from '@/components/analytics/SectionExposure';
  11 | import FeatureCard from '@/components/primitives/FeatureCard';

https://nextjs.org/docs/messages/module-not-found @ http://localhost:3001/_next/static/chunks/node_modules_next_dist_0nzbwyu._.js:2081
[ 6115255ms] [ERROR] ./src/lib/antd-theme.ts:35:1
Module not found: Can't resolve '@dangelopalladino/etf-core/tokens/6id'
  33 | export type { StatusType } from '@dangelopalladino/etf-core/tokens/6id';
  34 |
> 35 | import { themeConfig as etfCoreThemeConfig } from '@dangelopalladino/etf-core/tokens/6id';
     | ^^^^^^^^^^^^^^^^^^^^^^^^^^^^^^^^^^^^^^^^^^^^^^^^^^^^^^^^^^^^^^^^^^^^^^^^^^^^^^^^^^^^^^^^^^
  36 |
  37 | // Canonical 6i palette — v2 design system (navy + off-white + electric blue)
  38 | const CANONICAL_6I = {

Import traces:
  Client Component Browser:
    ./src/lib/antd-theme.ts [Client Component Browser]
    ./src/components/AntdProvider.tsx [Client Component Browser]
    ./src/components/AntdProvider.tsx [Server Component]
    ./src/app/layout.tsx [Server Component]

  Client Component SSR:
    ./src/lib/antd-theme.ts [Client Component SSR]
    ./src/components/AntdProvider.tsx [Client Component SSR]
    ./src/components/AntdProvider.tsx [Server Component]
    ./src/app/layout.tsx [Server Component]

https://nextjs.org/docs/messages/module-not-found @ http://localhost:3001/_next/static/chunks/node_modules_next_dist_0nzbwyu._.js:2081
[ 6115255ms] [ERROR] ./src/lib/brand-tokens.ts:5:1
Module not found: Can't resolve '@dangelopalladino/etf-core/tokens/6id'
   3 | // IDENTITY_COLORS is overridden here with v2 saturated palette; all other tokens
   4 | // forwarded from etf-core unchanged.
>  5 | export {
     | ^^^^^^^
>  6 |   BLUEPRINT_SHADOWS,
     | ^^^^^^^^^^^^^^^^^^^^
>  7 |   BORDER_TOKENS,
     | ^^^^^^^^^^^^^^^^
>  8 |   BRAND,
     | ^^^^^^^^
>  9 |   BRAND_GOLD,
     | ^^^^^^^^^^^^^
> 10 |   DARK_MODE_COLORS,
     | ^^^^^^^^^^^^^^^^^^^
> 11 |   HEADING_SCALE,
     | ^^^^^^^^^^^^^^^^
> 12 |   SCORE_COLORS,
     | ^^^^^^^^^^^^^^^
> 13 |   SHADOW_TOKENS,
     | ^^^^^^^^^^^^^^^^
> 14 |   STATUS_STYLES,
     | ^^^^^^^^^^^^^^^^
> 15 |   SURFACE_TOKENS,
     | ^^^^^^^^^^^^^^^^^
> 16 |   baseThemeConfig,
     | ^^^^^^^^^^^^^^^^^^
> 17 |   darkThemeConfig,
     | ^^^^^^^^^^^^^^^^^^
> 18 |   getScoreColor,
     | ^^^^^^^^^^^^^^^^
> 19 |   needsDarkTextOnBackground,
     | ^^^^^^^^^^^^^^^^^^^^^^^^^^^^
> 20 | } from '@dangelopalladino/etf-core/tokens/6id';
     | ^^^^^^^^^^^^^^^^^^^^^^^^^^^^^^^^^^^^^^^^^^^^^^^
  21 | export type { StatusType } from '@dangelopalladino/etf-core/tokens/6id';
  22 |
  23 | // v2 saturated identity palette — overrides etf-core pottery-glaze values.

Import traces:
  #1 [Server Component]:
    ./src/lib/brand-tokens.ts
    ./src/app/opengraph-image.tsx
    ./src/app/opengraph-image--metadata.js

  #2 [Server Component]:
    ./src/lib/brand-tokens.ts
    ./src/lib/type-profiles.ts
    ./src/app/page.tsx

https://nextjs.org/docs/messages/module-not-found @ http://localhost:3001/_next/static/chunks/node_modules_next_dist_0nzbwyu._.js:2081
[ 6115257ms] [ERROR] ./src/components/shared/BrandCta.tsx:3:1
Module not found: Can't resolve '@dangelopalladino/etf-core/ui-client'
  1 | // Phase 11: BrandCta sourced from @dangelopalladino/etf-core.
  2 | 'use client';
> 3 | export { BrandCta as default } from '@dangelopalladino/etf-core/ui-client';
    | ^^^^^^^^^^^^^^^^^^^^^^^^^^^^^^^^^^^^^^^^^^^^^^^^^^^^^^^^^^^^^^^^^^^^^^^^^^^
  4 |

Import traces:
  Server Component:
    ./src/components/shared/BrandCta.tsx
    ./src/app/page.tsx

  Client Component Browser:
    ./src/components/shared/BrandCta.tsx [Client Component Browser]
    ./src/app/not-found.tsx [Client Component Browser]
    ./src/app/not-found.tsx [Server Component]

  Client Component SSR:
    ./src/components/shared/BrandCta.tsx [Client Component SSR]
    ./src/app/not-found.tsx [Client Component SSR]
    ./src/app/not-found.tsx [Server Component]

https://nextjs.org/docs/messages/module-not-found @ http://localhost:3001/_next/static/chunks/node_modules_next_dist_0nzbwyu._.js:2081
[ 6115258ms] [ERROR] ./src/components/shared/SectionHeader.tsx:8:1
Module not found: Can't resolve '@dangelopalladino/etf-core/ui-client'
   6 |
   7 | import React from 'react';
>  8 | import { SectionHeader as CoreSectionHeader } from '@dangelopalladino/etf-core/ui-client';
     | ^^^^^^^^^^^^^^^^^^^^^^^^^^^^^^^^^^^^^^^^^^^^^^^^^^^^^^^^^^^^^^^^^^^^^^^^^^^^^^^^^^^^^^^^^^
   9 |
  10 | type CoreAlign = 'left' | 'center';
  11 |

Import trace:
  Server Component:
    ./src/components/shared/SectionHeader.tsx
    ./src/app/page.tsx

https://nextjs.org/docs/messages/module-not-found @ http://localhost:3001/_next/static/chunks/node_modules_next_dist_0nzbwyu._.js:2081
[ 6115258ms] [ERROR] ./src/components/shared/SectionWrapper.tsx:2:1
Module not found: Can't resolve '@dangelopalladino/etf-core/ui-server'
  1 | // Phase 11: server-safe SectionWrapper sourced from @dangelopalladino/etf-core.
> 2 | export { SectionWrapper as default } from '@dangelopalladino/etf-core/ui-server';
    | ^^^^^^^^^^^^^^^^^^^^^^^^^^^^^^^^^^^^^^^^^^^^^^^^^^^^^^^^^^^^^^^^^^^^^^^^^^^^^^^^^
  3 |

Import trace:
  Server Component:
    ./src/components/shared/SectionWrapper.tsx
    ./src/app/page.tsx

https://nextjs.org/docs/messages/module-not-found @ http://localhost:3001/_next/static/chunks/node_modules_next_dist_0nzbwyu._.js:2081
[ 6115260ms] [ERROR] ./src/components/shared/ServerTypography.tsx:6:1
Module not found: Can't resolve '@dangelopalladino/etf-core/ui-server'
  4 | ...e `text-foreground` (warm charcoal). We inject `text-foreground` before any caller-supplied
  5 | ...assName so the token wins even if callers explicitly pass `text-primary`.
> 6 | ...t { ServerHeading as _ServerHeading, ServerText } from '@dangelopalladino/etf-core/ui-se...
    |    ^^^^^^^^^^^^^^^^^^^^^^^^^^^^^^^^^^^^^^^^^^^^^^^^^^^^^^^^^^^^^^^^^^^^^^^^^^^^^^^^^^^^^^^^^^^
  7 | ...t type { ComponentProps } from 'react';
  8 | ...
  9 | ...t function ServerHeading({ className = '', ...props }: ComponentProps<typeof _ServerHead...

Import traces:
  Server Component:
    ./src/components/shared/ServerTypography.tsx
    ./src/app/page.tsx

  Client Component Browser:
    ./src/components/shared/ServerTypography.tsx [Client Component Browser]
    ./src/components/shared/PageHero.tsx [Client Component Browser]
    ./src/components/shared/PageHero.tsx [Server Component]
    ./src/app/page.tsx [Server Component]

  Client Component SSR:
    ./src/components/shared/ServerTypography.tsx [Client Component SSR]
    ./src/components/shared/PageHero.tsx [Client Component SSR]
    ./src/components/shared/PageHero.tsx [Server Component]
    ./src/app/page.tsx [Server Component]

https://nextjs.org/docs/messages/module-not-found @ http://localhost:3001/_next/static/chunks/node_modules_next_dist_0nzbwyu._.js:2081
[ 6115260ms] [ERROR] ./src/lib/analytics.ts:2:1
Export EVENTS doesn't exist in target module
  1 | import Clarity from '@microsoft/clarity';
> 2 | import { EVENTS, KEYS } from './analytics-events';
    | ^^^^^^^^^^^^^^^^^^^^^^^^^^^^^^^^^^^^^^^^^^^^^^^^^^
  3 | import { getAttributionPayload } from './analytics-source';
  4 |
  5 | declare global {

The export EVENTS was not found in module [project]/src/lib/analytics-events.ts [app-client] (ecmascript).
The module has no exports at all.
All exports of the module are statically known (It doesn't have dynamic exports). So it's known statically that the requested export doesn't exist.

Import traces:
  #1 [Client Component Browser]:
    ./src/lib/analytics.ts [Client Component Browser]
    ./src/app/error.tsx [Client Component Browser]
    ./src/app/error.tsx [Server Component]

  #2 [Client Component Browser]:
    ./src/lib/analytics.ts [Client Component Browser]
    ./src/app/not-found.tsx [Client Component Browser]
    ./src/app/not-found.tsx [Server Component]

  #3 [Client Component SSR]:
    ./src/lib/analytics.ts [Client Component SSR]
    ./src/app/error.tsx [Client Component SSR]
    ./src/app/error.tsx [Server Component]

  #4 [Client Component SSR]:
    ./src/lib/analytics.ts [Client Component SSR]
    ./src/app/not-found.tsx [Client Component SSR]
    ./src/app/not-found.tsx [Server Component]

  #5 [Client Component Browser]:
    ./src/lib/analytics.ts [Client Component Browser]
    ./src/components/analytics/CookieConsentBanner.tsx [Client Component Browser]
    ./src/components/analytics/CookieConsentBanner.tsx [Server Component]
    ./src/app/layout.tsx [Server Component]

  #6 [Client Component SSR]:
    ./src/lib/analytics.ts [Client Component SSR]
    ./src/components/analytics/CookieConsentBanner.tsx [Client Component SSR]
    ./src/components/analytics/CookieConsentBanner.tsx [Server Component]
    ./src/app/layout.tsx [Server Component] @ http://localhost:3001/_next/static/chunks/node_modules_next_dist_0nzbwyu._.js:2081
[ 6115262ms] [ERROR] ./src/lib/analytics.ts:2:1
Export EVENTS doesn't exist in target module
  1 | import Clarity from '@microsoft/clarity';
> 2 | import { EVENTS, KEYS } from './analytics-events';
    | ^^^^^^^^^^^^^^^^^^^^^^^^^^^^^^^^^^^^^^^^^^^^^^^^^^
  3 | import { getAttributionPayload } from './analytics-source';
  4 |
  5 | declare global {

The export EVENTS was not found in module [project]/src/lib/analytics-events.ts [app-ssr] (ecmascript).
The module has no exports at all.
All exports of the module are statically known (It doesn't have dynamic exports). So it's known statically that the requested export doesn't exist.

Import traces:
  #1 [Client Component Browser]:
    ./src/lib/analytics.ts [Client Component Browser]
    ./src/app/error.tsx [Client Component Browser]
    ./src/app/error.tsx [Server Component]

  #2 [Client Component Browser]:
    ./src/lib/analytics.ts [Client Component Browser]
    ./src/app/not-found.tsx [Client Component Browser]
    ./src/app/not-found.tsx [Server Component]

  #3 [Client Component SSR]:
    ./src/lib/analytics.ts [Client Component SSR]
    ./src/app/error.tsx [Client Component SSR]
    ./src/app/error.tsx [Server Component]

  #4 [Client Component SSR]:
    ./src/lib/analytics.ts [Client Component SSR]
    ./src/app/not-found.tsx [Client Component SSR]
    ./src/app/not-found.tsx [Server Component]

  #5 [Client Component Browser]:
    ./src/lib/analytics.ts [Client Component Browser]
    ./src/components/analytics/CookieConsentBanner.tsx [Client Component Browser]
    ./src/components/analytics/CookieConsentBanner.tsx [Server Component]
    ./src/app/layout.tsx [Server Component]

  #6 [Client Component SSR]:
    ./src/lib/analytics.ts [Client Component SSR]
    ./src/components/analytics/CookieConsentBanner.tsx [Client Component SSR]
    ./src/components/analytics/CookieConsentBanner.tsx [Server Component]
    ./src/app/layout.tsx [Server Component] @ http://localhost:3001/_next/static/chunks/node_modules_next_dist_0nzbwyu._.js:2081
[ 6115262ms] [ERROR] ./src/lib/analytics.ts:2:1
Export KEYS doesn't exist in target module
  1 | import Clarity from '@microsoft/clarity';
> 2 | import { EVENTS, KEYS } from './analytics-events';
    | ^^^^^^^^^^^^^^^^^^^^^^^^^^^^^^^^^^^^^^^^^^^^^^^^^^
  3 | import { getAttributionPayload } from './analytics-source';
  4 |
  5 | declare global {

The export KEYS was not found in module [project]/src/lib/analytics-events.ts [app-client] (ecmascript).
The module has no exports at all.
All exports of the module are statically known (It doesn't have dynamic exports). So it's known statically that the requested export doesn't exist.

Import traces:
  #1 [Client Component Browser]:
    ./src/lib/analytics.ts [Client Component Browser]
    ./src/app/error.tsx [Client Component Browser]
    ./src/app/error.tsx [Server Component]

  #2 [Client Component Browser]:
    ./src/lib/analytics.ts [Client Component Browser]
    ./src/app/not-found.tsx [Client Component Browser]
    ./src/app/not-found.tsx [Server Component]

  #3 [Client Component SSR]:
    ./src/lib/analytics.ts [Client Component SSR]
    ./src/app/error.tsx [Client Component SSR]
    ./src/app/error.tsx [Server Component]

  #4 [Client Component SSR]:
    ./src/lib/analytics.ts [Client Component SSR]
    ./src/app/not-found.tsx [Client Component SSR]
    ./src/app/not-found.tsx [Server Component]

  #5 [Client Component Browser]:
    ./src/lib/analytics.ts [Client Component Browser]
    ./src/components/analytics/CookieConsentBanner.tsx [Client Component Browser]
    ./src/components/analytics/CookieConsentBanner.tsx [Server Component]
    ./src/app/layout.tsx [Server Component]

  #6 [Client Component SSR]:
    ./src/lib/analytics.ts [Client Component SSR]
    ./src/components/analytics/CookieConsentBanner.tsx [Client Component SSR]
    ./src/components/analytics/CookieConsentBanner.tsx [Server Component]
    ./src/app/layout.tsx [Server Component] @ http://localhost:3001/_next/static/chunks/node_modules_next_dist_0nzbwyu._.js:2081
[ 6115262ms] [ERROR] ./src/lib/analytics.ts:2:1
Export KEYS doesn't exist in target module
  1 | import Clarity from '@microsoft/clarity';
> 2 | import { EVENTS, KEYS } from './analytics-events';
    | ^^^^^^^^^^^^^^^^^^^^^^^^^^^^^^^^^^^^^^^^^^^^^^^^^^
  3 | import { getAttributionPayload } from './analytics-source';
  4 |
  5 | declare global {

The export KEYS was not found in module [project]/src/lib/analytics-events.ts [app-ssr] (ecmascript).
The module has no exports at all.
All exports of the module are statically known (It doesn't have dynamic exports). So it's known statically that the requested export doesn't exist.

Import traces:
  #1 [Client Component Browser]:
    ./src/lib/analytics.ts [Client Component Browser]
    ./src/app/error.tsx [Client Component Browser]
    ./src/app/error.tsx [Server Component]

  #2 [Client Component Browser]:
    ./src/lib/analytics.ts [Client Component Browser]
    ./src/app/not-found.tsx [Client Component Browser]
    ./src/app/not-found.tsx [Server Component]

  #3 [Client Component SSR]:
    ./src/lib/analytics.ts [Client Component SSR]
    ./src/app/error.tsx [Client Component SSR]
    ./src/app/error.tsx [Server Component]

  #4 [Client Component SSR]:
    ./src/lib/analytics.ts [Client Component SSR]
    ./src/app/not-found.tsx [Client Component SSR]
    ./src/app/not-found.tsx [Server Component]

  #5 [Client Component Browser]:
    ./src/lib/analytics.ts [Client Component Browser]
    ./src/components/analytics/CookieConsentBanner.tsx [Client Component Browser]
    ./src/components/analytics/CookieConsentBanner.tsx [Server Component]
    ./src/app/layout.tsx [Server Component]

  #6 [Client Component SSR]:
    ./src/lib/analytics.ts [Client Component SSR]
    ./src/components/analytics/CookieConsentBanner.tsx [Client Component SSR]
    ./src/components/analytics/CookieConsentBanner.tsx [Server Component]
    ./src/app/layout.tsx [Server Component] @ http://localhost:3001/_next/static/chunks/node_modules_next_dist_0nzbwyu._.js:2081
[ 6115263ms] [ERROR] ./src/app/layout.tsx:13:1
Module not found: Can't resolve '@dangelopalladino/etf-core/analytics'
  11 | import { AuthProvider } from "@/components/AuthProvider";
  12 | import PageviewTracker from "@/components/analytics/PageviewTracker";
> 13 | import { GA4Loader } from "@dangelopalladino/etf-core/analytics";
     | ^^^^^^^^^^^^^^^^^^^^^^^^^^^^^^^^^^^^^^^^^^^^^^^^^^^^^^^^^^^^^^^^^
  14 | import ClarityLoader from "@/components/analytics/ClarityLoader";
  15 | import ClarityIdentifier from "@/components/analytics/ClarityIdentifier";
  16 | import CookieConsentBanner from "@/components/analytics/CookieConsentBanner";

https://nextjs.org/docs/messages/module-not-found @ http://localhost:3001/_next/static/chunks/node_modules_next_dist_0nzbwyu._.js:2081
[ 6115265ms] [ERROR] ./src/lib/analytics-events.ts:2:1
Module not found: Can't resolve '@dangelopalladino/etf-core/analytics'
  1 | // Phase 11: analytics event catalog sourced from @dangelopalladino/etf-core.
> 2 | export * from '@dangelopalladino/etf-core/analytics';
    | ^^^^^^^^^^^^^^^^^^^^^^^^^^^^^^^^^^^^^^^^^^^^^^^^^^^^^
  3 |

Import traces:
  Client Component Browser:
    ./src/lib/analytics-events.ts [Client Component Browser]
    ./src/lib/analytics.ts [Client Component Browser]
    ./src/components/analytics/CookieConsentBanner.tsx [Client Component Browser]
    ./src/components/analytics/CookieConsentBanner.tsx [Server Component]
    ./src/app/layout.tsx [Server Component]

  Client Component SSR:
    ./src/lib/analytics-events.ts [Client Component SSR]
    ./src/lib/analytics.ts [Client Component SSR]
    ./src/components/analytics/CookieConsentBanner.tsx [Client Component SSR]
    ./src/components/analytics/CookieConsentBanner.tsx [Server Component]
    ./src/app/layout.tsx [Server Component]

https://nextjs.org/docs/messages/module-not-found @ http://localhost:3001/_next/static/chunks/node_modules_next_dist_0nzbwyu._.js:2081
[ 6115265ms] [ERROR] ./src/components/seo/BreadcrumbJsonLd.tsx:2:1
Module not found: Can't resolve '@dangelopalladino/etf-core/seo'
  1 | ...React from 'react';
> 2 | ...{ BreadcrumbJsonLd as Base, type BreadcrumbJsonLdProps } from '@dangelopalladino/etf-cor...
    |    ^^^^^^^^^^^^^^^^^^^^^^^^^^^^^^^^^^^^^^^^^^^^^^^^^^^^^^^^^^^^^^^^^^^^^^^^^^^^^^^^^^^^^^^^^^^
  3 | ...
  4 | ...ITE_URL = process.env.NEXT_PUBLIC_SITE_URL || 'https://www.6identities.com';
  5 | ...

Import trace:
  Server Component:
    ./src/components/seo/BreadcrumbJsonLd.tsx
    ./src/app/professionals/page.tsx

https://nextjs.org/docs/messages/module-not-found @ http://localhost:3001/_next/static/chunks/node_modules_next_dist_0nzbwyu._.js:2081
[ 6115266ms] [ERROR] ./src/lib/antd-theme.ts:35:1
Module not found: Can't resolve '@dangelopalladino/etf-core/tokens/6id'
  33 | export type { StatusType } from '@dangelopalladino/etf-core/tokens/6id';
  34 |
> 35 | import { themeConfig as etfCoreThemeConfig } from '@dangelopalladino/etf-core/tokens/6id';
     | ^^^^^^^^^^^^^^^^^^^^^^^^^^^^^^^^^^^^^^^^^^^^^^^^^^^^^^^^^^^^^^^^^^^^^^^^^^^^^^^^^^^^^^^^^^
  36 |
  37 | // Canonical 6i palette — v2 design system (navy + off-white + electric blue)
  38 | const CANONICAL_6I = {

Import traces:
  Client Component Browser:
    ./src/lib/antd-theme.ts [Client Component Browser]
    ./src/components/AntdProvider.tsx [Client Component Browser]
    ./src/components/AntdProvider.tsx [Server Component]
    ./src/app/layout.tsx [Server Component]

  Client Component SSR:
    ./src/lib/antd-theme.ts [Client Component SSR]
    ./src/components/AntdProvider.tsx [Client Component SSR]
    ./src/components/AntdProvider.tsx [Server Component]
    ./src/app/layout.tsx [Server Component]

https://nextjs.org/docs/messages/module-not-found @ http://localhost:3001/_next/static/chunks/node_modules_next_dist_0nzbwyu._.js:2081
[ 6115269ms] [ERROR] ./src/lib/brand-tokens.ts:5:1
Module not found: Can't resolve '@dangelopalladino/etf-core/tokens/6id'
   3 | // IDENTITY_COLORS is overridden here with v2 saturated palette; all other tokens
   4 | // forwarded from etf-core unchanged.
>  5 | export {
     | ^^^^^^^
>  6 |   BLUEPRINT_SHADOWS,
     | ^^^^^^^^^^^^^^^^^^^^
>  7 |   BORDER_TOKENS,
     | ^^^^^^^^^^^^^^^^
>  8 |   BRAND,
     | ^^^^^^^^
>  9 |   BRAND_GOLD,
     | ^^^^^^^^^^^^^
> 10 |   DARK_MODE_COLORS,
     | ^^^^^^^^^^^^^^^^^^^
> 11 |   HEADING_SCALE,
     | ^^^^^^^^^^^^^^^^
> 12 |   SCORE_COLORS,
     | ^^^^^^^^^^^^^^^
> 13 |   SHADOW_TOKENS,
     | ^^^^^^^^^^^^^^^^
> 14 |   STATUS_STYLES,
     | ^^^^^^^^^^^^^^^^
> 15 |   SURFACE_TOKENS,
     | ^^^^^^^^^^^^^^^^^
> 16 |   baseThemeConfig,
     | ^^^^^^^^^^^^^^^^^^
> 17 |   darkThemeConfig,
     | ^^^^^^^^^^^^^^^^^^
> 18 |   getScoreColor,
     | ^^^^^^^^^^^^^^^^
> 19 |   needsDarkTextOnBackground,
     | ^^^^^^^^^^^^^^^^^^^^^^^^^^^^
> 20 | } from '@dangelopalladino/etf-core/tokens/6id';
     | ^^^^^^^^^^^^^^^^^^^^^^^^^^^^^^^^^^^^^^^^^^^^^^^
  21 | export type { StatusType } from '@dangelopalladino/etf-core/tokens/6id';
  22 |
  23 | // v2 saturated identity palette — overrides etf-core pottery-glaze values.

Import trace:
  Server Component:
    ./src/lib/brand-tokens.ts
    ./src/app/opengraph-image.tsx
    ./src/app/opengraph-image--metadata.js

https://nextjs.org/docs/messages/module-not-found @ http://localhost:3001/_next/static/chunks/node_modules_next_dist_0nzbwyu._.js:2081
[ 6115269ms] [ERROR] ./src/components/shared/BrandCta.tsx:3:1
Module not found: Can't resolve '@dangelopalladino/etf-core/ui-client'
  1 | // Phase 11: BrandCta sourced from @dangelopalladino/etf-core.
  2 | 'use client';
> 3 | export { BrandCta as default } from '@dangelopalladino/etf-core/ui-client';
    | ^^^^^^^^^^^^^^^^^^^^^^^^^^^^^^^^^^^^^^^^^^^^^^^^^^^^^^^^^^^^^^^^^^^^^^^^^^^
  4 |

Import traces:
  Server Component:
    ./src/components/shared/BrandCta.tsx
    ./src/app/professionals/page.tsx

  Client Component Browser:
    ./src/components/shared/BrandCta.tsx [Client Component Browser]
    ./src/app/not-found.tsx [Client Component Browser]
    ./src/app/not-found.tsx [Server Component]

  Client Component SSR:
    ./src/components/shared/BrandCta.tsx [Client Component SSR]
    ./src/app/not-found.tsx [Client Component SSR]
    ./src/app/not-found.tsx [Server Component]

https://nextjs.org/docs/messages/module-not-found @ http://localhost:3001/_next/static/chunks/node_modules_next_dist_0nzbwyu._.js:2081
[ 6115270ms] [ERROR] ./src/components/shared/CtaSection.tsx:3:1
Module not found: Can't resolve '@dangelopalladino/etf-core/ui-client'
  1 | // Phase 11: CtaSection sourced from @dangelopalladino/etf-core.
  2 | 'use client';
> 3 | export { CtaSection as default } from '@dangelopalladino/etf-core/ui-client';
    | ^^^^^^^^^^^^^^^^^^^^^^^^^^^^^^^^^^^^^^^^^^^^^^^^^^^^^^^^^^^^^^^^^^^^^^^^^^^^^
  4 |

Import trace:
  Server Component:
    ./src/components/shared/CtaSection.tsx
    ./src/app/professionals/page.tsx

https://nextjs.org/docs/messages/module-not-found @ http://localhost:3001/_next/static/chunks/node_modules_next_dist_0nzbwyu._.js:2081
[ 6115270ms] [ERROR] ./src/components/shared/SectionHeader.tsx:8:1
Module not found: Can't resolve '@dangelopalladino/etf-core/ui-client'
   6 |
   7 | import React from 'react';
>  8 | import { SectionHeader as CoreSectionHeader } from '@dangelopalladino/etf-core/ui-client';
     | ^^^^^^^^^^^^^^^^^^^^^^^^^^^^^^^^^^^^^^^^^^^^^^^^^^^^^^^^^^^^^^^^^^^^^^^^^^^^^^^^^^^^^^^^^^
   9 |
  10 | type CoreAlign = 'left' | 'center';
  11 |

Import trace:
  Server Component:
    ./src/components/shared/SectionHeader.tsx
    ./src/app/professionals/page.tsx

https://nextjs.org/docs/messages/module-not-found @ http://localhost:3001/_next/static/chunks/node_modules_next_dist_0nzbwyu._.js:2081
[ 6115270ms] [ERROR] ./src/components/shared/SectionWrapper.tsx:2:1
Module not found: Can't resolve '@dangelopalladino/etf-core/ui-server'
  1 | // Phase 11: server-safe SectionWrapper sourced from @dangelopalladino/etf-core.
> 2 | export { SectionWrapper as default } from '@dangelopalladino/etf-core/ui-server';
    | ^^^^^^^^^^^^^^^^^^^^^^^^^^^^^^^^^^^^^^^^^^^^^^^^^^^^^^^^^^^^^^^^^^^^^^^^^^^^^^^^^
  3 |

Import trace:
  Server Component:
    ./src/components/shared/SectionWrapper.tsx
    ./src/app/professionals/page.tsx

https://nextjs.org/docs/messages/module-not-found @ http://localhost:3001/_next/static/chunks/node_modules_next_dist_0nzbwyu._.js:2081
[ 6115274ms] [ERROR] ./src/components/shared/ServerTypography.tsx:6:1
Module not found: Can't resolve '@dangelopalladino/etf-core/ui-server'
  4 | ...e `text-foreground` (warm charcoal). We inject `text-foreground` before any caller-supplied
  5 | ...assName so the token wins even if callers explicitly pass `text-primary`.
> 6 | ...t { ServerHeading as _ServerHeading, ServerText } from '@dangelopalladino/etf-core/ui-se...
    |    ^^^^^^^^^^^^^^^^^^^^^^^^^^^^^^^^^^^^^^^^^^^^^^^^^^^^^^^^^^^^^^^^^^^^^^^^^^^^^^^^^^^^^^^^^^^
  7 | ...t type { ComponentProps } from 'react';
  8 | ...
  9 | ...t function ServerHeading({ className = '', ...props }: ComponentProps<typeof _ServerHead...

Import traces:
  Server Component:
    ./src/components/shared/ServerTypography.tsx
    ./src/app/professionals/page.tsx

  Client Component Browser:
    ./src/components/shared/ServerTypography.tsx [Client Component Browser]
    ./src/components/shared/PageHero.tsx [Client Component Browser]
    ./src/components/shared/PageHero.tsx [Server Component]
    ./src/app/professionals/page.tsx [Server Component]

  Client Component SSR:
    ./src/components/shared/ServerTypography.tsx [Client Component SSR]
    ./src/components/shared/PageHero.tsx [Client Component SSR]
    ./src/components/shared/PageHero.tsx [Server Component]
    ./src/app/professionals/page.tsx [Server Component]

https://nextjs.org/docs/messages/module-not-found @ http://localhost:3001/_next/static/chunks/node_modules_next_dist_0nzbwyu._.js:2081
[ 6115276ms] [ERROR] ./src/lib/analytics.ts:2:1
Export EVENTS doesn't exist in target module
  1 | import Clarity from '@microsoft/clarity';
> 2 | import { EVENTS, KEYS } from './analytics-events';
    | ^^^^^^^^^^^^^^^^^^^^^^^^^^^^^^^^^^^^^^^^^^^^^^^^^^
  3 | import { getAttributionPayload } from './analytics-source';
  4 |
  5 | declare global {

The export EVENTS was not found in module [project]/src/lib/analytics-events.ts [app-client] (ecmascript).
The module has no exports at all.
All exports of the module are statically known (It doesn't have dynamic exports). So it's known statically that the requested export doesn't exist.

Import traces:
  #1 [Client Component Browser]:
    ./src/lib/analytics.ts [Client Component Browser]
    ./src/app/error.tsx [Client Component Browser]
    ./src/app/error.tsx [Server Component]

  #2 [Client Component Browser]:
    ./src/lib/analytics.ts [Client Component Browser]
    ./src/app/not-found.tsx [Client Component Browser]
    ./src/app/not-found.tsx [Server Component]

  #3 [Client Component SSR]:
    ./src/lib/analytics.ts [Client Component SSR]
    ./src/app/error.tsx [Client Component SSR]
    ./src/app/error.tsx [Server Component]

  #4 [Client Component SSR]:
    ./src/lib/analytics.ts [Client Component SSR]
    ./src/app/not-found.tsx [Client Component SSR]
    ./src/app/not-found.tsx [Server Component]

  #5 [Client Component Browser]:
    ./src/lib/analytics.ts [Client Component Browser]
    ./src/components/analytics/CookieConsentBanner.tsx [Client Component Browser]
    ./src/components/analytics/CookieConsentBanner.tsx [Server Component]
    ./src/app/layout.tsx [Server Component]

  #6 [Client Component SSR]:
    ./src/lib/analytics.ts [Client Component SSR]
    ./src/components/analytics/CookieConsentBanner.tsx [Client Component SSR]
    ./src/components/analytics/CookieConsentBanner.tsx [Server Component]
    ./src/app/layout.tsx [Server Component] @ http://localhost:3001/_next/static/chunks/node_modules_next_dist_0nzbwyu._.js:2081
[ 6115276ms] [ERROR] ./src/lib/analytics.ts:2:1
Export EVENTS doesn't exist in target module
  1 | import Clarity from '@microsoft/clarity';
> 2 | import { EVENTS, KEYS } from './analytics-events';
    | ^^^^^^^^^^^^^^^^^^^^^^^^^^^^^^^^^^^^^^^^^^^^^^^^^^
  3 | import { getAttributionPayload } from './analytics-source';
  4 |
  5 | declare global {

The export EVENTS was not found in module [project]/src/lib/analytics-events.ts [app-ssr] (ecmascript).
The module has no exports at all.
All exports of the module are statically known (It doesn't have dynamic exports). So it's known statically that the requested export doesn't exist.

Import traces:
  #1 [Client Component Browser]:
    ./src/lib/analytics.ts [Client Component Browser]
    ./src/app/error.tsx [Client Component Browser]
    ./src/app/error.tsx [Server Component]

  #2 [Client Component Browser]:
    ./src/lib/analytics.ts [Client Component Browser]
    ./src/app/not-found.tsx [Client Component Browser]
    ./src/app/not-found.tsx [Server Component]

  #3 [Client Component SSR]:
    ./src/lib/analytics.ts [Client Component SSR]
    ./src/app/error.tsx [Client Component SSR]
    ./src/app/error.tsx [Server Component]

  #4 [Client Component SSR]:
    ./src/lib/analytics.ts [Client Component SSR]
    ./src/app/not-found.tsx [Client Component SSR]
    ./src/app/not-found.tsx [Server Component]

  #5 [Client Component Browser]:
    ./src/lib/analytics.ts [Client Component Browser]
    ./src/components/analytics/CookieConsentBanner.tsx [Client Component Browser]
    ./src/components/analytics/CookieConsentBanner.tsx [Server Component]
    ./src/app/layout.tsx [Server Component]

  #6 [Client Component SSR]:
    ./src/lib/analytics.ts [Client Component SSR]
    ./src/components/analytics/CookieConsentBanner.tsx [Client Component SSR]
    ./src/components/analytics/CookieConsentBanner.tsx [Server Component]
    ./src/app/layout.tsx [Server Component] @ http://localhost:3001/_next/static/chunks/node_modules_next_dist_0nzbwyu._.js:2081
[ 6115276ms] [ERROR] ./src/lib/analytics.ts:2:1
Export KEYS doesn't exist in target module
  1 | import Clarity from '@microsoft/clarity';
> 2 | import { EVENTS, KEYS } from './analytics-events';
    | ^^^^^^^^^^^^^^^^^^^^^^^^^^^^^^^^^^^^^^^^^^^^^^^^^^
  3 | import { getAttributionPayload } from './analytics-source';
  4 |
  5 | declare global {

The export KEYS was not found in module [project]/src/lib/analytics-events.ts [app-client] (ecmascript).
The module has no exports at all.
All exports of the module are statically known (It doesn't have dynamic exports). So it's known statically that the requested export doesn't exist.

Import traces:
  #1 [Client Component Browser]:
    ./src/lib/analytics.ts [Client Component Browser]
    ./src/app/error.tsx [Client Component Browser]
    ./src/app/error.tsx [Server Component]

  #2 [Client Component Browser]:
    ./src/lib/analytics.ts [Client Component Browser]
    ./src/app/not-found.tsx [Client Component Browser]
    ./src/app/not-found.tsx [Server Component]

  #3 [Client Component SSR]:
    ./src/lib/analytics.ts [Client Component SSR]
    ./src/app/error.tsx [Client Component SSR]
    ./src/app/error.tsx [Server Component]

  #4 [Client Component SSR]:
    ./src/lib/analytics.ts [Client Component SSR]
    ./src/app/not-found.tsx [Client Component SSR]
    ./src/app/not-found.tsx [Server Component]

  #5 [Client Component Browser]:
    ./src/lib/analytics.ts [Client Component Browser]
    ./src/components/analytics/CookieConsentBanner.tsx [Client Component Browser]
    ./src/components/analytics/CookieConsentBanner.tsx [Server Component]
    ./src/app/layout.tsx [Server Component]

  #6 [Client Component SSR]:
    ./src/lib/analytics.ts [Client Component SSR]
    ./src/components/analytics/CookieConsentBanner.tsx [Client Component SSR]
    ./src/components/analytics/CookieConsentBanner.tsx [Server Component]
    ./src/app/layout.tsx [Server Component] @ http://localhost:3001/_next/static/chunks/node_modules_next_dist_0nzbwyu._.js:2081
[ 6115276ms] [ERROR] ./src/lib/analytics.ts:2:1
Export KEYS doesn't exist in target module
  1 | import Clarity from '@microsoft/clarity';
> 2 | import { EVENTS, KEYS } from './analytics-events';
    | ^^^^^^^^^^^^^^^^^^^^^^^^^^^^^^^^^^^^^^^^^^^^^^^^^^
  3 | import { getAttributionPayload } from './analytics-source';
  4 |
  5 | declare global {

The export KEYS was not found in module [project]/src/lib/analytics-events.ts [app-ssr] (ecmascript).
The module has no exports at all.
All exports of the module are statically known (It doesn't have dynamic exports). So it's known statically that the requested export doesn't exist.

Import traces:
  #1 [Client Component Browser]:
    ./src/lib/analytics.ts [Client Component Browser]
    ./src/app/error.tsx [Client Component Browser]
    ./src/app/error.tsx [Server Component]

  #2 [Client Component Browser]:
    ./src/lib/analytics.ts [Client Component Browser]
    ./src/app/not-found.tsx [Client Component Browser]
    ./src/app/not-found.tsx [Server Component]

  #3 [Client Component SSR]:
    ./src/lib/analytics.ts [Client Component SSR]
    ./src/app/error.tsx [Client Component SSR]
    ./src/app/error.tsx [Server Component]

  #4 [Client Component SSR]:
    ./src/lib/analytics.ts [Client Component SSR]
    ./src/app/not-found.tsx [Client Component SSR]
    ./src/app/not-found.tsx [Server Component]

  #5 [Client Component Browser]:
    ./src/lib/analytics.ts [Client Component Browser]
    ./src/components/analytics/CookieConsentBanner.tsx [Client Component Browser]
    ./src/components/analytics/CookieConsentBanner.tsx [Server Component]
    ./src/app/layout.tsx [Server Component]

  #6 [Client Component SSR]:
    ./src/lib/analytics.ts [Client Component SSR]
    ./src/components/analytics/CookieConsentBanner.tsx [Client Component SSR]
    ./src/components/analytics/CookieConsentBanner.tsx [Server Component]
    ./src/app/layout.tsx [Server Component] @ http://localhost:3001/_next/static/chunks/node_modules_next_dist_0nzbwyu._.js:2081
[ 6115276ms] [ERROR] ./src/app/layout.tsx:13:1
Module not found: Can't resolve '@dangelopalladino/etf-core/analytics'
  11 | import { AuthProvider } from "@/components/AuthProvider";
  12 | import PageviewTracker from "@/components/analytics/PageviewTracker";
> 13 | import { GA4Loader } from "@dangelopalladino/etf-core/analytics";
     | ^^^^^^^^^^^^^^^^^^^^^^^^^^^^^^^^^^^^^^^^^^^^^^^^^^^^^^^^^^^^^^^^^
  14 | import ClarityLoader from "@/components/analytics/ClarityLoader";
  15 | import ClarityIdentifier from "@/components/analytics/ClarityIdentifier";
  16 | import CookieConsentBanner from "@/components/analytics/CookieConsentBanner";

https://nextjs.org/docs/messages/module-not-found @ http://localhost:3001/_next/static/chunks/node_modules_next_dist_0nzbwyu._.js:2081
[ 6115276ms] [ERROR] ./src/lib/analytics-events.ts:2:1
Module not found: Can't resolve '@dangelopalladino/etf-core/analytics'
  1 | // Phase 11: analytics event catalog sourced from @dangelopalladino/etf-core.
> 2 | export * from '@dangelopalladino/etf-core/analytics';
    | ^^^^^^^^^^^^^^^^^^^^^^^^^^^^^^^^^^^^^^^^^^^^^^^^^^^^^
  3 |

Import traces:
  Client Component Browser:
    ./src/lib/analytics-events.ts [Client Component Browser]
    ./src/lib/analytics.ts [Client Component Browser]
    ./src/components/analytics/CookieConsentBanner.tsx [Client Component Browser]
    ./src/components/analytics/CookieConsentBanner.tsx [Server Component]
    ./src/app/layout.tsx [Server Component]

  Client Component SSR:
    ./src/lib/analytics-events.ts [Client Component SSR]
    ./src/lib/analytics.ts [Client Component SSR]
    ./src/components/analytics/CookieConsentBanner.tsx [Client Component SSR]
    ./src/components/analytics/CookieConsentBanner.tsx [Server Component]
    ./src/app/layout.tsx [Server Component]

https://nextjs.org/docs/messages/module-not-found @ http://localhost:3001/_next/static/chunks/node_modules_next_dist_0nzbwyu._.js:2081
[ 6115278ms] [ERROR] ./src/components/seo/BreadcrumbJsonLd.tsx:2:1
Module not found: Can't resolve '@dangelopalladino/etf-core/seo'
  1 | ...React from 'react';
> 2 | ...{ BreadcrumbJsonLd as Base, type BreadcrumbJsonLdProps } from '@dangelopalladino/etf-cor...
    |    ^^^^^^^^^^^^^^^^^^^^^^^^^^^^^^^^^^^^^^^^^^^^^^^^^^^^^^^^^^^^^^^^^^^^^^^^^^^^^^^^^^^^^^^^^^^
  3 | ...
  4 | ...ITE_URL = process.env.NEXT_PUBLIC_SITE_URL || 'https://www.6identities.com';
  5 | ...

Import trace:
  Server Component:
    ./src/components/seo/BreadcrumbJsonLd.tsx
    ./src/app/(pain-search)/[slug]/page.tsx

https://nextjs.org/docs/messages/module-not-found @ http://localhost:3001/_next/static/chunks/node_modules_next_dist_0nzbwyu._.js:2081
[ 6115278ms] [ERROR] ./src/lib/antd-theme.ts:35:1
Module not found: Can't resolve '@dangelopalladino/etf-core/tokens/6id'
  33 | export type { StatusType } from '@dangelopalladino/etf-core/tokens/6id';
  34 |
> 35 | import { themeConfig as etfCoreThemeConfig } from '@dangelopalladino/etf-core/tokens/6id';
     | ^^^^^^^^^^^^^^^^^^^^^^^^^^^^^^^^^^^^^^^^^^^^^^^^^^^^^^^^^^^^^^^^^^^^^^^^^^^^^^^^^^^^^^^^^^
  36 |
  37 | // Canonical 6i palette — v2 design system (navy + off-white + electric blue)
  38 | const CANONICAL_6I = {

Import traces:
  Client Component Browser:
    ./src/lib/antd-theme.ts [Client Component Browser]
    ./src/components/AntdProvider.tsx [Client Component Browser]
    ./src/components/AntdProvider.tsx [Server Component]
    ./src/app/layout.tsx [Server Component]

  Client Component SSR:
    ./src/lib/antd-theme.ts [Client Component SSR]
    ./src/components/AntdProvider.tsx [Client Component SSR]
    ./src/components/AntdProvider.tsx [Server Component]
    ./src/app/layout.tsx [Server Component]

https://nextjs.org/docs/messages/module-not-found @ http://localhost:3001/_next/static/chunks/node_modules_next_dist_0nzbwyu._.js:2081
[ 6115279ms] [ERROR] ./src/lib/brand-tokens.ts:5:1
Module not found: Can't resolve '@dangelopalladino/etf-core/tokens/6id'
   3 | // IDENTITY_COLORS is overridden here with v2 saturated palette; all other tokens
   4 | // forwarded from etf-core unchanged.
>  5 | export {
     | ^^^^^^^
>  6 |   BLUEPRINT_SHADOWS,
     | ^^^^^^^^^^^^^^^^^^^^
>  7 |   BORDER_TOKENS,
     | ^^^^^^^^^^^^^^^^
>  8 |   BRAND,
     | ^^^^^^^^
>  9 |   BRAND_GOLD,
     | ^^^^^^^^^^^^^
> 10 |   DARK_MODE_COLORS,
     | ^^^^^^^^^^^^^^^^^^^
> 11 |   HEADING_SCALE,
     | ^^^^^^^^^^^^^^^^
> 12 |   SCORE_COLORS,
     | ^^^^^^^^^^^^^^^
> 13 |   SHADOW_TOKENS,
     | ^^^^^^^^^^^^^^^^
> 14 |   STATUS_STYLES,
     | ^^^^^^^^^^^^^^^^
> 15 |   SURFACE_TOKENS,
     | ^^^^^^^^^^^^^^^^^
> 16 |   baseThemeConfig,
     | ^^^^^^^^^^^^^^^^^^
> 17 |   darkThemeConfig,
     | ^^^^^^^^^^^^^^^^^^
> 18 |   getScoreColor,
     | ^^^^^^^^^^^^^^^^
> 19 |   needsDarkTextOnBackground,
     | ^^^^^^^^^^^^^^^^^^^^^^^^^^^^
> 20 | } from '@dangelopalladino/etf-core/tokens/6id';
     | ^^^^^^^^^^^^^^^^^^^^^^^^^^^^^^^^^^^^^^^^^^^^^^^
  21 | export type { StatusType } from '@dangelopalladino/etf-core/tokens/6id';
  22 |
  23 | // v2 saturated identity palette — overrides etf-core pottery-glaze values.

Import trace:
  Server Component:
    ./src/lib/brand-tokens.ts
    ./src/app/opengraph-image.tsx
    ./src/app/opengraph-image--metadata.js

https://nextjs.org/docs/messages/module-not-found @ http://localhost:3001/_next/static/chunks/node_modules_next_dist_0nzbwyu._.js:2081
[ 6115286ms] [ERROR] ./src/components/shared/BrandCta.tsx:3:1
Module not found: Can't resolve '@dangelopalladino/etf-core/ui-client'
  1 | // Phase 11: BrandCta sourced from @dangelopalladino/etf-core.
  2 | 'use client';
> 3 | export { BrandCta as default } from '@dangelopalladino/etf-core/ui-client';
    | ^^^^^^^^^^^^^^^^^^^^^^^^^^^^^^^^^^^^^^^^^^^^^^^^^^^^^^^^^^^^^^^^^^^^^^^^^^^
  4 |

Import traces:
  Client Component Browser:
    ./src/components/shared/BrandCta.tsx [Client Component Browser]
    ./src/app/not-found.tsx [Client Component Browser]
    ./src/app/not-found.tsx [Server Component]

  Client Component SSR:
    ./src/components/shared/BrandCta.tsx [Client Component SSR]
    ./src/app/not-found.tsx [Client Component SSR]
    ./src/app/not-found.tsx [Server Component]

  Server Component:
    ./src/components/shared/BrandCta.tsx
    ./src/components/pain-search/DynamicPainSearchPage.tsx
    ./src/app/(pain-search)/[slug]/page.tsx

https://nextjs.org/docs/messages/module-not-found @ http://localhost:3001/_next/static/chunks/node_modules_next_dist_0nzbwyu._.js:2081
[ 6115287ms] [ERROR] ./src/components/shared/SectionWrapper.tsx:2:1
Module not found: Can't resolve '@dangelopalladino/etf-core/ui-server'
  1 | // Phase 11: server-safe SectionWrapper sourced from @dangelopalladino/etf-core.
> 2 | export { SectionWrapper as default } from '@dangelopalladino/etf-core/ui-server';
    | ^^^^^^^^^^^^^^^^^^^^^^^^^^^^^^^^^^^^^^^^^^^^^^^^^^^^^^^^^^^^^^^^^^^^^^^^^^^^^^^^^
  3 |

Import trace:
  Server Component:
    ./src/components/shared/SectionWrapper.tsx
    ./src/components/pain-search/DynamicPainSearchPage.tsx
    ./src/app/(pain-search)/[slug]/page.tsx

https://nextjs.org/docs/messages/module-not-found @ http://localhost:3001/_next/static/chunks/node_modules_next_dist_0nzbwyu._.js:2081
[ 6115293ms] [ERROR] ./src/components/shared/ServerTypography.tsx:6:1
Module not found: Can't resolve '@dangelopalladino/etf-core/ui-server'
  4 | ...e `text-foreground` (warm charcoal). We inject `text-foreground` before any caller-supplied
  5 | ...assName so the token wins even if callers explicitly pass `text-primary`.
> 6 | ...t { ServerHeading as _ServerHeading, ServerText } from '@dangelopalladino/etf-core/ui-se...
    |    ^^^^^^^^^^^^^^^^^^^^^^^^^^^^^^^^^^^^^^^^^^^^^^^^^^^^^^^^^^^^^^^^^^^^^^^^^^^^^^^^^^^^^^^^^^^
  7 | ...t type { ComponentProps } from 'react';
  8 | ...
  9 | ...t function ServerHeading({ className = '', ...props }: ComponentProps<typeof _ServerHead...

Import trace:
  Server Component:
    ./src/components/shared/ServerTypography.tsx
    ./src/components/pain-search/DynamicPainSearchPage.tsx
    ./src/app/(pain-search)/[slug]/page.tsx

https://nextjs.org/docs/messages/module-not-found @ http://localhost:3001/_next/static/chunks/node_modules_next_dist_0nzbwyu._.js:2081
[ 6115293ms] [ERROR] ./src/lib/analytics.ts:2:1
Export EVENTS doesn't exist in target module
  1 | import Clarity from '@microsoft/clarity';
> 2 | import { EVENTS, KEYS } from './analytics-events';
    | ^^^^^^^^^^^^^^^^^^^^^^^^^^^^^^^^^^^^^^^^^^^^^^^^^^
  3 | import { getAttributionPayload } from './analytics-source';
  4 |
  5 | declare global {

The export EVENTS was not found in module [project]/src/lib/analytics-events.ts [app-client] (ecmascript).
The module has no exports at all.
All exports of the module are statically known (It doesn't have dynamic exports). So it's known statically that the requested export doesn't exist.

Import traces:
  #1 [Client Component Browser]:
    ./src/lib/analytics.ts [Client Component Browser]
    ./src/app/error.tsx [Client Component Browser]
    ./src/app/error.tsx [Server Component]

  #2 [Client Component Browser]:
    ./src/lib/analytics.ts [Client Component Browser]
    ./src/app/not-found.tsx [Client Component Browser]
    ./src/app/not-found.tsx [Server Component]

  #3 [Client Component SSR]:
    ./src/lib/analytics.ts [Client Component SSR]
    ./src/app/error.tsx [Client Component SSR]
    ./src/app/error.tsx [Server Component]

  #4 [Client Component SSR]:
    ./src/lib/analytics.ts [Client Component SSR]
    ./src/app/not-found.tsx [Client Component SSR]
    ./src/app/not-found.tsx [Server Component]

  #5 [Client Component Browser]:
    ./src/lib/analytics.ts [Client Component Browser]
    ./src/components/analytics/CookieConsentBanner.tsx [Client Component Browser]
    ./src/components/analytics/CookieConsentBanner.tsx [Server Component]
    ./src/app/layout.tsx [Server Component]

  #6 [Client Component SSR]:
    ./src/lib/analytics.ts [Client Component SSR]
    ./src/components/analytics/CookieConsentBanner.tsx [Client Component SSR]
    ./src/components/analytics/CookieConsentBanner.tsx [Server Component]
    ./src/app/layout.tsx [Server Component] @ http://localhost:3001/_next/static/chunks/node_modules_next_dist_0nzbwyu._.js:2081
[ 6115295ms] [ERROR] ./src/lib/analytics.ts:2:1
Export EVENTS doesn't exist in target module
  1 | import Clarity from '@microsoft/clarity';
> 2 | import { EVENTS, KEYS } from './analytics-events';
    | ^^^^^^^^^^^^^^^^^^^^^^^^^^^^^^^^^^^^^^^^^^^^^^^^^^
  3 | import { getAttributionPayload } from './analytics-source';
  4 |
  5 | declare global {

The export EVENTS was not found in module [project]/src/lib/analytics-events.ts [app-ssr] (ecmascript).
The module has no exports at all.
All exports of the module are statically known (It doesn't have dynamic exports). So it's known statically that the requested export doesn't exist.

Import traces:
  #1 [Client Component Browser]:
    ./src/lib/analytics.ts [Client Component Browser]
    ./src/app/error.tsx [Client Component Browser]
    ./src/app/error.tsx [Server Component]

  #2 [Client Component Browser]:
    ./src/lib/analytics.ts [Client Component Browser]
    ./src/app/not-found.tsx [Client Component Browser]
    ./src/app/not-found.tsx [Server Component]

  #3 [Client Component SSR]:
    ./src/lib/analytics.ts [Client Component SSR]
    ./src/app/error.tsx [Client Component SSR]
    ./src/app/error.tsx [Server Component]

  #4 [Client Component SSR]:
    ./src/lib/analytics.ts [Client Component SSR]
    ./src/app/not-found.tsx [Client Component SSR]
    ./src/app/not-found.tsx [Server Component]

  #5 [Client Component Browser]:
    ./src/lib/analytics.ts [Client Component Browser]
    ./src/components/analytics/CookieConsentBanner.tsx [Client Component Browser]
    ./src/components/analytics/CookieConsentBanner.tsx [Server Component]
    ./src/app/layout.tsx [Server Component]

  #6 [Client Component SSR]:
    ./src/lib/analytics.ts [Client Component SSR]
    ./src/components/analytics/CookieConsentBanner.tsx [Client Component SSR]
    ./src/components/analytics/CookieConsentBanner.tsx [Server Component]
    ./src/app/layout.tsx [Server Component] @ http://localhost:3001/_next/static/chunks/node_modules_next_dist_0nzbwyu._.js:2081
[ 6115300ms] [ERROR] ./src/lib/analytics.ts:2:1
Export KEYS doesn't exist in target module
  1 | import Clarity from '@microsoft/clarity';
> 2 | import { EVENTS, KEYS } from './analytics-events';
    | ^^^^^^^^^^^^^^^^^^^^^^^^^^^^^^^^^^^^^^^^^^^^^^^^^^
  3 | import { getAttributionPayload } from './analytics-source';
  4 |
  5 | declare global {

The export KEYS was not found in module [project]/src/lib/analytics-events.ts [app-client] (ecmascript).
The module has no exports at all.
All exports of the module are statically known (It doesn't have dynamic exports). So it's known statically that the requested export doesn't exist.

Import traces:
  #1 [Client Component Browser]:
    ./src/lib/analytics.ts [Client Component Browser]
    ./src/app/error.tsx [Client Component Browser]
    ./src/app/error.tsx [Server Component]

  #2 [Client Component Browser]:
    ./src/lib/analytics.ts [Client Component Browser]
    ./src/app/not-found.tsx [Client Component Browser]
    ./src/app/not-found.tsx [Server Component]

  #3 [Client Component SSR]:
    ./src/lib/analytics.ts [Client Component SSR]
    ./src/app/error.tsx [Client Component SSR]
    ./src/app/error.tsx [Server Component]

  #4 [Client Component SSR]:
    ./src/lib/analytics.ts [Client Component SSR]
    ./src/app/not-found.tsx [Client Component SSR]
    ./src/app/not-found.tsx [Server Component]

  #5 [Client Component Browser]:
    ./src/lib/analytics.ts [Client Component Browser]
    ./src/components/analytics/CookieConsentBanner.tsx [Client Component Browser]
    ./src/components/analytics/CookieConsentBanner.tsx [Server Component]
    ./src/app/layout.tsx [Server Component]

  #6 [Client Component SSR]:
    ./src/lib/analytics.ts [Client Component SSR]
    ./src/components/analytics/CookieConsentBanner.tsx [Client Component SSR]
    ./src/components/analytics/CookieConsentBanner.tsx [Server Component]
    ./src/app/layout.tsx [Server Component] @ http://localhost:3001/_next/static/chunks/node_modules_next_dist_0nzbwyu._.js:2081
[ 6115300ms] [ERROR] ./src/lib/analytics.ts:2:1
Export KEYS doesn't exist in target module
  1 | import Clarity from '@microsoft/clarity';
> 2 | import { EVENTS, KEYS } from './analytics-events';
    | ^^^^^^^^^^^^^^^^^^^^^^^^^^^^^^^^^^^^^^^^^^^^^^^^^^
  3 | import { getAttributionPayload } from './analytics-source';
  4 |
  5 | declare global {

The export KEYS was not found in module [project]/src/lib/analytics-events.ts [app-ssr] (ecmascript).
The module has no exports at all.
All exports of the module are statically known (It doesn't have dynamic exports). So it's known statically that the requested export doesn't exist.

Import traces:
  #1 [Client Component Browser]:
    ./src/lib/analytics.ts [Client Component Browser]
    ./src/app/error.tsx [Client Component Browser]
    ./src/app/error.tsx [Server Component]

  #2 [Client Component Browser]:
    ./src/lib/analytics.ts [Client Component Browser]
    ./src/app/not-found.tsx [Client Component Browser]
    ./src/app/not-found.tsx [Server Component]

  #3 [Client Component SSR]:
    ./src/lib/analytics.ts [Client Component SSR]
    ./src/app/error.tsx [Client Component SSR]
    ./src/app/error.tsx [Server Component]

  #4 [Client Component SSR]:
    ./src/lib/analytics.ts [Client Component SSR]
    ./src/app/not-found.tsx [Client Component SSR]
    ./src/app/not-found.tsx [Server Component]

  #5 [Client Component Browser]:
    ./src/lib/analytics.ts [Client Component Browser]
    ./src/components/analytics/CookieConsentBanner.tsx [Client Component Browser]
    ./src/components/analytics/CookieConsentBanner.tsx [Server Component]
    ./src/app/layout.tsx [Server Component]

  #6 [Client Component SSR]:
    ./src/lib/analytics.ts [Client Component SSR]
    ./src/components/analytics/CookieConsentBanner.tsx [Client Component SSR]
    ./src/components/analytics/CookieConsentBanner.tsx [Server Component]
    ./src/app/layout.tsx [Server Component] @ http://localhost:3001/_next/static/chunks/node_modules_next_dist_0nzbwyu._.js:2081
[ 6116356ms] [LOG] %c[Vercel Web Analytics]%c Debug mode is enabled by default in development. No requests will be sent to the server. color: rgb(120, 120, 120) color: inherit @ http://localhost:3001/_next/static/chunks/node_modules_next_dist_0nzbwyu._.js:1114
[ 6116356ms] [LOG] %c[Vercel Web Analytics]%c [view] http://localhost:3001/ color: rgb(120, 120, 120) color: inherit {o: http://localhost:3001/, sv: 0.1.3, sdkn: @vercel/analytics/react, sdkv: 2.0.1, ts: 1777522602745} /_vercel/insights/view @ http://localhost:3001/_next/static/chunks/node_modules_next_dist_0nzbwyu._.js:1114
[ 6116576ms] [LOG] %c[Vercel Speed Insights]%c Debug mode is enabled by default in development. No requests will be sent to the server. color: rgb(120, 120, 120) color: inherit @ http://localhost:3001/_next/static/chunks/node_modules_next_dist_0nzbwyu._.js:1114
[ 6120778ms] [ERROR] ./src/app/layout.tsx:13:1
Module not found: Can't resolve '@dangelopalladino/etf-core/analytics'
  11 | import { AuthProvider } from "@/components/AuthProvider";
  12 | import PageviewTracker from "@/components/analytics/PageviewTracker";
> 13 | import { GA4Loader } from "@dangelopalladino/etf-core/analytics";
     | ^^^^^^^^^^^^^^^^^^^^^^^^^^^^^^^^^^^^^^^^^^^^^^^^^^^^^^^^^^^^^^^^^
  14 | import ClarityLoader from "@/components/analytics/ClarityLoader";
  15 | import ClarityIdentifier from "@/components/analytics/ClarityIdentifier";
  16 | import CookieConsentBanner from "@/components/analytics/CookieConsentBanner";

https://nextjs.org/docs/messages/module-not-found @ http://localhost:3001/_next/static/chunks/node_modules_next_dist_0nzbwyu._.js:2081
[ 6120781ms] [ERROR] ./src/lib/analytics-events.ts:2:1
Module not found: Can't resolve '@dangelopalladino/etf-core/analytics'
  1 | // Phase 11: analytics event catalog sourced from @dangelopalladino/etf-core.
> 2 | export * from '@dangelopalladino/etf-core/analytics';
    | ^^^^^^^^^^^^^^^^^^^^^^^^^^^^^^^^^^^^^^^^^^^^^^^^^^^^^
  3 |

Import traces:
  Client Component Browser:
    ./src/lib/analytics-events.ts [Client Component Browser]
    ./src/lib/analytics.ts [Client Component Browser]
    ./src/components/analytics/CookieConsentBanner.tsx [Client Component Browser]
    ./src/components/analytics/CookieConsentBanner.tsx [Server Component]
    ./src/app/layout.tsx [Server Component]

  Client Component SSR:
    ./src/lib/analytics-events.ts [Client Component SSR]
    ./src/lib/analytics.ts [Client Component SSR]
    ./src/components/analytics/CookieConsentBanner.tsx [Client Component SSR]
    ./src/components/analytics/CookieConsentBanner.tsx [Server Component]
    ./src/app/layout.tsx [Server Component]

https://nextjs.org/docs/messages/module-not-found @ http://localhost:3001/_next/static/chunks/node_modules_next_dist_0nzbwyu._.js:2081
[ 6120783ms] [ERROR] ./src/app/page.tsx:8:1
Module not found: Can't resolve '@dangelopalladino/etf-core/content'
   6 |   CrownOutlined,
   7 | } from '@ant-design/icons';
>  8 | import { getApprovedTestimonials } from '@dangelopalladino/etf-core/content';
     | ^^^^^^^^^^^^^^^^^^^^^^^^^^^^^^^^^^^^^^^^^^^^^^^^^^^^^^^^^^^^^^^^^^^^^^^^^^^^^
   9 | import { JsonLd } from '@/components/marketing/JsonLd';
  10 | import { LandingSectionExposure } from '@/components/analytics/SectionExposure';
  11 | import FeatureCard from '@/components/primitives/FeatureCard';

https://nextjs.org/docs/messages/module-not-found @ http://localhost:3001/_next/static/chunks/node_modules_next_dist_0nzbwyu._.js:2081
[ 6120784ms] [ERROR] ./src/lib/antd-theme.ts:35:1
Module not found: Can't resolve '@dangelopalladino/etf-core/tokens/6id'
  33 | export type { StatusType } from '@dangelopalladino/etf-core/tokens/6id';
  34 |
> 35 | import { themeConfig as etfCoreThemeConfig } from '@dangelopalladino/etf-core/tokens/6id';
     | ^^^^^^^^^^^^^^^^^^^^^^^^^^^^^^^^^^^^^^^^^^^^^^^^^^^^^^^^^^^^^^^^^^^^^^^^^^^^^^^^^^^^^^^^^^
  36 |
  37 | // Canonical 6i palette — v2 design system (navy + off-white + electric blue)
  38 | const CANONICAL_6I = {

Import traces:
  Client Component Browser:
    ./src/lib/antd-theme.ts [Client Component Browser]
    ./src/components/AntdProvider.tsx [Client Component Browser]
    ./src/components/AntdProvider.tsx [Server Component]
    ./src/app/layout.tsx [Server Component]

  Client Component SSR:
    ./src/lib/antd-theme.ts [Client Component SSR]
    ./src/components/AntdProvider.tsx [Client Component SSR]
    ./src/components/AntdProvider.tsx [Server Component]
    ./src/app/layout.tsx [Server Component]

https://nextjs.org/docs/messages/module-not-found @ http://localhost:3001/_next/static/chunks/node_modules_next_dist_0nzbwyu._.js:2081
[ 6120784ms] [ERROR] ./src/lib/brand-tokens.ts:5:1
Module not found: Can't resolve '@dangelopalladino/etf-core/tokens/6id'
   3 | // IDENTITY_COLORS is overridden here with v2 saturated palette; all other tokens
   4 | // forwarded from etf-core unchanged.
>  5 | export {
     | ^^^^^^^
>  6 |   BLUEPRINT_SHADOWS,
     | ^^^^^^^^^^^^^^^^^^^^
>  7 |   BORDER_TOKENS,
     | ^^^^^^^^^^^^^^^^
>  8 |   BRAND,
     | ^^^^^^^^
>  9 |   BRAND_GOLD,
     | ^^^^^^^^^^^^^
> 10 |   DARK_MODE_COLORS,
     | ^^^^^^^^^^^^^^^^^^^
> 11 |   HEADING_SCALE,
     | ^^^^^^^^^^^^^^^^
> 12 |   SCORE_COLORS,
     | ^^^^^^^^^^^^^^^
> 13 |   SHADOW_TOKENS,
     | ^^^^^^^^^^^^^^^^
> 14 |   STATUS_STYLES,
     | ^^^^^^^^^^^^^^^^
> 15 |   SURFACE_TOKENS,
     | ^^^^^^^^^^^^^^^^^
> 16 |   baseThemeConfig,
     | ^^^^^^^^^^^^^^^^^^
> 17 |   darkThemeConfig,
     | ^^^^^^^^^^^^^^^^^^
> 18 |   getScoreColor,
     | ^^^^^^^^^^^^^^^^
> 19 |   needsDarkTextOnBackground,
     | ^^^^^^^^^^^^^^^^^^^^^^^^^^^^
> 20 | } from '@dangelopalladino/etf-core/tokens/6id';
     | ^^^^^^^^^^^^^^^^^^^^^^^^^^^^^^^^^^^^^^^^^^^^^^^
  21 | export type { StatusType } from '@dangelopalladino/etf-core/tokens/6id';
  22 |
  23 | // v2 saturated identity palette — overrides etf-core pottery-glaze values.

Import traces:
  #1 [Server Component]:
    ./src/lib/brand-tokens.ts
    ./src/app/opengraph-image.tsx
    ./src/app/opengraph-image--metadata.js

  #2 [Server Component]:
    ./src/lib/brand-tokens.ts
    ./src/lib/type-profiles.ts
    ./src/app/page.tsx

https://nextjs.org/docs/messages/module-not-found @ http://localhost:3001/_next/static/chunks/node_modules_next_dist_0nzbwyu._.js:2081
[ 6120787ms] [ERROR] ./src/components/shared/BrandCta.tsx:3:1
Module not found: Can't resolve '@dangelopalladino/etf-core/ui-client'
  1 | // Phase 11: BrandCta sourced from @dangelopalladino/etf-core.
  2 | 'use client';
> 3 | export { BrandCta as default } from '@dangelopalladino/etf-core/ui-client';
    | ^^^^^^^^^^^^^^^^^^^^^^^^^^^^^^^^^^^^^^^^^^^^^^^^^^^^^^^^^^^^^^^^^^^^^^^^^^^
  4 |

Import traces:
  Server Component:
    ./src/components/shared/BrandCta.tsx
    ./src/app/page.tsx

  Client Component Browser:
    ./src/components/shared/BrandCta.tsx [Client Component Browser]
    ./src/app/not-found.tsx [Client Component Browser]
    ./src/app/not-found.tsx [Server Component]

  Client Component SSR:
    ./src/components/shared/BrandCta.tsx [Client Component SSR]
    ./src/app/not-found.tsx [Client Component SSR]
    ./src/app/not-found.tsx [Server Component]

https://nextjs.org/docs/messages/module-not-found @ http://localhost:3001/_next/static/chunks/node_modules_next_dist_0nzbwyu._.js:2081
[ 6120787ms] [ERROR] ./src/components/shared/SectionHeader.tsx:8:1
Module not found: Can't resolve '@dangelopalladino/etf-core/ui-client'
   6 |
   7 | import React from 'react';
>  8 | import { SectionHeader as CoreSectionHeader } from '@dangelopalladino/etf-core/ui-client';
     | ^^^^^^^^^^^^^^^^^^^^^^^^^^^^^^^^^^^^^^^^^^^^^^^^^^^^^^^^^^^^^^^^^^^^^^^^^^^^^^^^^^^^^^^^^^
   9 |
  10 | type CoreAlign = 'left' | 'center';
  11 |

Import trace:
  Server Component:
    ./src/components/shared/SectionHeader.tsx
    ./src/app/page.tsx

https://nextjs.org/docs/messages/module-not-found @ http://localhost:3001/_next/static/chunks/node_modules_next_dist_0nzbwyu._.js:2081
[ 6120788ms] [ERROR] ./src/components/shared/SectionWrapper.tsx:2:1
Module not found: Can't resolve '@dangelopalladino/etf-core/ui-server'
  1 | // Phase 11: server-safe SectionWrapper sourced from @dangelopalladino/etf-core.
> 2 | export { SectionWrapper as default } from '@dangelopalladino/etf-core/ui-server';
    | ^^^^^^^^^^^^^^^^^^^^^^^^^^^^^^^^^^^^^^^^^^^^^^^^^^^^^^^^^^^^^^^^^^^^^^^^^^^^^^^^^
  3 |

Import trace:
  Server Component:
    ./src/components/shared/SectionWrapper.tsx
    ./src/app/page.tsx

https://nextjs.org/docs/messages/module-not-found @ http://localhost:3001/_next/static/chunks/node_modules_next_dist_0nzbwyu._.js:2081
[ 6120791ms] [ERROR] ./src/components/shared/ServerTypography.tsx:6:1
Module not found: Can't resolve '@dangelopalladino/etf-core/ui-server'
  4 | ...e `text-foreground` (warm charcoal). We inject `text-foreground` before any caller-supplied
  5 | ...assName so the token wins even if callers explicitly pass `text-primary`.
> 6 | ...t { ServerHeading as _ServerHeading, ServerText } from '@dangelopalladino/etf-core/ui-se...
    |    ^^^^^^^^^^^^^^^^^^^^^^^^^^^^^^^^^^^^^^^^^^^^^^^^^^^^^^^^^^^^^^^^^^^^^^^^^^^^^^^^^^^^^^^^^^^
  7 | ...t type { ComponentProps } from 'react';
  8 | ...
  9 | ...t function ServerHeading({ className = '', ...props }: ComponentProps<typeof _ServerHead...

Import traces:
  Server Component:
    ./src/components/shared/ServerTypography.tsx
    ./src/app/page.tsx

  Client Component Browser:
    ./src/components/shared/ServerTypography.tsx [Client Component Browser]
    ./src/components/shared/PageHero.tsx [Client Component Browser]
    ./src/components/shared/PageHero.tsx [Server Component]
    ./src/app/page.tsx [Server Component]

  Client Component SSR:
    ./src/components/shared/ServerTypography.tsx [Client Component SSR]
    ./src/components/shared/PageHero.tsx [Client Component SSR]
    ./src/components/shared/PageHero.tsx [Server Component]
    ./src/app/page.tsx [Server Component]

https://nextjs.org/docs/messages/module-not-found @ http://localhost:3001/_next/static/chunks/node_modules_next_dist_0nzbwyu._.js:2081
[ 6120792ms] [ERROR] ./src/lib/analytics.ts:2:1
Export EVENTS doesn't exist in target module
  1 | import Clarity from '@microsoft/clarity';
> 2 | import { EVENTS, KEYS } from './analytics-events';
    | ^^^^^^^^^^^^^^^^^^^^^^^^^^^^^^^^^^^^^^^^^^^^^^^^^^
  3 | import { getAttributionPayload } from './analytics-source';
  4 |
  5 | declare global {

The export EVENTS was not found in module [project]/src/lib/analytics-events.ts [app-client] (ecmascript).
The module has no exports at all.
All exports of the module are statically known (It doesn't have dynamic exports). So it's known statically that the requested export doesn't exist.

Import traces:
  #1 [Client Component Browser]:
    ./src/lib/analytics.ts [Client Component Browser]
    ./src/app/error.tsx [Client Component Browser]
    ./src/app/error.tsx [Server Component]

  #2 [Client Component Browser]:
    ./src/lib/analytics.ts [Client Component Browser]
    ./src/app/not-found.tsx [Client Component Browser]
    ./src/app/not-found.tsx [Server Component]

  #3 [Client Component SSR]:
    ./src/lib/analytics.ts [Client Component SSR]
    ./src/app/error.tsx [Client Component SSR]
    ./src/app/error.tsx [Server Component]

  #4 [Client Component SSR]:
    ./src/lib/analytics.ts [Client Component SSR]
    ./src/app/not-found.tsx [Client Component SSR]
    ./src/app/not-found.tsx [Server Component]

  #5 [Client Component Browser]:
    ./src/lib/analytics.ts [Client Component Browser]
    ./src/components/analytics/CookieConsentBanner.tsx [Client Component Browser]
    ./src/components/analytics/CookieConsentBanner.tsx [Server Component]
    ./src/app/layout.tsx [Server Component]

  #6 [Client Component SSR]:
    ./src/lib/analytics.ts [Client Component SSR]
    ./src/components/analytics/CookieConsentBanner.tsx [Client Component SSR]
    ./src/components/analytics/CookieConsentBanner.tsx [Server Component]
    ./src/app/layout.tsx [Server Component] @ http://localhost:3001/_next/static/chunks/node_modules_next_dist_0nzbwyu._.js:2081
[ 6120794ms] [ERROR] ./src/lib/analytics.ts:2:1
Export EVENTS doesn't exist in target module
  1 | import Clarity from '@microsoft/clarity';
> 2 | import { EVENTS, KEYS } from './analytics-events';
    | ^^^^^^^^^^^^^^^^^^^^^^^^^^^^^^^^^^^^^^^^^^^^^^^^^^
  3 | import { getAttributionPayload } from './analytics-source';
  4 |
  5 | declare global {

The export EVENTS was not found in module [project]/src/lib/analytics-events.ts [app-ssr] (ecmascript).
The module has no exports at all.
All exports of the module are statically known (It doesn't have dynamic exports). So it's known statically that the requested export doesn't exist.

Import traces:
  #1 [Client Component Browser]:
    ./src/lib/analytics.ts [Client Component Browser]
    ./src/app/error.tsx [Client Component Browser]
    ./src/app/error.tsx [Server Component]

  #2 [Client Component Browser]:
    ./src/lib/analytics.ts [Client Component Browser]
    ./src/app/not-found.tsx [Client Component Browser]
    ./src/app/not-found.tsx [Server Component]

  #3 [Client Component SSR]:
    ./src/lib/analytics.ts [Client Component SSR]
    ./src/app/error.tsx [Client Component SSR]
    ./src/app/error.tsx [Server Component]

  #4 [Client Component SSR]:
    ./src/lib/analytics.ts [Client Component SSR]
    ./src/app/not-found.tsx [Client Component SSR]
    ./src/app/not-found.tsx [Server Component]

  #5 [Client Component Browser]:
    ./src/lib/analytics.ts [Client Component Browser]
    ./src/components/analytics/CookieConsentBanner.tsx [Client Component Browser]
    ./src/components/analytics/CookieConsentBanner.tsx [Server Component]
    ./src/app/layout.tsx [Server Component]

  #6 [Client Component SSR]:
    ./src/lib/analytics.ts [Client Component SSR]
    ./src/components/analytics/CookieConsentBanner.tsx [Client Component SSR]
    ./src/components/analytics/CookieConsentBanner.tsx [Server Component]
    ./src/app/layout.tsx [Server Component] @ http://localhost:3001/_next/static/chunks/node_modules_next_dist_0nzbwyu._.js:2081
[ 6120794ms] [ERROR] ./src/lib/analytics.ts:2:1
Export KEYS doesn't exist in target module
  1 | import Clarity from '@microsoft/clarity';
> 2 | import { EVENTS, KEYS } from './analytics-events';
    | ^^^^^^^^^^^^^^^^^^^^^^^^^^^^^^^^^^^^^^^^^^^^^^^^^^
  3 | import { getAttributionPayload } from './analytics-source';
  4 |
  5 | declare global {

The export KEYS was not found in module [project]/src/lib/analytics-events.ts [app-client] (ecmascript).
The module has no exports at all.
All exports of the module are statically known (It doesn't have dynamic exports). So it's known statically that the requested export doesn't exist.

Import traces:
  #1 [Client Component Browser]:
    ./src/lib/analytics.ts [Client Component Browser]
    ./src/app/error.tsx [Client Component Browser]
    ./src/app/error.tsx [Server Component]

  #2 [Client Component Browser]:
    ./src/lib/analytics.ts [Client Component Browser]
    ./src/app/not-found.tsx [Client Component Browser]
    ./src/app/not-found.tsx [Server Component]

  #3 [Client Component SSR]:
    ./src/lib/analytics.ts [Client Component SSR]
    ./src/app/error.tsx [Client Component SSR]
    ./src/app/error.tsx [Server Component]

  #4 [Client Component SSR]:
    ./src/lib/analytics.ts [Client Component SSR]
    ./src/app/not-found.tsx [Client Component SSR]
    ./src/app/not-found.tsx [Server Component]

  #5 [Client Component Browser]:
    ./src/lib/analytics.ts [Client Component Browser]
    ./src/components/analytics/CookieConsentBanner.tsx [Client Component Browser]
    ./src/components/analytics/CookieConsentBanner.tsx [Server Component]
    ./src/app/layout.tsx [Server Component]

  #6 [Client Component SSR]:
    ./src/lib/analytics.ts [Client Component SSR]
    ./src/components/analytics/CookieConsentBanner.tsx [Client Component SSR]
    ./src/components/analytics/CookieConsentBanner.tsx [Server Component]
    ./src/app/layout.tsx [Server Component] @ http://localhost:3001/_next/static/chunks/node_modules_next_dist_0nzbwyu._.js:2081
[ 6120795ms] [ERROR] ./src/lib/analytics.ts:2:1
Export KEYS doesn't exist in target module
  1 | import Clarity from '@microsoft/clarity';
> 2 | import { EVENTS, KEYS } from './analytics-events';
    | ^^^^^^^^^^^^^^^^^^^^^^^^^^^^^^^^^^^^^^^^^^^^^^^^^^
  3 | import { getAttributionPayload } from './analytics-source';
  4 |
  5 | declare global {

The export KEYS was not found in module [project]/src/lib/analytics-events.ts [app-ssr] (ecmascript).
The module has no exports at all.
All exports of the module are statically known (It doesn't have dynamic exports). So it's known statically that the requested export doesn't exist.

Import traces:
  #1 [Client Component Browser]:
    ./src/lib/analytics.ts [Client Component Browser]
    ./src/app/error.tsx [Client Component Browser]
    ./src/app/error.tsx [Server Component]

  #2 [Client Component Browser]:
    ./src/lib/analytics.ts [Client Component Browser]
    ./src/app/not-found.tsx [Client Component Browser]
    ./src/app/not-found.tsx [Server Component]

  #3 [Client Component SSR]:
    ./src/lib/analytics.ts [Client Component SSR]
    ./src/app/error.tsx [Client Component SSR]
    ./src/app/error.tsx [Server Component]

  #4 [Client Component SSR]:
    ./src/lib/analytics.ts [Client Component SSR]
    ./src/app/not-found.tsx [Client Component SSR]
    ./src/app/not-found.tsx [Server Component]

  #5 [Client Component Browser]:
    ./src/lib/analytics.ts [Client Component Browser]
    ./src/components/analytics/CookieConsentBanner.tsx [Client Component Browser]
    ./src/components/analytics/CookieConsentBanner.tsx [Server Component]
    ./src/app/layout.tsx [Server Component]

  #6 [Client Component SSR]:
    ./src/lib/analytics.ts [Client Component SSR]
    ./src/components/analytics/CookieConsentBanner.tsx [Client Component SSR]
    ./src/components/analytics/CookieConsentBanner.tsx [Server Component]
    ./src/app/layout.tsx [Server Component] @ http://localhost:3001/_next/static/chunks/node_modules_next_dist_0nzbwyu._.js:2081
[ 6120795ms] [ERROR] ./src/components/shared/ScoreBar.tsx:3:1
Module not found: Can't resolve '@dangelopalladino/etf-core/ui-client'
  1 | // Phase 11: ScoreBar sourced from @dangelopalladino/etf-core.
  2 | 'use client';
> 3 | export { ScoreBar as default } from '@dangelopalladino/etf-core/ui-client';
    | ^^^^^^^^^^^^^^^^^^^^^^^^^^^^^^^^^^^^^^^^^^^^^^^^^^^^^^^^^^^^^^^^^^^^^^^^^^^
  4 |

Import traces:
  Client Component Browser:
    ./src/components/shared/ScoreBar.tsx [Client Component Browser]
    ./src/components/results/v2/ScoreDashboard.tsx [Client Component Browser]
    ./src/components/results/v2/ScoreDashboard.tsx [Server Component]
    ./src/app/results/page.tsx [Server Component]

  Client Component SSR:
    ./src/components/shared/ScoreBar.tsx [Client Component SSR]
    ./src/components/results/v2/ScoreDashboard.tsx [Client Component SSR]
    ./src/components/results/v2/ScoreDashboard.tsx [Server Component]
    ./src/app/results/page.tsx [Server Component]

https://nextjs.org/docs/messages/module-not-found @ http://localhost:3001/_next/static/chunks/node_modules_next_dist_0nzbwyu._.js:2081
[ 6120795ms] [ERROR] ./src/components/shared/StatusBadge.tsx:3:1
Module not found: Can't resolve '@dangelopalladino/etf-core/ui-client'
  1 | // Phase 11: StatusBadge sourced from @dangelopalladino/etf-core.
  2 | 'use client';
> 3 | export { StatusBadge as default } from '@dangelopalladino/etf-core/ui-client';
    | ^^^^^^^^^^^^^^^^^^^^^^^^^^^^^^^^^^^^^^^^^^^^^^^^^^^^^^^^^^^^^^^^^^^^^^^^^^^^^^
  4 |

Import traces:
  Client Component Browser:
    ./src/components/shared/StatusBadge.tsx [Client Component Browser]
    ./src/components/results/v2/CoreCodeArchetype.tsx [Client Component Browser]
    ./src/components/results/v2/CoreCodeArchetype.tsx [Server Component]
    ./src/app/results/page.tsx [Server Component]

  Client Component SSR:
    ./src/components/shared/StatusBadge.tsx [Client Component SSR]
    ./src/components/results/v2/CoreCodeArchetype.tsx [Client Component SSR]
    ./src/components/results/v2/CoreCodeArchetype.tsx [Server Component]
    ./src/app/results/page.tsx [Server Component]

https://nextjs.org/docs/messages/module-not-found @ http://localhost:3001/_next/static/chunks/node_modules_next_dist_0nzbwyu._.js:2081
[ 6120795ms] [ERROR] ./src/components/seo/BreadcrumbJsonLd.tsx:2:1
Module not found: Can't resolve '@dangelopalladino/etf-core/seo'
  1 | ...React from 'react';
> 2 | ...{ BreadcrumbJsonLd as Base, type BreadcrumbJsonLdProps } from '@dangelopalladino/etf-cor...
    |    ^^^^^^^^^^^^^^^^^^^^^^^^^^^^^^^^^^^^^^^^^^^^^^^^^^^^^^^^^^^^^^^^^^^^^^^^^^^^^^^^^^^^^^^^^^^
  3 | ...
  4 | ...ITE_URL = process.env.NEXT_PUBLIC_SITE_URL || 'https://www.6identities.com';
  5 | ...

Import trace:
  Server Component:
    ./src/components/seo/BreadcrumbJsonLd.tsx
    ./src/app/professionals/page.tsx

https://nextjs.org/docs/messages/module-not-found @ http://localhost:3001/_next/static/chunks/node_modules_next_dist_0nzbwyu._.js:2081
[ 6120795ms] [ERROR] ./src/components/shared/CtaSection.tsx:3:1
Module not found: Can't resolve '@dangelopalladino/etf-core/ui-client'
  1 | // Phase 11: CtaSection sourced from @dangelopalladino/etf-core.
  2 | 'use client';
> 3 | export { CtaSection as default } from '@dangelopalladino/etf-core/ui-client';
    | ^^^^^^^^^^^^^^^^^^^^^^^^^^^^^^^^^^^^^^^^^^^^^^^^^^^^^^^^^^^^^^^^^^^^^^^^^^^^^
  4 |

Import trace:
  Server Component:
    ./src/components/shared/CtaSection.tsx
    ./src/app/professionals/page.tsx

https://nextjs.org/docs/messages/module-not-found @ http://localhost:3001/_next/static/chunks/node_modules_next_dist_0nzbwyu._.js:2081
[ 6126832ms] [ERROR] ./src/app/layout.tsx:13:1
Module not found: Can't resolve '@dangelopalladino/etf-core/analytics'
  11 | import { AuthProvider } from "@/components/AuthProvider";
  12 | import PageviewTracker from "@/components/analytics/PageviewTracker";
> 13 | import { GA4Loader } from "@dangelopalladino/etf-core/analytics";
     | ^^^^^^^^^^^^^^^^^^^^^^^^^^^^^^^^^^^^^^^^^^^^^^^^^^^^^^^^^^^^^^^^^
  14 | import ClarityLoader from "@/components/analytics/ClarityLoader";
  15 | import ClarityIdentifier from "@/components/analytics/ClarityIdentifier";
  16 | import CookieConsentBanner from "@/components/analytics/CookieConsentBanner";

https://nextjs.org/docs/messages/module-not-found @ http://localhost:3001/_next/static/chunks/node_modules_next_dist_0nzbwyu._.js:2081
[ 6126834ms] [ERROR] ./src/lib/analytics-events.ts:2:1
Module not found: Can't resolve '@dangelopalladino/etf-core/analytics'
  1 | // Phase 11: analytics event catalog sourced from @dangelopalladino/etf-core.
> 2 | export * from '@dangelopalladino/etf-core/analytics';
    | ^^^^^^^^^^^^^^^^^^^^^^^^^^^^^^^^^^^^^^^^^^^^^^^^^^^^^
  3 |

Import traces:
  Client Component Browser:
    ./src/lib/analytics-events.ts [Client Component Browser]
    ./src/lib/analytics.ts [Client Component Browser]
    ./src/components/analytics/CookieConsentBanner.tsx [Client Component Browser]
    ./src/components/analytics/CookieConsentBanner.tsx [Server Component]
    ./src/app/layout.tsx [Server Component]

  Client Component SSR:
    ./src/lib/analytics-events.ts [Client Component SSR]
    ./src/lib/analytics.ts [Client Component SSR]
    ./src/components/analytics/CookieConsentBanner.tsx [Client Component SSR]
    ./src/components/analytics/CookieConsentBanner.tsx [Server Component]
    ./src/app/layout.tsx [Server Component]

https://nextjs.org/docs/messages/module-not-found @ http://localhost:3001/_next/static/chunks/node_modules_next_dist_0nzbwyu._.js:2081
[ 6126834ms] [ERROR] ./src/app/page.tsx:8:1
Module not found: Can't resolve '@dangelopalladino/etf-core/content'
   6 |   CrownOutlined,
   7 | } from '@ant-design/icons';
>  8 | import { getApprovedTestimonials } from '@dangelopalladino/etf-core/content';
     | ^^^^^^^^^^^^^^^^^^^^^^^^^^^^^^^^^^^^^^^^^^^^^^^^^^^^^^^^^^^^^^^^^^^^^^^^^^^^^
   9 | import { JsonLd } from '@/components/marketing/JsonLd';
  10 | import { LandingSectionExposure } from '@/components/analytics/SectionExposure';
  11 | import FeatureCard from '@/components/primitives/FeatureCard';

https://nextjs.org/docs/messages/module-not-found @ http://localhost:3001/_next/static/chunks/node_modules_next_dist_0nzbwyu._.js:2081
[ 6126834ms] [ERROR] ./src/lib/antd-theme.ts:35:1
Module not found: Can't resolve '@dangelopalladino/etf-core/tokens/6id'
  33 | export type { StatusType } from '@dangelopalladino/etf-core/tokens/6id';
  34 |
> 35 | import { themeConfig as etfCoreThemeConfig } from '@dangelopalladino/etf-core/tokens/6id';
     | ^^^^^^^^^^^^^^^^^^^^^^^^^^^^^^^^^^^^^^^^^^^^^^^^^^^^^^^^^^^^^^^^^^^^^^^^^^^^^^^^^^^^^^^^^^
  36 |
  37 | // Canonical 6i palette — v2 design system (navy + off-white + electric blue)
  38 | const CANONICAL_6I = {

Import traces:
  Client Component Browser:
    ./src/lib/antd-theme.ts [Client Component Browser]
    ./src/components/AntdProvider.tsx [Client Component Browser]
    ./src/components/AntdProvider.tsx [Server Component]
    ./src/app/layout.tsx [Server Component]

  Client Component SSR:
    ./src/lib/antd-theme.ts [Client Component SSR]
    ./src/components/AntdProvider.tsx [Client Component SSR]
    ./src/components/AntdProvider.tsx [Server Component]
    ./src/app/layout.tsx [Server Component]

https://nextjs.org/docs/messages/module-not-found @ http://localhost:3001/_next/static/chunks/node_modules_next_dist_0nzbwyu._.js:2081
[ 6126835ms] [ERROR] ./src/lib/brand-tokens.ts:5:1
Module not found: Can't resolve '@dangelopalladino/etf-core/tokens/6id'
   3 | // IDENTITY_COLORS is overridden here with v2 saturated palette; all other tokens
   4 | // forwarded from etf-core unchanged.
>  5 | export {
     | ^^^^^^^
>  6 |   BLUEPRINT_SHADOWS,
     | ^^^^^^^^^^^^^^^^^^^^
>  7 |   BORDER_TOKENS,
     | ^^^^^^^^^^^^^^^^
>  8 |   BRAND,
     | ^^^^^^^^
>  9 |   BRAND_GOLD,
     | ^^^^^^^^^^^^^
> 10 |   DARK_MODE_COLORS,
     | ^^^^^^^^^^^^^^^^^^^
> 11 |   HEADING_SCALE,
     | ^^^^^^^^^^^^^^^^
> 12 |   SCORE_COLORS,
     | ^^^^^^^^^^^^^^^
> 13 |   SHADOW_TOKENS,
     | ^^^^^^^^^^^^^^^^
> 14 |   STATUS_STYLES,
     | ^^^^^^^^^^^^^^^^
> 15 |   SURFACE_TOKENS,
     | ^^^^^^^^^^^^^^^^^
> 16 |   baseThemeConfig,
     | ^^^^^^^^^^^^^^^^^^
> 17 |   darkThemeConfig,
     | ^^^^^^^^^^^^^^^^^^
> 18 |   getScoreColor,
     | ^^^^^^^^^^^^^^^^
> 19 |   needsDarkTextOnBackground,
     | ^^^^^^^^^^^^^^^^^^^^^^^^^^^^
> 20 | } from '@dangelopalladino/etf-core/tokens/6id';
     | ^^^^^^^^^^^^^^^^^^^^^^^^^^^^^^^^^^^^^^^^^^^^^^^
  21 | export type { StatusType } from '@dangelopalladino/etf-core/tokens/6id';
  22 |
  23 | // v2 saturated identity palette — overrides etf-core pottery-glaze values.

Import traces:
  #1 [Server Component]:
    ./src/lib/brand-tokens.ts
    ./src/app/opengraph-image.tsx
    ./src/app/opengraph-image--metadata.js

  #2 [Server Component]:
    ./src/lib/brand-tokens.ts
    ./src/lib/type-profiles.ts
    ./src/app/page.tsx

https://nextjs.org/docs/messages/module-not-found @ http://localhost:3001/_next/static/chunks/node_modules_next_dist_0nzbwyu._.js:2081
[ 6126835ms] [ERROR] ./src/components/shared/BrandCta.tsx:3:1
Module not found: Can't resolve '@dangelopalladino/etf-core/ui-client'
  1 | // Phase 11: BrandCta sourced from @dangelopalladino/etf-core.
  2 | 'use client';
> 3 | export { BrandCta as default } from '@dangelopalladino/etf-core/ui-client';
    | ^^^^^^^^^^^^^^^^^^^^^^^^^^^^^^^^^^^^^^^^^^^^^^^^^^^^^^^^^^^^^^^^^^^^^^^^^^^
  4 |

Import traces:
  Server Component:
    ./src/components/shared/BrandCta.tsx
    ./src/app/page.tsx

  Client Component Browser:
    ./src/components/shared/BrandCta.tsx [Client Component Browser]
    ./src/app/not-found.tsx [Client Component Browser]
    ./src/app/not-found.tsx [Server Component]

  Client Component SSR:
    ./src/components/shared/BrandCta.tsx [Client Component SSR]
    ./src/app/not-found.tsx [Client Component SSR]
    ./src/app/not-found.tsx [Server Component]

https://nextjs.org/docs/messages/module-not-found @ http://localhost:3001/_next/static/chunks/node_modules_next_dist_0nzbwyu._.js:2081
[ 6126835ms] [ERROR] ./src/components/shared/SectionHeader.tsx:8:1
Module not found: Can't resolve '@dangelopalladino/etf-core/ui-client'
   6 |
   7 | import React from 'react';
>  8 | import { SectionHeader as CoreSectionHeader } from '@dangelopalladino/etf-core/ui-client';
     | ^^^^^^^^^^^^^^^^^^^^^^^^^^^^^^^^^^^^^^^^^^^^^^^^^^^^^^^^^^^^^^^^^^^^^^^^^^^^^^^^^^^^^^^^^^
   9 |
  10 | type CoreAlign = 'left' | 'center';
  11 |

Import trace:
  Server Component:
    ./src/components/shared/SectionHeader.tsx
    ./src/app/page.tsx

https://nextjs.org/docs/messages/module-not-found @ http://localhost:3001/_next/static/chunks/node_modules_next_dist_0nzbwyu._.js:2081
[ 6126835ms] [ERROR] ./src/components/shared/SectionWrapper.tsx:2:1
Module not found: Can't resolve '@dangelopalladino/etf-core/ui-server'
  1 | // Phase 11: server-safe SectionWrapper sourced from @dangelopalladino/etf-core.
> 2 | export { SectionWrapper as default } from '@dangelopalladino/etf-core/ui-server';
    | ^^^^^^^^^^^^^^^^^^^^^^^^^^^^^^^^^^^^^^^^^^^^^^^^^^^^^^^^^^^^^^^^^^^^^^^^^^^^^^^^^
  3 |

Import trace:
  Server Component:
    ./src/components/shared/SectionWrapper.tsx
    ./src/app/page.tsx

https://nextjs.org/docs/messages/module-not-found @ http://localhost:3001/_next/static/chunks/node_modules_next_dist_0nzbwyu._.js:2081
[ 6126836ms] [ERROR] ./src/components/shared/ServerTypography.tsx:6:1
Module not found: Can't resolve '@dangelopalladino/etf-core/ui-server'
  4 | ...e `text-foreground` (warm charcoal). We inject `text-foreground` before any caller-supplied
  5 | ...assName so the token wins even if callers explicitly pass `text-primary`.
> 6 | ...t { ServerHeading as _ServerHeading, ServerText } from '@dangelopalladino/etf-core/ui-se...
    |    ^^^^^^^^^^^^^^^^^^^^^^^^^^^^^^^^^^^^^^^^^^^^^^^^^^^^^^^^^^^^^^^^^^^^^^^^^^^^^^^^^^^^^^^^^^^
  7 | ...t type { ComponentProps } from 'react';
  8 | ...
  9 | ...t function ServerHeading({ className = '', ...props }: ComponentProps<typeof _ServerHead...

Import traces:
  Server Component:
    ./src/components/shared/ServerTypography.tsx
    ./src/app/page.tsx

  Client Component Browser:
    ./src/components/shared/ServerTypography.tsx [Client Component Browser]
    ./src/components/shared/PageHero.tsx [Client Component Browser]
    ./src/components/shared/PageHero.tsx [Server Component]
    ./src/app/page.tsx [Server Component]

  Client Component SSR:
    ./src/components/shared/ServerTypography.tsx [Client Component SSR]
    ./src/components/shared/PageHero.tsx [Client Component SSR]
    ./src/components/shared/PageHero.tsx [Server Component]
    ./src/app/page.tsx [Server Component]

https://nextjs.org/docs/messages/module-not-found @ http://localhost:3001/_next/static/chunks/node_modules_next_dist_0nzbwyu._.js:2081
[ 6126836ms] [ERROR] ./src/lib/analytics.ts:2:1
Export EVENTS doesn't exist in target module
  1 | import Clarity from '@microsoft/clarity';
> 2 | import { EVENTS, KEYS } from './analytics-events';
    | ^^^^^^^^^^^^^^^^^^^^^^^^^^^^^^^^^^^^^^^^^^^^^^^^^^
  3 | import { getAttributionPayload } from './analytics-source';
  4 |
  5 | declare global {

The export EVENTS was not found in module [project]/src/lib/analytics-events.ts [app-client] (ecmascript).
The module has no exports at all.
All exports of the module are statically known (It doesn't have dynamic exports). So it's known statically that the requested export doesn't exist.

Import traces:
  #1 [Client Component Browser]:
    ./src/lib/analytics.ts [Client Component Browser]
    ./src/app/error.tsx [Client Component Browser]
    ./src/app/error.tsx [Server Component]

  #2 [Client Component Browser]:
    ./src/lib/analytics.ts [Client Component Browser]
    ./src/app/not-found.tsx [Client Component Browser]
    ./src/app/not-found.tsx [Server Component]

  #3 [Client Component SSR]:
    ./src/lib/analytics.ts [Client Component SSR]
    ./src/app/error.tsx [Client Component SSR]
    ./src/app/error.tsx [Server Component]

  #4 [Client Component SSR]:
    ./src/lib/analytics.ts [Client Component SSR]
    ./src/app/not-found.tsx [Client Component SSR]
    ./src/app/not-found.tsx [Server Component]

  #5 [Client Component Browser]:
    ./src/lib/analytics.ts [Client Component Browser]
    ./src/components/analytics/CookieConsentBanner.tsx [Client Component Browser]
    ./src/components/analytics/CookieConsentBanner.tsx [Server Component]
    ./src/app/layout.tsx [Server Component]

  #6 [Client Component SSR]:
    ./src/lib/analytics.ts [Client Component SSR]
    ./src/components/analytics/CookieConsentBanner.tsx [Client Component SSR]
    ./src/components/analytics/CookieConsentBanner.tsx [Server Component]
    ./src/app/layout.tsx [Server Component] @ http://localhost:3001/_next/static/chunks/node_modules_next_dist_0nzbwyu._.js:2081
[ 6126836ms] [ERROR] ./src/lib/analytics.ts:2:1
Export EVENTS doesn't exist in target module
  1 | import Clarity from '@microsoft/clarity';
> 2 | import { EVENTS, KEYS } from './analytics-events';
    | ^^^^^^^^^^^^^^^^^^^^^^^^^^^^^^^^^^^^^^^^^^^^^^^^^^
  3 | import { getAttributionPayload } from './analytics-source';
  4 |
  5 | declare global {

The export EVENTS was not found in module [project]/src/lib/analytics-events.ts [app-ssr] (ecmascript).
The module has no exports at all.
All exports of the module are statically known (It doesn't have dynamic exports). So it's known statically that the requested export doesn't exist.

Import traces:
  #1 [Client Component Browser]:
    ./src/lib/analytics.ts [Client Component Browser]
    ./src/app/error.tsx [Client Component Browser]
    ./src/app/error.tsx [Server Component]

  #2 [Client Component Browser]:
    ./src/lib/analytics.ts [Client Component Browser]
    ./src/app/not-found.tsx [Client Component Browser]
    ./src/app/not-found.tsx [Server Component]

  #3 [Client Component SSR]:
    ./src/lib/analytics.ts [Client Component SSR]
    ./src/app/error.tsx [Client Component SSR]
    ./src/app/error.tsx [Server Component]

  #4 [Client Component SSR]:
    ./src/lib/analytics.ts [Client Component SSR]
    ./src/app/not-found.tsx [Client Component SSR]
    ./src/app/not-found.tsx [Server Component]

  #5 [Client Component Browser]:
    ./src/lib/analytics.ts [Client Component Browser]
    ./src/components/analytics/CookieConsentBanner.tsx [Client Component Browser]
    ./src/components/analytics/CookieConsentBanner.tsx [Server Component]
    ./src/app/layout.tsx [Server Component]

  #6 [Client Component SSR]:
    ./src/lib/analytics.ts [Client Component SSR]
    ./src/components/analytics/CookieConsentBanner.tsx [Client Component SSR]
    ./src/components/analytics/CookieConsentBanner.tsx [Server Component]
    ./src/app/layout.tsx [Server Component] @ http://localhost:3001/_next/static/chunks/node_modules_next_dist_0nzbwyu._.js:2081
[ 6126836ms] [ERROR] ./src/lib/analytics.ts:2:1
Export KEYS doesn't exist in target module
  1 | import Clarity from '@microsoft/clarity';
> 2 | import { EVENTS, KEYS } from './analytics-events';
    | ^^^^^^^^^^^^^^^^^^^^^^^^^^^^^^^^^^^^^^^^^^^^^^^^^^
  3 | import { getAttributionPayload } from './analytics-source';
  4 |
  5 | declare global {

The export KEYS was not found in module [project]/src/lib/analytics-events.ts [app-client] (ecmascript).
The module has no exports at all.
All exports of the module are statically known (It doesn't have dynamic exports). So it's known statically that the requested export doesn't exist.

Import traces:
  #1 [Client Component Browser]:
    ./src/lib/analytics.ts [Client Component Browser]
    ./src/app/error.tsx [Client Component Browser]
    ./src/app/error.tsx [Server Component]

  #2 [Client Component Browser]:
    ./src/lib/analytics.ts [Client Component Browser]
    ./src/app/not-found.tsx [Client Component Browser]
    ./src/app/not-found.tsx [Server Component]

  #3 [Client Component SSR]:
    ./src/lib/analytics.ts [Client Component SSR]
    ./src/app/error.tsx [Client Component SSR]
    ./src/app/error.tsx [Server Component]

  #4 [Client Component SSR]:
    ./src/lib/analytics.ts [Client Component SSR]
    ./src/app/not-found.tsx [Client Component SSR]
    ./src/app/not-found.tsx [Server Component]

  #5 [Client Component Browser]:
    ./src/lib/analytics.ts [Client Component Browser]
    ./src/components/analytics/CookieConsentBanner.tsx [Client Component Browser]
    ./src/components/analytics/CookieConsentBanner.tsx [Server Component]
    ./src/app/layout.tsx [Server Component]

  #6 [Client Component SSR]:
    ./src/lib/analytics.ts [Client Component SSR]
    ./src/components/analytics/CookieConsentBanner.tsx [Client Component SSR]
    ./src/components/analytics/CookieConsentBanner.tsx [Server Component]
    ./src/app/layout.tsx [Server Component] @ http://localhost:3001/_next/static/chunks/node_modules_next_dist_0nzbwyu._.js:2081
[ 6126837ms] [ERROR] ./src/lib/analytics.ts:2:1
Export KEYS doesn't exist in target module
  1 | import Clarity from '@microsoft/clarity';
> 2 | import { EVENTS, KEYS } from './analytics-events';
    | ^^^^^^^^^^^^^^^^^^^^^^^^^^^^^^^^^^^^^^^^^^^^^^^^^^
  3 | import { getAttributionPayload } from './analytics-source';
  4 |
  5 | declare global {

The export KEYS was not found in module [project]/src/lib/analytics-events.ts [app-ssr] (ecmascript).
The module has no exports at all.
All exports of the module are statically known (It doesn't have dynamic exports). So it's known statically that the requested export doesn't exist.

Import traces:
  #1 [Client Component Browser]:
    ./src/lib/analytics.ts [Client Component Browser]
    ./src/app/error.tsx [Client Component Browser]
    ./src/app/error.tsx [Server Component]

  #2 [Client Component Browser]:
    ./src/lib/analytics.ts [Client Component Browser]
    ./src/app/not-found.tsx [Client Component Browser]
    ./src/app/not-found.tsx [Server Component]

  #3 [Client Component SSR]:
    ./src/lib/analytics.ts [Client Component SSR]
    ./src/app/error.tsx [Client Component SSR]
    ./src/app/error.tsx [Server Component]

  #4 [Client Component SSR]:
    ./src/lib/analytics.ts [Client Component SSR]
    ./src/app/not-found.tsx [Client Component SSR]
    ./src/app/not-found.tsx [Server Component]

  #5 [Client Component Browser]:
    ./src/lib/analytics.ts [Client Component Browser]
    ./src/components/analytics/CookieConsentBanner.tsx [Client Component Browser]
    ./src/components/analytics/CookieConsentBanner.tsx [Server Component]
    ./src/app/layout.tsx [Server Component]

  #6 [Client Component SSR]:
    ./src/lib/analytics.ts [Client Component SSR]
    ./src/components/analytics/CookieConsentBanner.tsx [Client Component SSR]
    ./src/components/analytics/CookieConsentBanner.tsx [Server Component]
    ./src/app/layout.tsx [Server Component] @ http://localhost:3001/_next/static/chunks/node_modules_next_dist_0nzbwyu._.js:2081
[ 6126837ms] [ERROR] ./src/components/shared/ScoreBar.tsx:3:1
Module not found: Can't resolve '@dangelopalladino/etf-core/ui-client'
  1 | // Phase 11: ScoreBar sourced from @dangelopalladino/etf-core.
  2 | 'use client';
> 3 | export { ScoreBar as default } from '@dangelopalladino/etf-core/ui-client';
    | ^^^^^^^^^^^^^^^^^^^^^^^^^^^^^^^^^^^^^^^^^^^^^^^^^^^^^^^^^^^^^^^^^^^^^^^^^^^
  4 |

Import traces:
  Client Component Browser:
    ./src/components/shared/ScoreBar.tsx [Client Component Browser]
    ./src/components/results/v2/ScoreDashboard.tsx [Client Component Browser]
    ./src/components/results/v2/ScoreDashboard.tsx [Server Component]
    ./src/app/results/page.tsx [Server Component]

  Client Component SSR:
    ./src/components/shared/ScoreBar.tsx [Client Component SSR]
    ./src/components/results/v2/ScoreDashboard.tsx [Client Component SSR]
    ./src/components/results/v2/ScoreDashboard.tsx [Server Component]
    ./src/app/results/page.tsx [Server Component]

https://nextjs.org/docs/messages/module-not-found @ http://localhost:3001/_next/static/chunks/node_modules_next_dist_0nzbwyu._.js:2081
[ 6126838ms] [ERROR] ./src/components/shared/StatusBadge.tsx:3:1
Module not found: Can't resolve '@dangelopalladino/etf-core/ui-client'
  1 | // Phase 11: StatusBadge sourced from @dangelopalladino/etf-core.
  2 | 'use client';
> 3 | export { StatusBadge as default } from '@dangelopalladino/etf-core/ui-client';
    | ^^^^^^^^^^^^^^^^^^^^^^^^^^^^^^^^^^^^^^^^^^^^^^^^^^^^^^^^^^^^^^^^^^^^^^^^^^^^^^
  4 |

Import traces:
  Client Component Browser:
    ./src/components/shared/StatusBadge.tsx [Client Component Browser]
    ./src/components/results/v2/CoreCodeArchetype.tsx [Client Component Browser]
    ./src/components/results/v2/CoreCodeArchetype.tsx [Server Component]
    ./src/app/results/page.tsx [Server Component]

  Client Component SSR:
    ./src/components/shared/StatusBadge.tsx [Client Component SSR]
    ./src/components/results/v2/CoreCodeArchetype.tsx [Client Component SSR]
    ./src/components/results/v2/CoreCodeArchetype.tsx [Server Component]
    ./src/app/results/page.tsx [Server Component]

https://nextjs.org/docs/messages/module-not-found @ http://localhost:3001/_next/static/chunks/node_modules_next_dist_0nzbwyu._.js:2081
[ 6126838ms] [ERROR] ./src/components/seo/BreadcrumbJsonLd.tsx:2:1
Module not found: Can't resolve '@dangelopalladino/etf-core/seo'
  1 | ...React from 'react';
> 2 | ...{ BreadcrumbJsonLd as Base, type BreadcrumbJsonLdProps } from '@dangelopalladino/etf-cor...
    |    ^^^^^^^^^^^^^^^^^^^^^^^^^^^^^^^^^^^^^^^^^^^^^^^^^^^^^^^^^^^^^^^^^^^^^^^^^^^^^^^^^^^^^^^^^^^
  3 | ...
  4 | ...ITE_URL = process.env.NEXT_PUBLIC_SITE_URL || 'https://www.6identities.com';
  5 | ...

Import trace:
  Server Component:
    ./src/components/seo/BreadcrumbJsonLd.tsx
    ./src/app/professionals/page.tsx

https://nextjs.org/docs/messages/module-not-found @ http://localhost:3001/_next/static/chunks/node_modules_next_dist_0nzbwyu._.js:2081
[ 6126839ms] [ERROR] ./src/components/shared/CtaSection.tsx:3:1
Module not found: Can't resolve '@dangelopalladino/etf-core/ui-client'
  1 | // Phase 11: CtaSection sourced from @dangelopalladino/etf-core.
  2 | 'use client';
> 3 | export { CtaSection as default } from '@dangelopalladino/etf-core/ui-client';
    | ^^^^^^^^^^^^^^^^^^^^^^^^^^^^^^^^^^^^^^^^^^^^^^^^^^^^^^^^^^^^^^^^^^^^^^^^^^^^^
  4 |

Import trace:
  Server Component:
    ./src/components/shared/CtaSection.tsx
    ./src/app/professionals/page.tsx

https://nextjs.org/docs/messages/module-not-found @ http://localhost:3001/_next/static/chunks/node_modules_next_dist_0nzbwyu._.js:2081
[ 6126924ms] [ERROR] ./src/app/layout.tsx:13:1
Module not found: Can't resolve '@dangelopalladino/etf-core/analytics'
  11 | import { AuthProvider } from "@/components/AuthProvider";
  12 | import PageviewTracker from "@/components/analytics/PageviewTracker";
> 13 | import { GA4Loader } from "@dangelopalladino/etf-core/analytics";
     | ^^^^^^^^^^^^^^^^^^^^^^^^^^^^^^^^^^^^^^^^^^^^^^^^^^^^^^^^^^^^^^^^^
  14 | import ClarityLoader from "@/components/analytics/ClarityLoader";
  15 | import ClarityIdentifier from "@/components/analytics/ClarityIdentifier";
  16 | import CookieConsentBanner from "@/components/analytics/CookieConsentBanner";

https://nextjs.org/docs/messages/module-not-found @ http://localhost:3001/_next/static/chunks/node_modules_next_dist_0nzbwyu._.js:2081
[ 6126925ms] [ERROR] ./src/lib/analytics-events.ts:2:1
Module not found: Can't resolve '@dangelopalladino/etf-core/analytics'
  1 | // Phase 11: analytics event catalog sourced from @dangelopalladino/etf-core.
> 2 | export * from '@dangelopalladino/etf-core/analytics';
    | ^^^^^^^^^^^^^^^^^^^^^^^^^^^^^^^^^^^^^^^^^^^^^^^^^^^^^
  3 |

Import traces:
  Client Component Browser:
    ./src/lib/analytics-events.ts [Client Component Browser]
    ./src/lib/analytics.ts [Client Component Browser]
    ./src/components/analytics/CookieConsentBanner.tsx [Client Component Browser]
    ./src/components/analytics/CookieConsentBanner.tsx [Server Component]
    ./src/app/layout.tsx [Server Component]

  Client Component SSR:
    ./src/lib/analytics-events.ts [Client Component SSR]
    ./src/lib/analytics.ts [Client Component SSR]
    ./src/components/analytics/CookieConsentBanner.tsx [Client Component SSR]
    ./src/components/analytics/CookieConsentBanner.tsx [Server Component]
    ./src/app/layout.tsx [Server Component]

https://nextjs.org/docs/messages/module-not-found @ http://localhost:3001/_next/static/chunks/node_modules_next_dist_0nzbwyu._.js:2081
[ 6126925ms] [ERROR] ./src/app/page.tsx:8:1
Module not found: Can't resolve '@dangelopalladino/etf-core/content'
   6 |   CrownOutlined,
   7 | } from '@ant-design/icons';
>  8 | import { getApprovedTestimonials } from '@dangelopalladino/etf-core/content';
     | ^^^^^^^^^^^^^^^^^^^^^^^^^^^^^^^^^^^^^^^^^^^^^^^^^^^^^^^^^^^^^^^^^^^^^^^^^^^^^
   9 | import { JsonLd } from '@/components/marketing/JsonLd';
  10 | import { LandingSectionExposure } from '@/components/analytics/SectionExposure';
  11 | import FeatureCard from '@/components/primitives/FeatureCard';

https://nextjs.org/docs/messages/module-not-found @ http://localhost:3001/_next/static/chunks/node_modules_next_dist_0nzbwyu._.js:2081
[ 6126926ms] [ERROR] ./src/lib/antd-theme.ts:35:1
Module not found: Can't resolve '@dangelopalladino/etf-core/tokens/6id'
  33 | export type { StatusType } from '@dangelopalladino/etf-core/tokens/6id';
  34 |
> 35 | import { themeConfig as etfCoreThemeConfig } from '@dangelopalladino/etf-core/tokens/6id';
     | ^^^^^^^^^^^^^^^^^^^^^^^^^^^^^^^^^^^^^^^^^^^^^^^^^^^^^^^^^^^^^^^^^^^^^^^^^^^^^^^^^^^^^^^^^^
  36 |
  37 | // Canonical 6i palette — v2 design system (navy + off-white + electric blue)
  38 | const CANONICAL_6I = {

Import traces:
  Client Component Browser:
    ./src/lib/antd-theme.ts [Client Component Browser]
    ./src/components/AntdProvider.tsx [Client Component Browser]
    ./src/components/AntdProvider.tsx [Server Component]
    ./src/app/layout.tsx [Server Component]

  Client Component SSR:
    ./src/lib/antd-theme.ts [Client Component SSR]
    ./src/components/AntdProvider.tsx [Client Component SSR]
    ./src/components/AntdProvider.tsx [Server Component]
    ./src/app/layout.tsx [Server Component]

https://nextjs.org/docs/messages/module-not-found @ http://localhost:3001/_next/static/chunks/node_modules_next_dist_0nzbwyu._.js:2081
[ 6126926ms] [ERROR] ./src/lib/brand-tokens.ts:5:1
Module not found: Can't resolve '@dangelopalladino/etf-core/tokens/6id'
   3 | // IDENTITY_COLORS is overridden here with v2 saturated palette; all other tokens
   4 | // forwarded from etf-core unchanged.
>  5 | export {
     | ^^^^^^^
>  6 |   BLUEPRINT_SHADOWS,
     | ^^^^^^^^^^^^^^^^^^^^
>  7 |   BORDER_TOKENS,
     | ^^^^^^^^^^^^^^^^
>  8 |   BRAND,
     | ^^^^^^^^
>  9 |   BRAND_GOLD,
     | ^^^^^^^^^^^^^
> 10 |   DARK_MODE_COLORS,
     | ^^^^^^^^^^^^^^^^^^^
> 11 |   HEADING_SCALE,
     | ^^^^^^^^^^^^^^^^
> 12 |   SCORE_COLORS,
     | ^^^^^^^^^^^^^^^
> 13 |   SHADOW_TOKENS,
     | ^^^^^^^^^^^^^^^^
> 14 |   STATUS_STYLES,
     | ^^^^^^^^^^^^^^^^
> 15 |   SURFACE_TOKENS,
     | ^^^^^^^^^^^^^^^^^
> 16 |   baseThemeConfig,
     | ^^^^^^^^^^^^^^^^^^
> 17 |   darkThemeConfig,
     | ^^^^^^^^^^^^^^^^^^
> 18 |   getScoreColor,
     | ^^^^^^^^^^^^^^^^
> 19 |   needsDarkTextOnBackground,
     | ^^^^^^^^^^^^^^^^^^^^^^^^^^^^
> 20 | } from '@dangelopalladino/etf-core/tokens/6id';
     | ^^^^^^^^^^^^^^^^^^^^^^^^^^^^^^^^^^^^^^^^^^^^^^^
  21 | export type { StatusType } from '@dangelopalladino/etf-core/tokens/6id';
  22 |
  23 | // v2 saturated identity palette — overrides etf-core pottery-glaze values.

Import traces:
  #1 [Server Component]:
    ./src/lib/brand-tokens.ts
    ./src/app/opengraph-image.tsx
    ./src/app/opengraph-image--metadata.js

  #2 [Server Component]:
    ./src/lib/brand-tokens.ts
    ./src/lib/type-profiles.ts
    ./src/app/page.tsx

https://nextjs.org/docs/messages/module-not-found @ http://localhost:3001/_next/static/chunks/node_modules_next_dist_0nzbwyu._.js:2081
[ 6126927ms] [ERROR] ./src/components/shared/BrandCta.tsx:3:1
Module not found: Can't resolve '@dangelopalladino/etf-core/ui-client'
  1 | // Phase 11: BrandCta sourced from @dangelopalladino/etf-core.
  2 | 'use client';
> 3 | export { BrandCta as default } from '@dangelopalladino/etf-core/ui-client';
    | ^^^^^^^^^^^^^^^^^^^^^^^^^^^^^^^^^^^^^^^^^^^^^^^^^^^^^^^^^^^^^^^^^^^^^^^^^^^
  4 |

Import traces:
  Server Component:
    ./src/components/shared/BrandCta.tsx
    ./src/app/page.tsx

  Client Component Browser:
    ./src/components/shared/BrandCta.tsx [Client Component Browser]
    ./src/app/not-found.tsx [Client Component Browser]
    ./src/app/not-found.tsx [Server Component]

  Client Component SSR:
    ./src/components/shared/BrandCta.tsx [Client Component SSR]
    ./src/app/not-found.tsx [Client Component SSR]
    ./src/app/not-found.tsx [Server Component]

https://nextjs.org/docs/messages/module-not-found @ http://localhost:3001/_next/static/chunks/node_modules_next_dist_0nzbwyu._.js:2081
[ 6126927ms] [ERROR] ./src/components/shared/SectionHeader.tsx:8:1
Module not found: Can't resolve '@dangelopalladino/etf-core/ui-client'
   6 |
   7 | import React from 'react';
>  8 | import { SectionHeader as CoreSectionHeader } from '@dangelopalladino/etf-core/ui-client';
     | ^^^^^^^^^^^^^^^^^^^^^^^^^^^^^^^^^^^^^^^^^^^^^^^^^^^^^^^^^^^^^^^^^^^^^^^^^^^^^^^^^^^^^^^^^^
   9 |
  10 | type CoreAlign = 'left' | 'center';
  11 |

Import trace:
  Server Component:
    ./src/components/shared/SectionHeader.tsx
    ./src/app/page.tsx

https://nextjs.org/docs/messages/module-not-found @ http://localhost:3001/_next/static/chunks/node_modules_next_dist_0nzbwyu._.js:2081
[ 6126927ms] [ERROR] ./src/components/shared/SectionWrapper.tsx:2:1
Module not found: Can't resolve '@dangelopalladino/etf-core/ui-server'
  1 | // Phase 11: server-safe SectionWrapper sourced from @dangelopalladino/etf-core.
> 2 | export { SectionWrapper as default } from '@dangelopalladino/etf-core/ui-server';
    | ^^^^^^^^^^^^^^^^^^^^^^^^^^^^^^^^^^^^^^^^^^^^^^^^^^^^^^^^^^^^^^^^^^^^^^^^^^^^^^^^^
  3 |

Import trace:
  Server Component:
    ./src/components/shared/SectionWrapper.tsx
    ./src/app/page.tsx

https://nextjs.org/docs/messages/module-not-found @ http://localhost:3001/_next/static/chunks/node_modules_next_dist_0nzbwyu._.js:2081
[ 6126927ms] [ERROR] ./src/components/shared/ServerTypography.tsx:6:1
Module not found: Can't resolve '@dangelopalladino/etf-core/ui-server'
  4 | ...e `text-foreground` (warm charcoal). We inject `text-foreground` before any caller-supplied
  5 | ...assName so the token wins even if callers explicitly pass `text-primary`.
> 6 | ...t { ServerHeading as _ServerHeading, ServerText } from '@dangelopalladino/etf-core/ui-se...
    |    ^^^^^^^^^^^^^^^^^^^^^^^^^^^^^^^^^^^^^^^^^^^^^^^^^^^^^^^^^^^^^^^^^^^^^^^^^^^^^^^^^^^^^^^^^^^
  7 | ...t type { ComponentProps } from 'react';
  8 | ...
  9 | ...t function ServerHeading({ className = '', ...props }: ComponentProps<typeof _ServerHead...

Import traces:
  Server Component:
    ./src/components/shared/ServerTypography.tsx
    ./src/app/page.tsx

  Client Component Browser:
    ./src/components/shared/ServerTypography.tsx [Client Component Browser]
    ./src/components/shared/PageHero.tsx [Client Component Browser]
    ./src/components/shared/PageHero.tsx [Server Component]
    ./src/app/page.tsx [Server Component]

  Client Component SSR:
    ./src/components/shared/ServerTypography.tsx [Client Component SSR]
    ./src/components/shared/PageHero.tsx [Client Component SSR]
    ./src/components/shared/PageHero.tsx [Server Component]
    ./src/app/page.tsx [Server Component]

https://nextjs.org/docs/messages/module-not-found @ http://localhost:3001/_next/static/chunks/node_modules_next_dist_0nzbwyu._.js:2081
[ 6126927ms] [ERROR] ./src/lib/analytics.ts:2:1
Export EVENTS doesn't exist in target module
  1 | import Clarity from '@microsoft/clarity';
> 2 | import { EVENTS, KEYS } from './analytics-events';
    | ^^^^^^^^^^^^^^^^^^^^^^^^^^^^^^^^^^^^^^^^^^^^^^^^^^
  3 | import { getAttributionPayload } from './analytics-source';
  4 |
  5 | declare global {

The export EVENTS was not found in module [project]/src/lib/analytics-events.ts [app-client] (ecmascript).
The module has no exports at all.
All exports of the module are statically known (It doesn't have dynamic exports). So it's known statically that the requested export doesn't exist.

Import traces:
  #1 [Client Component Browser]:
    ./src/lib/analytics.ts [Client Component Browser]
    ./src/app/error.tsx [Client Component Browser]
    ./src/app/error.tsx [Server Component]

  #2 [Client Component Browser]:
    ./src/lib/analytics.ts [Client Component Browser]
    ./src/app/not-found.tsx [Client Component Browser]
    ./src/app/not-found.tsx [Server Component]

  #3 [Client Component SSR]:
    ./src/lib/analytics.ts [Client Component SSR]
    ./src/app/error.tsx [Client Component SSR]
    ./src/app/error.tsx [Server Component]

  #4 [Client Component SSR]:
    ./src/lib/analytics.ts [Client Component SSR]
    ./src/app/not-found.tsx [Client Component SSR]
    ./src/app/not-found.tsx [Server Component]

  #5 [Client Component Browser]:
    ./src/lib/analytics.ts [Client Component Browser]
    ./src/components/analytics/CookieConsentBanner.tsx [Client Component Browser]
    ./src/components/analytics/CookieConsentBanner.tsx [Server Component]
    ./src/app/layout.tsx [Server Component]

  #6 [Client Component SSR]:
    ./src/lib/analytics.ts [Client Component SSR]
    ./src/components/analytics/CookieConsentBanner.tsx [Client Component SSR]
    ./src/components/analytics/CookieConsentBanner.tsx [Server Component]
    ./src/app/layout.tsx [Server Component] @ http://localhost:3001/_next/static/chunks/node_modules_next_dist_0nzbwyu._.js:2081
[ 6126928ms] [ERROR] ./src/lib/analytics.ts:2:1
Export EVENTS doesn't exist in target module
  1 | import Clarity from '@microsoft/clarity';
> 2 | import { EVENTS, KEYS } from './analytics-events';
    | ^^^^^^^^^^^^^^^^^^^^^^^^^^^^^^^^^^^^^^^^^^^^^^^^^^
  3 | import { getAttributionPayload } from './analytics-source';
  4 |
  5 | declare global {

The export EVENTS was not found in module [project]/src/lib/analytics-events.ts [app-ssr] (ecmascript).
The module has no exports at all.
All exports of the module are statically known (It doesn't have dynamic exports). So it's known statically that the requested export doesn't exist.

Import traces:
  #1 [Client Component Browser]:
    ./src/lib/analytics.ts [Client Component Browser]
    ./src/app/error.tsx [Client Component Browser]
    ./src/app/error.tsx [Server Component]

  #2 [Client Component Browser]:
    ./src/lib/analytics.ts [Client Component Browser]
    ./src/app/not-found.tsx [Client Component Browser]
    ./src/app/not-found.tsx [Server Component]

  #3 [Client Component SSR]:
    ./src/lib/analytics.ts [Client Component SSR]
    ./src/app/error.tsx [Client Component SSR]
    ./src/app/error.tsx [Server Component]

  #4 [Client Component SSR]:
    ./src/lib/analytics.ts [Client Component SSR]
    ./src/app/not-found.tsx [Client Component SSR]
    ./src/app/not-found.tsx [Server Component]

  #5 [Client Component Browser]:
    ./src/lib/analytics.ts [Client Component Browser]
    ./src/components/analytics/CookieConsentBanner.tsx [Client Component Browser]
    ./src/components/analytics/CookieConsentBanner.tsx [Server Component]
    ./src/app/layout.tsx [Server Component]

  #6 [Client Component SSR]:
    ./src/lib/analytics.ts [Client Component SSR]
    ./src/components/analytics/CookieConsentBanner.tsx [Client Component SSR]
    ./src/components/analytics/CookieConsentBanner.tsx [Server Component]
    ./src/app/layout.tsx [Server Component] @ http://localhost:3001/_next/static/chunks/node_modules_next_dist_0nzbwyu._.js:2081
[ 6126928ms] [ERROR] ./src/lib/analytics.ts:2:1
Export KEYS doesn't exist in target module
  1 | import Clarity from '@microsoft/clarity';
> 2 | import { EVENTS, KEYS } from './analytics-events';
    | ^^^^^^^^^^^^^^^^^^^^^^^^^^^^^^^^^^^^^^^^^^^^^^^^^^
  3 | import { getAttributionPayload } from './analytics-source';
  4 |
  5 | declare global {

The export KEYS was not found in module [project]/src/lib/analytics-events.ts [app-client] (ecmascript).
The module has no exports at all.
All exports of the module are statically known (It doesn't have dynamic exports). So it's known statically that the requested export doesn't exist.

Import traces:
  #1 [Client Component Browser]:
    ./src/lib/analytics.ts [Client Component Browser]
    ./src/app/error.tsx [Client Component Browser]
    ./src/app/error.tsx [Server Component]

  #2 [Client Component Browser]:
    ./src/lib/analytics.ts [Client Component Browser]
    ./src/app/not-found.tsx [Client Component Browser]
    ./src/app/not-found.tsx [Server Component]

  #3 [Client Component SSR]:
    ./src/lib/analytics.ts [Client Component SSR]
    ./src/app/error.tsx [Client Component SSR]
    ./src/app/error.tsx [Server Component]

  #4 [Client Component SSR]:
    ./src/lib/analytics.ts [Client Component SSR]
    ./src/app/not-found.tsx [Client Component SSR]
    ./src/app/not-found.tsx [Server Component]

  #5 [Client Component Browser]:
    ./src/lib/analytics.ts [Client Component Browser]
    ./src/components/analytics/CookieConsentBanner.tsx [Client Component Browser]
    ./src/components/analytics/CookieConsentBanner.tsx [Server Component]
    ./src/app/layout.tsx [Server Component]

  #6 [Client Component SSR]:
    ./src/lib/analytics.ts [Client Component SSR]
    ./src/components/analytics/CookieConsentBanner.tsx [Client Component SSR]
    ./src/components/analytics/CookieConsentBanner.tsx [Server Component]
    ./src/app/layout.tsx [Server Component] @ http://localhost:3001/_next/static/chunks/node_modules_next_dist_0nzbwyu._.js:2081
[ 6126928ms] [ERROR] ./src/lib/analytics.ts:2:1
Export KEYS doesn't exist in target module
  1 | import Clarity from '@microsoft/clarity';
> 2 | import { EVENTS, KEYS } from './analytics-events';
    | ^^^^^^^^^^^^^^^^^^^^^^^^^^^^^^^^^^^^^^^^^^^^^^^^^^
  3 | import { getAttributionPayload } from './analytics-source';
  4 |
  5 | declare global {

The export KEYS was not found in module [project]/src/lib/analytics-events.ts [app-ssr] (ecmascript).
The module has no exports at all.
All exports of the module are statically known (It doesn't have dynamic exports). So it's known statically that the requested export doesn't exist.

Import traces:
  #1 [Client Component Browser]:
    ./src/lib/analytics.ts [Client Component Browser]
    ./src/app/error.tsx [Client Component Browser]
    ./src/app/error.tsx [Server Component]

  #2 [Client Component Browser]:
    ./src/lib/analytics.ts [Client Component Browser]
    ./src/app/not-found.tsx [Client Component Browser]
    ./src/app/not-found.tsx [Server Component]

  #3 [Client Component SSR]:
    ./src/lib/analytics.ts [Client Component SSR]
    ./src/app/error.tsx [Client Component SSR]
    ./src/app/error.tsx [Server Component]

  #4 [Client Component SSR]:
    ./src/lib/analytics.ts [Client Component SSR]
    ./src/app/not-found.tsx [Client Component SSR]
    ./src/app/not-found.tsx [Server Component]

  #5 [Client Component Browser]:
    ./src/lib/analytics.ts [Client Component Browser]
    ./src/components/analytics/CookieConsentBanner.tsx [Client Component Browser]
    ./src/components/analytics/CookieConsentBanner.tsx [Server Component]
    ./src/app/layout.tsx [Server Component]

  #6 [Client Component SSR]:
    ./src/lib/analytics.ts [Client Component SSR]
    ./src/components/analytics/CookieConsentBanner.tsx [Client Component SSR]
    ./src/components/analytics/CookieConsentBanner.tsx [Server Component]
    ./src/app/layout.tsx [Server Component] @ http://localhost:3001/_next/static/chunks/node_modules_next_dist_0nzbwyu._.js:2081
[ 6126928ms] [ERROR] ./src/components/shared/ScoreBar.tsx:3:1
Module not found: Can't resolve '@dangelopalladino/etf-core/ui-client'
  1 | // Phase 11: ScoreBar sourced from @dangelopalladino/etf-core.
  2 | 'use client';
> 3 | export { ScoreBar as default } from '@dangelopalladino/etf-core/ui-client';
    | ^^^^^^^^^^^^^^^^^^^^^^^^^^^^^^^^^^^^^^^^^^^^^^^^^^^^^^^^^^^^^^^^^^^^^^^^^^^
  4 |

Import traces:
  Client Component Browser:
    ./src/components/shared/ScoreBar.tsx [Client Component Browser]
    ./src/components/results/v2/ScoreDashboard.tsx [Client Component Browser]
    ./src/components/results/v2/ScoreDashboard.tsx [Server Component]
    ./src/app/results/page.tsx [Server Component]

  Client Component SSR:
    ./src/components/shared/ScoreBar.tsx [Client Component SSR]
    ./src/components/results/v2/ScoreDashboard.tsx [Client Component SSR]
    ./src/components/results/v2/ScoreDashboard.tsx [Server Component]
    ./src/app/results/page.tsx [Server Component]

https://nextjs.org/docs/messages/module-not-found @ http://localhost:3001/_next/static/chunks/node_modules_next_dist_0nzbwyu._.js:2081
[ 6126928ms] [ERROR] ./src/components/shared/StatusBadge.tsx:3:1
Module not found: Can't resolve '@dangelopalladino/etf-core/ui-client'
  1 | // Phase 11: StatusBadge sourced from @dangelopalladino/etf-core.
  2 | 'use client';
> 3 | export { StatusBadge as default } from '@dangelopalladino/etf-core/ui-client';
    | ^^^^^^^^^^^^^^^^^^^^^^^^^^^^^^^^^^^^^^^^^^^^^^^^^^^^^^^^^^^^^^^^^^^^^^^^^^^^^^
  4 |

Import traces:
  Client Component Browser:
    ./src/components/shared/StatusBadge.tsx [Client Component Browser]
    ./src/components/results/v2/CoreCodeArchetype.tsx [Client Component Browser]
    ./src/components/results/v2/CoreCodeArchetype.tsx [Server Component]
    ./src/app/results/page.tsx [Server Component]

  Client Component SSR:
    ./src/components/shared/StatusBadge.tsx [Client Component SSR]
    ./src/components/results/v2/CoreCodeArchetype.tsx [Client Component SSR]
    ./src/components/results/v2/CoreCodeArchetype.tsx [Server Component]
    ./src/app/results/page.tsx [Server Component]

https://nextjs.org/docs/messages/module-not-found @ http://localhost:3001/_next/static/chunks/node_modules_next_dist_0nzbwyu._.js:2081
[ 6126928ms] [ERROR] ./src/components/seo/BreadcrumbJsonLd.tsx:2:1
Module not found: Can't resolve '@dangelopalladino/etf-core/seo'
  1 | ...React from 'react';
> 2 | ...{ BreadcrumbJsonLd as Base, type BreadcrumbJsonLdProps } from '@dangelopalladino/etf-cor...
    |    ^^^^^^^^^^^^^^^^^^^^^^^^^^^^^^^^^^^^^^^^^^^^^^^^^^^^^^^^^^^^^^^^^^^^^^^^^^^^^^^^^^^^^^^^^^^
  3 | ...
  4 | ...ITE_URL = process.env.NEXT_PUBLIC_SITE_URL || 'https://www.6identities.com';
  5 | ...

Import trace:
  Server Component:
    ./src/components/seo/BreadcrumbJsonLd.tsx
    ./src/app/professionals/page.tsx

https://nextjs.org/docs/messages/module-not-found @ http://localhost:3001/_next/static/chunks/node_modules_next_dist_0nzbwyu._.js:2081
[ 6126928ms] [ERROR] ./src/components/shared/CtaSection.tsx:3:1
Module not found: Can't resolve '@dangelopalladino/etf-core/ui-client'
  1 | // Phase 11: CtaSection sourced from @dangelopalladino/etf-core.
  2 | 'use client';
> 3 | export { CtaSection as default } from '@dangelopalladino/etf-core/ui-client';
    | ^^^^^^^^^^^^^^^^^^^^^^^^^^^^^^^^^^^^^^^^^^^^^^^^^^^^^^^^^^^^^^^^^^^^^^^^^^^^^
  4 |

Import trace:
  Server Component:
    ./src/components/shared/CtaSection.tsx
    ./src/app/professionals/page.tsx

https://nextjs.org/docs/messages/module-not-found @ http://localhost:3001/_next/static/chunks/node_modules_next_dist_0nzbwyu._.js:2081
[ 6126988ms] [LOG] [Fast Refresh] rebuilding @ http://localhost:3001/_next/static/chunks/node_modules_next_dist_0nzbwyu._.js:1114
[ 6128767ms] [ERROR] ./src/app/layout.tsx:13:1
Module not found: Can't resolve '@dangelopalladino/etf-core/analytics'
  11 | import { AuthProvider } from "@/components/AuthProvider";
  12 | import PageviewTracker from "@/components/analytics/PageviewTracker";
> 13 | import { GA4Loader } from "@dangelopalladino/etf-core/analytics";
     | ^^^^^^^^^^^^^^^^^^^^^^^^^^^^^^^^^^^^^^^^^^^^^^^^^^^^^^^^^^^^^^^^^
  14 | import ClarityLoader from "@/components/analytics/ClarityLoader";
  15 | import ClarityIdentifier from "@/components/analytics/ClarityIdentifier";
  16 | import CookieConsentBanner from "@/components/analytics/CookieConsentBanner";

https://nextjs.org/docs/messages/module-not-found @ http://localhost:3001/_next/static/chunks/node_modules_next_dist_0nzbwyu._.js:2081
[ 6128767ms] [ERROR] ./src/lib/analytics-events.ts:2:1
Module not found: Can't resolve '@dangelopalladino/etf-core/analytics'
  1 | // Phase 11: analytics event catalog sourced from @dangelopalladino/etf-core.
> 2 | export * from '@dangelopalladino/etf-core/analytics';
    | ^^^^^^^^^^^^^^^^^^^^^^^^^^^^^^^^^^^^^^^^^^^^^^^^^^^^^
  3 |

Import traces:
  Client Component Browser:
    ./src/lib/analytics-events.ts [Client Component Browser]
    ./src/lib/analytics.ts [Client Component Browser]
    ./src/components/analytics/CookieConsentBanner.tsx [Client Component Browser]
    ./src/components/analytics/CookieConsentBanner.tsx [Server Component]
    ./src/app/layout.tsx [Server Component]

  Client Component SSR:
    ./src/lib/analytics-events.ts [Client Component SSR]
    ./src/lib/analytics.ts [Client Component SSR]
    ./src/components/analytics/CookieConsentBanner.tsx [Client Component SSR]
    ./src/components/analytics/CookieConsentBanner.tsx [Server Component]
    ./src/app/layout.tsx [Server Component]

https://nextjs.org/docs/messages/module-not-found @ http://localhost:3001/_next/static/chunks/node_modules_next_dist_0nzbwyu._.js:2081
[ 6128767ms] [ERROR] ./src/app/page.tsx:8:1
Module not found: Can't resolve '@dangelopalladino/etf-core/content'
   6 |   CrownOutlined,
   7 | } from '@ant-design/icons';
>  8 | import { getApprovedTestimonials } from '@dangelopalladino/etf-core/content';
     | ^^^^^^^^^^^^^^^^^^^^^^^^^^^^^^^^^^^^^^^^^^^^^^^^^^^^^^^^^^^^^^^^^^^^^^^^^^^^^
   9 | import { JsonLd } from '@/components/marketing/JsonLd';
  10 | import { LandingSectionExposure } from '@/components/analytics/SectionExposure';
  11 | import FeatureCard from '@/components/primitives/FeatureCard';

https://nextjs.org/docs/messages/module-not-found @ http://localhost:3001/_next/static/chunks/node_modules_next_dist_0nzbwyu._.js:2081
[ 6128768ms] [ERROR] ./src/lib/antd-theme.ts:35:1
Module not found: Can't resolve '@dangelopalladino/etf-core/tokens/6id'
  33 | export type { StatusType } from '@dangelopalladino/etf-core/tokens/6id';
  34 |
> 35 | import { themeConfig as etfCoreThemeConfig } from '@dangelopalladino/etf-core/tokens/6id';
     | ^^^^^^^^^^^^^^^^^^^^^^^^^^^^^^^^^^^^^^^^^^^^^^^^^^^^^^^^^^^^^^^^^^^^^^^^^^^^^^^^^^^^^^^^^^
  36 |
  37 | // Canonical 6i palette — v2 design system (navy + off-white + electric blue)
  38 | const CANONICAL_6I = {

Import traces:
  Client Component Browser:
    ./src/lib/antd-theme.ts [Client Component Browser]
    ./src/components/AntdProvider.tsx [Client Component Browser]
    ./src/components/AntdProvider.tsx [Server Component]
    ./src/app/layout.tsx [Server Component]

  Client Component SSR:
    ./src/lib/antd-theme.ts [Client Component SSR]
    ./src/components/AntdProvider.tsx [Client Component SSR]
    ./src/components/AntdProvider.tsx [Server Component]
    ./src/app/layout.tsx [Server Component]

https://nextjs.org/docs/messages/module-not-found @ http://localhost:3001/_next/static/chunks/node_modules_next_dist_0nzbwyu._.js:2081
[ 6128768ms] [ERROR] ./src/lib/brand-tokens.ts:5:1
Module not found: Can't resolve '@dangelopalladino/etf-core/tokens/6id'
   3 | // IDENTITY_COLORS is overridden here with v2 saturated palette; all other tokens
   4 | // forwarded from etf-core unchanged.
>  5 | export {
     | ^^^^^^^
>  6 |   BLUEPRINT_SHADOWS,
     | ^^^^^^^^^^^^^^^^^^^^
>  7 |   BORDER_TOKENS,
     | ^^^^^^^^^^^^^^^^
>  8 |   BRAND,
     | ^^^^^^^^
>  9 |   BRAND_GOLD,
     | ^^^^^^^^^^^^^
> 10 |   DARK_MODE_COLORS,
     | ^^^^^^^^^^^^^^^^^^^
> 11 |   HEADING_SCALE,
     | ^^^^^^^^^^^^^^^^
> 12 |   SCORE_COLORS,
     | ^^^^^^^^^^^^^^^
> 13 |   SHADOW_TOKENS,
     | ^^^^^^^^^^^^^^^^
> 14 |   STATUS_STYLES,
     | ^^^^^^^^^^^^^^^^
> 15 |   SURFACE_TOKENS,
     | ^^^^^^^^^^^^^^^^^
> 16 |   baseThemeConfig,
     | ^^^^^^^^^^^^^^^^^^
> 17 |   darkThemeConfig,
     | ^^^^^^^^^^^^^^^^^^
> 18 |   getScoreColor,
     | ^^^^^^^^^^^^^^^^
> 19 |   needsDarkTextOnBackground,
     | ^^^^^^^^^^^^^^^^^^^^^^^^^^^^
> 20 | } from '@dangelopalladino/etf-core/tokens/6id';
     | ^^^^^^^^^^^^^^^^^^^^^^^^^^^^^^^^^^^^^^^^^^^^^^^
  21 | export type { StatusType } from '@dangelopalladino/etf-core/tokens/6id';
  22 |
  23 | // v2 saturated identity palette — overrides etf-core pottery-glaze values.

Import traces:
  #1 [Server Component]:
    ./src/lib/brand-tokens.ts
    ./src/app/opengraph-image.tsx
    ./src/app/opengraph-image--metadata.js

  #2 [Server Component]:
    ./src/lib/brand-tokens.ts
    ./src/lib/type-profiles.ts
    ./src/app/page.tsx

https://nextjs.org/docs/messages/module-not-found @ http://localhost:3001/_next/static/chunks/node_modules_next_dist_0nzbwyu._.js:2081
[ 6128768ms] [ERROR] ./src/components/shared/BrandCta.tsx:3:1
Module not found: Can't resolve '@dangelopalladino/etf-core/ui-client'
  1 | // Phase 11: BrandCta sourced from @dangelopalladino/etf-core.
  2 | 'use client';
> 3 | export { BrandCta as default } from '@dangelopalladino/etf-core/ui-client';
    | ^^^^^^^^^^^^^^^^^^^^^^^^^^^^^^^^^^^^^^^^^^^^^^^^^^^^^^^^^^^^^^^^^^^^^^^^^^^
  4 |

Import traces:
  Server Component:
    ./src/components/shared/BrandCta.tsx
    ./src/app/page.tsx

  Client Component Browser:
    ./src/components/shared/BrandCta.tsx [Client Component Browser]
    ./src/app/not-found.tsx [Client Component Browser]
    ./src/app/not-found.tsx [Server Component]

  Client Component SSR:
    ./src/components/shared/BrandCta.tsx [Client Component SSR]
    ./src/app/not-found.tsx [Client Component SSR]
    ./src/app/not-found.tsx [Server Component]

https://nextjs.org/docs/messages/module-not-found @ http://localhost:3001/_next/static/chunks/node_modules_next_dist_0nzbwyu._.js:2081
[ 6128768ms] [ERROR] ./src/components/shared/SectionHeader.tsx:8:1
Module not found: Can't resolve '@dangelopalladino/etf-core/ui-client'
   6 |
   7 | import React from 'react';
>  8 | import { SectionHeader as CoreSectionHeader } from '@dangelopalladino/etf-core/ui-client';
     | ^^^^^^^^^^^^^^^^^^^^^^^^^^^^^^^^^^^^^^^^^^^^^^^^^^^^^^^^^^^^^^^^^^^^^^^^^^^^^^^^^^^^^^^^^^
   9 |
  10 | type CoreAlign = 'left' | 'center';
  11 |

Import trace:
  Server Component:
    ./src/components/shared/SectionHeader.tsx
    ./src/app/page.tsx

https://nextjs.org/docs/messages/module-not-found @ http://localhost:3001/_next/static/chunks/node_modules_next_dist_0nzbwyu._.js:2081
[ 6128768ms] [ERROR] ./src/components/shared/SectionWrapper.tsx:2:1
Module not found: Can't resolve '@dangelopalladino/etf-core/ui-server'
  1 | // Phase 11: server-safe SectionWrapper sourced from @dangelopalladino/etf-core.
> 2 | export { SectionWrapper as default } from '@dangelopalladino/etf-core/ui-server';
    | ^^^^^^^^^^^^^^^^^^^^^^^^^^^^^^^^^^^^^^^^^^^^^^^^^^^^^^^^^^^^^^^^^^^^^^^^^^^^^^^^^
  3 |

Import trace:
  Server Component:
    ./src/components/shared/SectionWrapper.tsx
    ./src/app/page.tsx

https://nextjs.org/docs/messages/module-not-found @ http://localhost:3001/_next/static/chunks/node_modules_next_dist_0nzbwyu._.js:2081
[ 6128768ms] [ERROR] ./src/components/shared/ServerTypography.tsx:6:1
Module not found: Can't resolve '@dangelopalladino/etf-core/ui-server'
  4 | ...e `text-foreground` (warm charcoal). We inject `text-foreground` before any caller-supplied
  5 | ...assName so the token wins even if callers explicitly pass `text-primary`.
> 6 | ...t { ServerHeading as _ServerHeading, ServerText } from '@dangelopalladino/etf-core/ui-se...
    |    ^^^^^^^^^^^^^^^^^^^^^^^^^^^^^^^^^^^^^^^^^^^^^^^^^^^^^^^^^^^^^^^^^^^^^^^^^^^^^^^^^^^^^^^^^^^
  7 | ...t type { ComponentProps } from 'react';
  8 | ...
  9 | ...t function ServerHeading({ className = '', ...props }: ComponentProps<typeof _ServerHead...

Import traces:
  Server Component:
    ./src/components/shared/ServerTypography.tsx
    ./src/app/page.tsx

  Client Component Browser:
    ./src/components/shared/ServerTypography.tsx [Client Component Browser]
    ./src/components/shared/PageHero.tsx [Client Component Browser]
    ./src/components/shared/PageHero.tsx [Server Component]
    ./src/app/page.tsx [Server Component]

  Client Component SSR:
    ./src/components/shared/ServerTypography.tsx [Client Component SSR]
    ./src/components/shared/PageHero.tsx [Client Component SSR]
    ./src/components/shared/PageHero.tsx [Server Component]
    ./src/app/page.tsx [Server Component]

https://nextjs.org/docs/messages/module-not-found @ http://localhost:3001/_next/static/chunks/node_modules_next_dist_0nzbwyu._.js:2081
[ 6128768ms] [ERROR] ./src/lib/analytics.ts:2:1
Export EVENTS doesn't exist in target module
  1 | import Clarity from '@microsoft/clarity';
> 2 | import { EVENTS, KEYS } from './analytics-events';
    | ^^^^^^^^^^^^^^^^^^^^^^^^^^^^^^^^^^^^^^^^^^^^^^^^^^
  3 | import { getAttributionPayload } from './analytics-source';
  4 |
  5 | declare global {

The export EVENTS was not found in module [project]/src/lib/analytics-events.ts [app-client] (ecmascript).
The module has no exports at all.
All exports of the module are statically known (It doesn't have dynamic exports). So it's known statically that the requested export doesn't exist.

Import traces:
  #1 [Client Component Browser]:
    ./src/lib/analytics.ts [Client Component Browser]
    ./src/app/error.tsx [Client Component Browser]
    ./src/app/error.tsx [Server Component]

  #2 [Client Component Browser]:
    ./src/lib/analytics.ts [Client Component Browser]
    ./src/app/not-found.tsx [Client Component Browser]
    ./src/app/not-found.tsx [Server Component]

  #3 [Client Component SSR]:
    ./src/lib/analytics.ts [Client Component SSR]
    ./src/app/error.tsx [Client Component SSR]
    ./src/app/error.tsx [Server Component]

  #4 [Client Component SSR]:
    ./src/lib/analytics.ts [Client Component SSR]
    ./src/app/not-found.tsx [Client Component SSR]
    ./src/app/not-found.tsx [Server Component]

  #5 [Client Component Browser]:
    ./src/lib/analytics.ts [Client Component Browser]
    ./src/components/analytics/CookieConsentBanner.tsx [Client Component Browser]
    ./src/components/analytics/CookieConsentBanner.tsx [Server Component]
    ./src/app/layout.tsx [Server Component]

  #6 [Client Component SSR]:
    ./src/lib/analytics.ts [Client Component SSR]
    ./src/components/analytics/CookieConsentBanner.tsx [Client Component SSR]
    ./src/components/analytics/CookieConsentBanner.tsx [Server Component]
    ./src/app/layout.tsx [Server Component] @ http://localhost:3001/_next/static/chunks/node_modules_next_dist_0nzbwyu._.js:2081
[ 6128768ms] [ERROR] ./src/lib/analytics.ts:2:1
Export EVENTS doesn't exist in target module
  1 | import Clarity from '@microsoft/clarity';
> 2 | import { EVENTS, KEYS } from './analytics-events';
    | ^^^^^^^^^^^^^^^^^^^^^^^^^^^^^^^^^^^^^^^^^^^^^^^^^^
  3 | import { getAttributionPayload } from './analytics-source';
  4 |
  5 | declare global {

The export EVENTS was not found in module [project]/src/lib/analytics-events.ts [app-ssr] (ecmascript).
The module has no exports at all.
All exports of the module are statically known (It doesn't have dynamic exports). So it's known statically that the requested export doesn't exist.

Import traces:
  #1 [Client Component Browser]:
    ./src/lib/analytics.ts [Client Component Browser]
    ./src/app/error.tsx [Client Component Browser]
    ./src/app/error.tsx [Server Component]

  #2 [Client Component Browser]:
    ./src/lib/analytics.ts [Client Component Browser]
    ./src/app/not-found.tsx [Client Component Browser]
    ./src/app/not-found.tsx [Server Component]

  #3 [Client Component SSR]:
    ./src/lib/analytics.ts [Client Component SSR]
    ./src/app/error.tsx [Client Component SSR]
    ./src/app/error.tsx [Server Component]

  #4 [Client Component SSR]:
    ./src/lib/analytics.ts [Client Component SSR]
    ./src/app/not-found.tsx [Client Component SSR]
    ./src/app/not-found.tsx [Server Component]

  #5 [Client Component Browser]:
    ./src/lib/analytics.ts [Client Component Browser]
    ./src/components/analytics/CookieConsentBanner.tsx [Client Component Browser]
    ./src/components/analytics/CookieConsentBanner.tsx [Server Component]
    ./src/app/layout.tsx [Server Component]

  #6 [Client Component SSR]:
    ./src/lib/analytics.ts [Client Component SSR]
    ./src/components/analytics/CookieConsentBanner.tsx [Client Component SSR]
    ./src/components/analytics/CookieConsentBanner.tsx [Server Component]
    ./src/app/layout.tsx [Server Component] @ http://localhost:3001/_next/static/chunks/node_modules_next_dist_0nzbwyu._.js:2081
[ 6128768ms] [ERROR] ./src/lib/analytics.ts:2:1
Export KEYS doesn't exist in target module
  1 | import Clarity from '@microsoft/clarity';
> 2 | import { EVENTS, KEYS } from './analytics-events';
    | ^^^^^^^^^^^^^^^^^^^^^^^^^^^^^^^^^^^^^^^^^^^^^^^^^^
  3 | import { getAttributionPayload } from './analytics-source';
  4 |
  5 | declare global {

The export KEYS was not found in module [project]/src/lib/analytics-events.ts [app-client] (ecmascript).
The module has no exports at all.
All exports of the module are statically known (It doesn't have dynamic exports). So it's known statically that the requested export doesn't exist.

Import traces:
  #1 [Client Component Browser]:
    ./src/lib/analytics.ts [Client Component Browser]
    ./src/app/error.tsx [Client Component Browser]
    ./src/app/error.tsx [Server Component]

  #2 [Client Component Browser]:
    ./src/lib/analytics.ts [Client Component Browser]
    ./src/app/not-found.tsx [Client Component Browser]
    ./src/app/not-found.tsx [Server Component]

  #3 [Client Component SSR]:
    ./src/lib/analytics.ts [Client Component SSR]
    ./src/app/error.tsx [Client Component SSR]
    ./src/app/error.tsx [Server Component]

  #4 [Client Component SSR]:
    ./src/lib/analytics.ts [Client Component SSR]
    ./src/app/not-found.tsx [Client Component SSR]
    ./src/app/not-found.tsx [Server Component]

  #5 [Client Component Browser]:
    ./src/lib/analytics.ts [Client Component Browser]
    ./src/components/analytics/CookieConsentBanner.tsx [Client Component Browser]
    ./src/components/analytics/CookieConsentBanner.tsx [Server Component]
    ./src/app/layout.tsx [Server Component]

  #6 [Client Component SSR]:
    ./src/lib/analytics.ts [Client Component SSR]
    ./src/components/analytics/CookieConsentBanner.tsx [Client Component SSR]
    ./src/components/analytics/CookieConsentBanner.tsx [Server Component]
    ./src/app/layout.tsx [Server Component] @ http://localhost:3001/_next/static/chunks/node_modules_next_dist_0nzbwyu._.js:2081
[ 6128768ms] [ERROR] ./src/lib/analytics.ts:2:1
Export KEYS doesn't exist in target module
  1 | import Clarity from '@microsoft/clarity';
> 2 | import { EVENTS, KEYS } from './analytics-events';
    | ^^^^^^^^^^^^^^^^^^^^^^^^^^^^^^^^^^^^^^^^^^^^^^^^^^
  3 | import { getAttributionPayload } from './analytics-source';
  4 |
  5 | declare global {

The export KEYS was not found in module [project]/src/lib/analytics-events.ts [app-ssr] (ecmascript).
The module has no exports at all.
All exports of the module are statically known (It doesn't have dynamic exports). So it's known statically that the requested export doesn't exist.

Import traces:
  #1 [Client Component Browser]:
    ./src/lib/analytics.ts [Client Component Browser]
    ./src/app/error.tsx [Client Component Browser]
    ./src/app/error.tsx [Server Component]

  #2 [Client Component Browser]:
    ./src/lib/analytics.ts [Client Component Browser]
    ./src/app/not-found.tsx [Client Component Browser]
    ./src/app/not-found.tsx [Server Component]

  #3 [Client Component SSR]:
    ./src/lib/analytics.ts [Client Component SSR]
    ./src/app/error.tsx [Client Component SSR]
    ./src/app/error.tsx [Server Component]

  #4 [Client Component SSR]:
    ./src/lib/analytics.ts [Client Component SSR]
    ./src/app/not-found.tsx [Client Component SSR]
    ./src/app/not-found.tsx [Server Component]

  #5 [Client Component Browser]:
    ./src/lib/analytics.ts [Client Component Browser]
    ./src/components/analytics/CookieConsentBanner.tsx [Client Component Browser]
    ./src/components/analytics/CookieConsentBanner.tsx [Server Component]
    ./src/app/layout.tsx [Server Component]

  #6 [Client Component SSR]:
    ./src/lib/analytics.ts [Client Component SSR]
    ./src/components/analytics/CookieConsentBanner.tsx [Client Component SSR]
    ./src/components/analytics/CookieConsentBanner.tsx [Server Component]
    ./src/app/layout.tsx [Server Component] @ http://localhost:3001/_next/static/chunks/node_modules_next_dist_0nzbwyu._.js:2081
[ 6128768ms] [ERROR] ./src/components/shared/ScoreBar.tsx:3:1
Module not found: Can't resolve '@dangelopalladino/etf-core/ui-client'
  1 | // Phase 11: ScoreBar sourced from @dangelopalladino/etf-core.
  2 | 'use client';
> 3 | export { ScoreBar as default } from '@dangelopalladino/etf-core/ui-client';
    | ^^^^^^^^^^^^^^^^^^^^^^^^^^^^^^^^^^^^^^^^^^^^^^^^^^^^^^^^^^^^^^^^^^^^^^^^^^^
  4 |

Import traces:
  Client Component Browser:
    ./src/components/shared/ScoreBar.tsx [Client Component Browser]
    ./src/components/results/v2/ScoreDashboard.tsx [Client Component Browser]
    ./src/components/results/v2/ScoreDashboard.tsx [Server Component]
    ./src/app/results/page.tsx [Server Component]

  Client Component SSR:
    ./src/components/shared/ScoreBar.tsx [Client Component SSR]
    ./src/components/results/v2/ScoreDashboard.tsx [Client Component SSR]
    ./src/components/results/v2/ScoreDashboard.tsx [Server Component]
    ./src/app/results/page.tsx [Server Component]

https://nextjs.org/docs/messages/module-not-found @ http://localhost:3001/_next/static/chunks/node_modules_next_dist_0nzbwyu._.js:2081
[ 6128768ms] [ERROR] ./src/components/shared/StatusBadge.tsx:3:1
Module not found: Can't resolve '@dangelopalladino/etf-core/ui-client'
  1 | // Phase 11: StatusBadge sourced from @dangelopalladino/etf-core.
  2 | 'use client';
> 3 | export { StatusBadge as default } from '@dangelopalladino/etf-core/ui-client';
    | ^^^^^^^^^^^^^^^^^^^^^^^^^^^^^^^^^^^^^^^^^^^^^^^^^^^^^^^^^^^^^^^^^^^^^^^^^^^^^^
  4 |

Import traces:
  Client Component Browser:
    ./src/components/shared/StatusBadge.tsx [Client Component Browser]
    ./src/components/results/v2/CoreCodeArchetype.tsx [Client Component Browser]
    ./src/components/results/v2/CoreCodeArchetype.tsx [Server Component]
    ./src/app/results/page.tsx [Server Component]

  Client Component SSR:
    ./src/components/shared/StatusBadge.tsx [Client Component SSR]
    ./src/components/results/v2/CoreCodeArchetype.tsx [Client Component SSR]
    ./src/components/results/v2/CoreCodeArchetype.tsx [Server Component]
    ./src/app/results/page.tsx [Server Component]

https://nextjs.org/docs/messages/module-not-found @ http://localhost:3001/_next/static/chunks/node_modules_next_dist_0nzbwyu._.js:2081
[ 6128768ms] [ERROR] ./src/components/seo/BreadcrumbJsonLd.tsx:2:1
Module not found: Can't resolve '@dangelopalladino/etf-core/seo'
  1 | ...React from 'react';
> 2 | ...{ BreadcrumbJsonLd as Base, type BreadcrumbJsonLdProps } from '@dangelopalladino/etf-cor...
    |    ^^^^^^^^^^^^^^^^^^^^^^^^^^^^^^^^^^^^^^^^^^^^^^^^^^^^^^^^^^^^^^^^^^^^^^^^^^^^^^^^^^^^^^^^^^^
  3 | ...
  4 | ...ITE_URL = process.env.NEXT_PUBLIC_SITE_URL || 'https://www.6identities.com';
  5 | ...

Import trace:
  Server Component:
    ./src/components/seo/BreadcrumbJsonLd.tsx
    ./src/app/professionals/page.tsx

https://nextjs.org/docs/messages/module-not-found @ http://localhost:3001/_next/static/chunks/node_modules_next_dist_0nzbwyu._.js:2081
[ 6128768ms] [ERROR] ./src/components/shared/CtaSection.tsx:3:1
Module not found: Can't resolve '@dangelopalladino/etf-core/ui-client'
  1 | // Phase 11: CtaSection sourced from @dangelopalladino/etf-core.
  2 | 'use client';
> 3 | export { CtaSection as default } from '@dangelopalladino/etf-core/ui-client';
    | ^^^^^^^^^^^^^^^^^^^^^^^^^^^^^^^^^^^^^^^^^^^^^^^^^^^^^^^^^^^^^^^^^^^^^^^^^^^^^
  4 |

Import trace:
  Server Component:
    ./src/components/shared/CtaSection.tsx
    ./src/app/professionals/page.tsx

https://nextjs.org/docs/messages/module-not-found @ http://localhost:3001/_next/static/chunks/node_modules_next_dist_0nzbwyu._.js:2081
[ 6128871ms] [LOG] [Fast Refresh] rebuilding @ http://localhost:3001/_next/static/chunks/node_modules_next_dist_0nzbwyu._.js:1114
[ 6128888ms] [ERROR] ./src/app/layout.tsx:13:1
Module not found: Can't resolve '@dangelopalladino/etf-core/analytics'
  11 | import { AuthProvider } from "@/components/AuthProvider";
  12 | import PageviewTracker from "@/components/analytics/PageviewTracker";
> 13 | import { GA4Loader } from "@dangelopalladino/etf-core/analytics";
     | ^^^^^^^^^^^^^^^^^^^^^^^^^^^^^^^^^^^^^^^^^^^^^^^^^^^^^^^^^^^^^^^^^
  14 | import ClarityLoader from "@/components/analytics/ClarityLoader";
  15 | import ClarityIdentifier from "@/components/analytics/ClarityIdentifier";
  16 | import CookieConsentBanner from "@/components/analytics/CookieConsentBanner";

https://nextjs.org/docs/messages/module-not-found @ http://localhost:3001/_next/static/chunks/node_modules_next_dist_0nzbwyu._.js:2081
[ 6128889ms] [ERROR] ./src/lib/analytics-events.ts:2:1
Module not found: Can't resolve '@dangelopalladino/etf-core/analytics'
  1 | // Phase 11: analytics event catalog sourced from @dangelopalladino/etf-core.
> 2 | export * from '@dangelopalladino/etf-core/analytics';
    | ^^^^^^^^^^^^^^^^^^^^^^^^^^^^^^^^^^^^^^^^^^^^^^^^^^^^^
  3 |

Import traces:
  Client Component Browser:
    ./src/lib/analytics-events.ts [Client Component Browser]
    ./src/lib/analytics.ts [Client Component Browser]
    ./src/components/analytics/CookieConsentBanner.tsx [Client Component Browser]
    ./src/components/analytics/CookieConsentBanner.tsx [Server Component]
    ./src/app/layout.tsx [Server Component]

  Client Component SSR:
    ./src/lib/analytics-events.ts [Client Component SSR]
    ./src/lib/analytics.ts [Client Component SSR]
    ./src/components/analytics/CookieConsentBanner.tsx [Client Component SSR]
    ./src/components/analytics/CookieConsentBanner.tsx [Server Component]
    ./src/app/layout.tsx [Server Component]

https://nextjs.org/docs/messages/module-not-found @ http://localhost:3001/_next/static/chunks/node_modules_next_dist_0nzbwyu._.js:2081
[ 6128889ms] [ERROR] ./src/app/page.tsx:8:1
Module not found: Can't resolve '@dangelopalladino/etf-core/content'
   6 |   CrownOutlined,
   7 | } from '@ant-design/icons';
>  8 | import { getApprovedTestimonials } from '@dangelopalladino/etf-core/content';
     | ^^^^^^^^^^^^^^^^^^^^^^^^^^^^^^^^^^^^^^^^^^^^^^^^^^^^^^^^^^^^^^^^^^^^^^^^^^^^^
   9 | import { JsonLd } from '@/components/marketing/JsonLd';
  10 | import { LandingSectionExposure } from '@/components/analytics/SectionExposure';
  11 | import FeatureCard from '@/components/primitives/FeatureCard';

https://nextjs.org/docs/messages/module-not-found @ http://localhost:3001/_next/static/chunks/node_modules_next_dist_0nzbwyu._.js:2081
[ 6128889ms] [ERROR] ./src/lib/antd-theme.ts:35:1
Module not found: Can't resolve '@dangelopalladino/etf-core/tokens/6id'
  33 | export type { StatusType } from '@dangelopalladino/etf-core/tokens/6id';
  34 |
> 35 | import { themeConfig as etfCoreThemeConfig } from '@dangelopalladino/etf-core/tokens/6id';
     | ^^^^^^^^^^^^^^^^^^^^^^^^^^^^^^^^^^^^^^^^^^^^^^^^^^^^^^^^^^^^^^^^^^^^^^^^^^^^^^^^^^^^^^^^^^
  36 |
  37 | // Canonical 6i palette — v2 design system (navy + off-white + electric blue)
  38 | const CANONICAL_6I = {

Import traces:
  Client Component Browser:
    ./src/lib/antd-theme.ts [Client Component Browser]
    ./src/components/AntdProvider.tsx [Client Component Browser]
    ./src/components/AntdProvider.tsx [Server Component]
    ./src/app/layout.tsx [Server Component]

  Client Component SSR:
    ./src/lib/antd-theme.ts [Client Component SSR]
    ./src/components/AntdProvider.tsx [Client Component SSR]
    ./src/components/AntdProvider.tsx [Server Component]
    ./src/app/layout.tsx [Server Component]

https://nextjs.org/docs/messages/module-not-found @ http://localhost:3001/_next/static/chunks/node_modules_next_dist_0nzbwyu._.js:2081
[ 6128889ms] [ERROR] ./src/lib/brand-tokens.ts:5:1
Module not found: Can't resolve '@dangelopalladino/etf-core/tokens/6id'
   3 | // IDENTITY_COLORS is overridden here with v2 saturated palette; all other tokens
   4 | // forwarded from etf-core unchanged.
>  5 | export {
     | ^^^^^^^
>  6 |   BLUEPRINT_SHADOWS,
     | ^^^^^^^^^^^^^^^^^^^^
>  7 |   BORDER_TOKENS,
     | ^^^^^^^^^^^^^^^^
>  8 |   BRAND,
     | ^^^^^^^^
>  9 |   BRAND_GOLD,
     | ^^^^^^^^^^^^^
> 10 |   DARK_MODE_COLORS,
     | ^^^^^^^^^^^^^^^^^^^
> 11 |   HEADING_SCALE,
     | ^^^^^^^^^^^^^^^^
> 12 |   SCORE_COLORS,
     | ^^^^^^^^^^^^^^^
> 13 |   SHADOW_TOKENS,
     | ^^^^^^^^^^^^^^^^
> 14 |   STATUS_STYLES,
     | ^^^^^^^^^^^^^^^^
> 15 |   SURFACE_TOKENS,
     | ^^^^^^^^^^^^^^^^^
> 16 |   baseThemeConfig,
     | ^^^^^^^^^^^^^^^^^^
> 17 |   darkThemeConfig,
     | ^^^^^^^^^^^^^^^^^^
> 18 |   getScoreColor,
     | ^^^^^^^^^^^^^^^^
> 19 |   needsDarkTextOnBackground,
     | ^^^^^^^^^^^^^^^^^^^^^^^^^^^^
> 20 | } from '@dangelopalladino/etf-core/tokens/6id';
     | ^^^^^^^^^^^^^^^^^^^^^^^^^^^^^^^^^^^^^^^^^^^^^^^
  21 | export type { StatusType } from '@dangelopalladino/etf-core/tokens/6id';
  22 |
  23 | // v2 saturated identity palette — overrides etf-core pottery-glaze values.

Import traces:
  #1 [Server Component]:
    ./src/lib/brand-tokens.ts
    ./src/app/opengraph-image.tsx
    ./src/app/opengraph-image--metadata.js

  #2 [Server Component]:
    ./src/lib/brand-tokens.ts
    ./src/lib/type-profiles.ts
    ./src/app/page.tsx

https://nextjs.org/docs/messages/module-not-found @ http://localhost:3001/_next/static/chunks/node_modules_next_dist_0nzbwyu._.js:2081
[ 6128889ms] [ERROR] ./src/components/shared/BrandCta.tsx:3:1
Module not found: Can't resolve '@dangelopalladino/etf-core/ui-client'
  1 | // Phase 11: BrandCta sourced from @dangelopalladino/etf-core.
  2 | 'use client';
> 3 | export { BrandCta as default } from '@dangelopalladino/etf-core/ui-client';
    | ^^^^^^^^^^^^^^^^^^^^^^^^^^^^^^^^^^^^^^^^^^^^^^^^^^^^^^^^^^^^^^^^^^^^^^^^^^^
  4 |

Import traces:
  Server Component:
    ./src/components/shared/BrandCta.tsx
    ./src/app/page.tsx

  Client Component Browser:
    ./src/components/shared/BrandCta.tsx [Client Component Browser]
    ./src/app/not-found.tsx [Client Component Browser]
    ./src/app/not-found.tsx [Server Component]

  Client Component SSR:
    ./src/components/shared/BrandCta.tsx [Client Component SSR]
    ./src/app/not-found.tsx [Client Component SSR]
    ./src/app/not-found.tsx [Server Component]

https://nextjs.org/docs/messages/module-not-found @ http://localhost:3001/_next/static/chunks/node_modules_next_dist_0nzbwyu._.js:2081
[ 6128889ms] [ERROR] ./src/components/shared/SectionHeader.tsx:8:1
Module not found: Can't resolve '@dangelopalladino/etf-core/ui-client'
   6 |
   7 | import React from 'react';
>  8 | import { SectionHeader as CoreSectionHeader } from '@dangelopalladino/etf-core/ui-client';
     | ^^^^^^^^^^^^^^^^^^^^^^^^^^^^^^^^^^^^^^^^^^^^^^^^^^^^^^^^^^^^^^^^^^^^^^^^^^^^^^^^^^^^^^^^^^
   9 |
  10 | type CoreAlign = 'left' | 'center';
  11 |

Import trace:
  Server Component:
    ./src/components/shared/SectionHeader.tsx
    ./src/app/page.tsx

https://nextjs.org/docs/messages/module-not-found @ http://localhost:3001/_next/static/chunks/node_modules_next_dist_0nzbwyu._.js:2081
[ 6128889ms] [ERROR] ./src/components/shared/SectionWrapper.tsx:2:1
Module not found: Can't resolve '@dangelopalladino/etf-core/ui-server'
  1 | // Phase 11: server-safe SectionWrapper sourced from @dangelopalladino/etf-core.
> 2 | export { SectionWrapper as default } from '@dangelopalladino/etf-core/ui-server';
    | ^^^^^^^^^^^^^^^^^^^^^^^^^^^^^^^^^^^^^^^^^^^^^^^^^^^^^^^^^^^^^^^^^^^^^^^^^^^^^^^^^
  3 |

Import trace:
  Server Component:
    ./src/components/shared/SectionWrapper.tsx
    ./src/app/page.tsx

https://nextjs.org/docs/messages/module-not-found @ http://localhost:3001/_next/static/chunks/node_modules_next_dist_0nzbwyu._.js:2081
[ 6128889ms] [ERROR] ./src/components/shared/ServerTypography.tsx:6:1
Module not found: Can't resolve '@dangelopalladino/etf-core/ui-server'
  4 | ...e `text-foreground` (warm charcoal). We inject `text-foreground` before any caller-supplied
  5 | ...assName so the token wins even if callers explicitly pass `text-primary`.
> 6 | ...t { ServerHeading as _ServerHeading, ServerText } from '@dangelopalladino/etf-core/ui-se...
    |    ^^^^^^^^^^^^^^^^^^^^^^^^^^^^^^^^^^^^^^^^^^^^^^^^^^^^^^^^^^^^^^^^^^^^^^^^^^^^^^^^^^^^^^^^^^^
  7 | ...t type { ComponentProps } from 'react';
  8 | ...
  9 | ...t function ServerHeading({ className = '', ...props }: ComponentProps<typeof _ServerHead...

Import traces:
  Server Component:
    ./src/components/shared/ServerTypography.tsx
    ./src/app/page.tsx

  Client Component Browser:
    ./src/components/shared/ServerTypography.tsx [Client Component Browser]
    ./src/components/shared/PageHero.tsx [Client Component Browser]
    ./src/components/shared/PageHero.tsx [Server Component]
    ./src/app/page.tsx [Server Component]

  Client Component SSR:
    ./src/components/shared/ServerTypography.tsx [Client Component SSR]
    ./src/components/shared/PageHero.tsx [Client Component SSR]
    ./src/components/shared/PageHero.tsx [Server Component]
    ./src/app/page.tsx [Server Component]

https://nextjs.org/docs/messages/module-not-found @ http://localhost:3001/_next/static/chunks/node_modules_next_dist_0nzbwyu._.js:2081
[ 6128889ms] [ERROR] ./src/lib/analytics.ts:2:1
Export EVENTS doesn't exist in target module
  1 | import Clarity from '@microsoft/clarity';
> 2 | import { EVENTS, KEYS } from './analytics-events';
    | ^^^^^^^^^^^^^^^^^^^^^^^^^^^^^^^^^^^^^^^^^^^^^^^^^^
  3 | import { getAttributionPayload } from './analytics-source';
  4 |
  5 | declare global {

The export EVENTS was not found in module [project]/src/lib/analytics-events.ts [app-client] (ecmascript).
The module has no exports at all.
All exports of the module are statically known (It doesn't have dynamic exports). So it's known statically that the requested export doesn't exist.

Import traces:
  #1 [Client Component Browser]:
    ./src/lib/analytics.ts [Client Component Browser]
    ./src/app/error.tsx [Client Component Browser]
    ./src/app/error.tsx [Server Component]

  #2 [Client Component Browser]:
    ./src/lib/analytics.ts [Client Component Browser]
    ./src/app/not-found.tsx [Client Component Browser]
    ./src/app/not-found.tsx [Server Component]

  #3 [Client Component SSR]:
    ./src/lib/analytics.ts [Client Component SSR]
    ./src/app/error.tsx [Client Component SSR]
    ./src/app/error.tsx [Server Component]

  #4 [Client Component SSR]:
    ./src/lib/analytics.ts [Client Component SSR]
    ./src/app/not-found.tsx [Client Component SSR]
    ./src/app/not-found.tsx [Server Component]

  #5 [Client Component Browser]:
    ./src/lib/analytics.ts [Client Component Browser]
    ./src/components/analytics/CookieConsentBanner.tsx [Client Component Browser]
    ./src/components/analytics/CookieConsentBanner.tsx [Server Component]
    ./src/app/layout.tsx [Server Component]

  #6 [Client Component SSR]:
    ./src/lib/analytics.ts [Client Component SSR]
    ./src/components/analytics/CookieConsentBanner.tsx [Client Component SSR]
    ./src/components/analytics/CookieConsentBanner.tsx [Server Component]
    ./src/app/layout.tsx [Server Component] @ http://localhost:3001/_next/static/chunks/node_modules_next_dist_0nzbwyu._.js:2081
[ 6128889ms] [ERROR] ./src/lib/analytics.ts:2:1
Export EVENTS doesn't exist in target module
  1 | import Clarity from '@microsoft/clarity';
> 2 | import { EVENTS, KEYS } from './analytics-events';
    | ^^^^^^^^^^^^^^^^^^^^^^^^^^^^^^^^^^^^^^^^^^^^^^^^^^
  3 | import { getAttributionPayload } from './analytics-source';
  4 |
  5 | declare global {

The export EVENTS was not found in module [project]/src/lib/analytics-events.ts [app-ssr] (ecmascript).
The module has no exports at all.
All exports of the module are statically known (It doesn't have dynamic exports). So it's known statically that the requested export doesn't exist.

Import traces:
  #1 [Client Component Browser]:
    ./src/lib/analytics.ts [Client Component Browser]
    ./src/app/error.tsx [Client Component Browser]
    ./src/app/error.tsx [Server Component]

  #2 [Client Component Browser]:
    ./src/lib/analytics.ts [Client Component Browser]
    ./src/app/not-found.tsx [Client Component Browser]
    ./src/app/not-found.tsx [Server Component]

  #3 [Client Component SSR]:
    ./src/lib/analytics.ts [Client Component SSR]
    ./src/app/error.tsx [Client Component SSR]
    ./src/app/error.tsx [Server Component]

  #4 [Client Component SSR]:
    ./src/lib/analytics.ts [Client Component SSR]
    ./src/app/not-found.tsx [Client Component SSR]
    ./src/app/not-found.tsx [Server Component]

  #5 [Client Component Browser]:
    ./src/lib/analytics.ts [Client Component Browser]
    ./src/components/analytics/CookieConsentBanner.tsx [Client Component Browser]
    ./src/components/analytics/CookieConsentBanner.tsx [Server Component]
    ./src/app/layout.tsx [Server Component]

  #6 [Client Component SSR]:
    ./src/lib/analytics.ts [Client Component SSR]
    ./src/components/analytics/CookieConsentBanner.tsx [Client Component SSR]
    ./src/components/analytics/CookieConsentBanner.tsx [Server Component]
    ./src/app/layout.tsx [Server Component] @ http://localhost:3001/_next/static/chunks/node_modules_next_dist_0nzbwyu._.js:2081
[ 6128889ms] [ERROR] ./src/lib/analytics.ts:2:1
Export KEYS doesn't exist in target module
  1 | import Clarity from '@microsoft/clarity';
> 2 | import { EVENTS, KEYS } from './analytics-events';
    | ^^^^^^^^^^^^^^^^^^^^^^^^^^^^^^^^^^^^^^^^^^^^^^^^^^
  3 | import { getAttributionPayload } from './analytics-source';
  4 |
  5 | declare global {

The export KEYS was not found in module [project]/src/lib/analytics-events.ts [app-client] (ecmascript).
The module has no exports at all.
All exports of the module are statically known (It doesn't have dynamic exports). So it's known statically that the requested export doesn't exist.

Import traces:
  #1 [Client Component Browser]:
    ./src/lib/analytics.ts [Client Component Browser]
    ./src/app/error.tsx [Client Component Browser]
    ./src/app/error.tsx [Server Component]

  #2 [Client Component Browser]:
    ./src/lib/analytics.ts [Client Component Browser]
    ./src/app/not-found.tsx [Client Component Browser]
    ./src/app/not-found.tsx [Server Component]

  #3 [Client Component SSR]:
    ./src/lib/analytics.ts [Client Component SSR]
    ./src/app/error.tsx [Client Component SSR]
    ./src/app/error.tsx [Server Component]

  #4 [Client Component SSR]:
    ./src/lib/analytics.ts [Client Component SSR]
    ./src/app/not-found.tsx [Client Component SSR]
    ./src/app/not-found.tsx [Server Component]

  #5 [Client Component Browser]:
    ./src/lib/analytics.ts [Client Component Browser]
    ./src/components/analytics/CookieConsentBanner.tsx [Client Component Browser]
    ./src/components/analytics/CookieConsentBanner.tsx [Server Component]
    ./src/app/layout.tsx [Server Component]

  #6 [Client Component SSR]:
    ./src/lib/analytics.ts [Client Component SSR]
    ./src/components/analytics/CookieConsentBanner.tsx [Client Component SSR]
    ./src/components/analytics/CookieConsentBanner.tsx [Server Component]
    ./src/app/layout.tsx [Server Component] @ http://localhost:3001/_next/static/chunks/node_modules_next_dist_0nzbwyu._.js:2081
[ 6128889ms] [ERROR] ./src/lib/analytics.ts:2:1
Export KEYS doesn't exist in target module
  1 | import Clarity from '@microsoft/clarity';
> 2 | import { EVENTS, KEYS } from './analytics-events';
    | ^^^^^^^^^^^^^^^^^^^^^^^^^^^^^^^^^^^^^^^^^^^^^^^^^^
  3 | import { getAttributionPayload } from './analytics-source';
  4 |
  5 | declare global {

The export KEYS was not found in module [project]/src/lib/analytics-events.ts [app-ssr] (ecmascript).
The module has no exports at all.
All exports of the module are statically known (It doesn't have dynamic exports). So it's known statically that the requested export doesn't exist.

Import traces:
  #1 [Client Component Browser]:
    ./src/lib/analytics.ts [Client Component Browser]
    ./src/app/error.tsx [Client Component Browser]
    ./src/app/error.tsx [Server Component]

  #2 [Client Component Browser]:
    ./src/lib/analytics.ts [Client Component Browser]
    ./src/app/not-found.tsx [Client Component Browser]
    ./src/app/not-found.tsx [Server Component]

  #3 [Client Component SSR]:
    ./src/lib/analytics.ts [Client Component SSR]
    ./src/app/error.tsx [Client Component SSR]
    ./src/app/error.tsx [Server Component]

  #4 [Client Component SSR]:
    ./src/lib/analytics.ts [Client Component SSR]
    ./src/app/not-found.tsx [Client Component SSR]
    ./src/app/not-found.tsx [Server Component]

  #5 [Client Component Browser]:
    ./src/lib/analytics.ts [Client Component Browser]
    ./src/components/analytics/CookieConsentBanner.tsx [Client Component Browser]
    ./src/components/analytics/CookieConsentBanner.tsx [Server Component]
    ./src/app/layout.tsx [Server Component]

  #6 [Client Component SSR]:
    ./src/lib/analytics.ts [Client Component SSR]
    ./src/components/analytics/CookieConsentBanner.tsx [Client Component SSR]
    ./src/components/analytics/CookieConsentBanner.tsx [Server Component]
    ./src/app/layout.tsx [Server Component] @ http://localhost:3001/_next/static/chunks/node_modules_next_dist_0nzbwyu._.js:2081
[ 6128890ms] [ERROR] ./src/components/shared/ScoreBar.tsx:3:1
Module not found: Can't resolve '@dangelopalladino/etf-core/ui-client'
  1 | // Phase 11: ScoreBar sourced from @dangelopalladino/etf-core.
  2 | 'use client';
> 3 | export { ScoreBar as default } from '@dangelopalladino/etf-core/ui-client';
    | ^^^^^^^^^^^^^^^^^^^^^^^^^^^^^^^^^^^^^^^^^^^^^^^^^^^^^^^^^^^^^^^^^^^^^^^^^^^
  4 |

Import traces:
  Client Component Browser:
    ./src/components/shared/ScoreBar.tsx [Client Component Browser]
    ./src/components/results/v2/ScoreDashboard.tsx [Client Component Browser]
    ./src/components/results/v2/ScoreDashboard.tsx [Server Component]
    ./src/app/results/page.tsx [Server Component]

  Client Component SSR:
    ./src/components/shared/ScoreBar.tsx [Client Component SSR]
    ./src/components/results/v2/ScoreDashboard.tsx [Client Component SSR]
    ./src/components/results/v2/ScoreDashboard.tsx [Server Component]
    ./src/app/results/page.tsx [Server Component]

https://nextjs.org/docs/messages/module-not-found @ http://localhost:3001/_next/static/chunks/node_modules_next_dist_0nzbwyu._.js:2081
[ 6128890ms] [ERROR] ./src/components/shared/StatusBadge.tsx:3:1
Module not found: Can't resolve '@dangelopalladino/etf-core/ui-client'
  1 | // Phase 11: StatusBadge sourced from @dangelopalladino/etf-core.
  2 | 'use client';
> 3 | export { StatusBadge as default } from '@dangelopalladino/etf-core/ui-client';
    | ^^^^^^^^^^^^^^^^^^^^^^^^^^^^^^^^^^^^^^^^^^^^^^^^^^^^^^^^^^^^^^^^^^^^^^^^^^^^^^
  4 |

Import traces:
  Client Component Browser:
    ./src/components/shared/StatusBadge.tsx [Client Component Browser]
    ./src/components/results/v2/CoreCodeArchetype.tsx [Client Component Browser]
    ./src/components/results/v2/CoreCodeArchetype.tsx [Server Component]
    ./src/app/results/page.tsx [Server Component]

  Client Component SSR:
    ./src/components/shared/StatusBadge.tsx [Client Component SSR]
    ./src/components/results/v2/CoreCodeArchetype.tsx [Client Component SSR]
    ./src/components/results/v2/CoreCodeArchetype.tsx [Server Component]
    ./src/app/results/page.tsx [Server Component]

https://nextjs.org/docs/messages/module-not-found @ http://localhost:3001/_next/static/chunks/node_modules_next_dist_0nzbwyu._.js:2081
[ 6128890ms] [ERROR] ./src/components/seo/BreadcrumbJsonLd.tsx:2:1
Module not found: Can't resolve '@dangelopalladino/etf-core/seo'
  1 | ...React from 'react';
> 2 | ...{ BreadcrumbJsonLd as Base, type BreadcrumbJsonLdProps } from '@dangelopalladino/etf-cor...
    |    ^^^^^^^^^^^^^^^^^^^^^^^^^^^^^^^^^^^^^^^^^^^^^^^^^^^^^^^^^^^^^^^^^^^^^^^^^^^^^^^^^^^^^^^^^^^
  3 | ...
  4 | ...ITE_URL = process.env.NEXT_PUBLIC_SITE_URL || 'https://www.6identities.com';
  5 | ...

Import trace:
  Server Component:
    ./src/components/seo/BreadcrumbJsonLd.tsx
    ./src/app/professionals/page.tsx

https://nextjs.org/docs/messages/module-not-found @ http://localhost:3001/_next/static/chunks/node_modules_next_dist_0nzbwyu._.js:2081
[ 6128890ms] [ERROR] ./src/components/shared/CtaSection.tsx:3:1
Module not found: Can't resolve '@dangelopalladino/etf-core/ui-client'
  1 | // Phase 11: CtaSection sourced from @dangelopalladino/etf-core.
  2 | 'use client';
> 3 | export { CtaSection as default } from '@dangelopalladino/etf-core/ui-client';
    | ^^^^^^^^^^^^^^^^^^^^^^^^^^^^^^^^^^^^^^^^^^^^^^^^^^^^^^^^^^^^^^^^^^^^^^^^^^^^^
  4 |

Import trace:
  Server Component:
    ./src/components/shared/CtaSection.tsx
    ./src/app/professionals/page.tsx

https://nextjs.org/docs/messages/module-not-found @ http://localhost:3001/_next/static/chunks/node_modules_next_dist_0nzbwyu._.js:2081
[ 6129098ms] [ERROR] Failed to load resource: the server responded with a status of 500 (Internal Server Error) @ http://localhost:3001/?_rsc=1e52p:0
[ 6129212ms] [ERROR] ./src/app/layout.tsx:13:1
Module not found: Can't resolve '@dangelopalladino/etf-core/analytics'
  11 | import { AuthProvider } from "@/components/AuthProvider";
  12 | import PageviewTracker from "@/components/analytics/PageviewTracker";
> 13 | import { GA4Loader } from "@dangelopalladino/etf-core/analytics";
     | ^^^^^^^^^^^^^^^^^^^^^^^^^^^^^^^^^^^^^^^^^^^^^^^^^^^^^^^^^^^^^^^^^
  14 | import ClarityLoader from "@/components/analytics/ClarityLoader";
  15 | import ClarityIdentifier from "@/components/analytics/ClarityIdentifier";
  16 | import CookieConsentBanner from "@/components/analytics/CookieConsentBanner";

https://nextjs.org/docs/messages/module-not-found @ http://localhost:3001/_next/static/chunks/node_modules_next_dist_0nzbwyu._.js:2081
[ 6129213ms] [ERROR] ./src/lib/analytics-events.ts:2:1
Module not found: Can't resolve '@dangelopalladino/etf-core/analytics'
  1 | // Phase 11: analytics event catalog sourced from @dangelopalladino/etf-core.
> 2 | export * from '@dangelopalladino/etf-core/analytics';
    | ^^^^^^^^^^^^^^^^^^^^^^^^^^^^^^^^^^^^^^^^^^^^^^^^^^^^^
  3 |

Import traces:
  Client Component Browser:
    ./src/lib/analytics-events.ts [Client Component Browser]
    ./src/lib/analytics.ts [Client Component Browser]
    ./src/components/analytics/CookieConsentBanner.tsx [Client Component Browser]
    ./src/components/analytics/CookieConsentBanner.tsx [Server Component]
    ./src/app/layout.tsx [Server Component]

  Client Component SSR:
    ./src/lib/analytics-events.ts [Client Component SSR]
    ./src/lib/analytics.ts [Client Component SSR]
    ./src/components/analytics/CookieConsentBanner.tsx [Client Component SSR]
    ./src/components/analytics/CookieConsentBanner.tsx [Server Component]
    ./src/app/layout.tsx [Server Component]

https://nextjs.org/docs/messages/module-not-found @ http://localhost:3001/_next/static/chunks/node_modules_next_dist_0nzbwyu._.js:2081
[ 6129213ms] [ERROR] ./src/app/page.tsx:8:1
Module not found: Can't resolve '@dangelopalladino/etf-core/content'
   6 |   CrownOutlined,
   7 | } from '@ant-design/icons';
>  8 | import { getApprovedTestimonials } from '@dangelopalladino/etf-core/content';
     | ^^^^^^^^^^^^^^^^^^^^^^^^^^^^^^^^^^^^^^^^^^^^^^^^^^^^^^^^^^^^^^^^^^^^^^^^^^^^^
   9 | import { JsonLd } from '@/components/marketing/JsonLd';
  10 | import { LandingSectionExposure } from '@/components/analytics/SectionExposure';
  11 | import FeatureCard from '@/components/primitives/FeatureCard';

https://nextjs.org/docs/messages/module-not-found @ http://localhost:3001/_next/static/chunks/node_modules_next_dist_0nzbwyu._.js:2081
[ 6129214ms] [ERROR] ./src/lib/antd-theme.ts:35:1
Module not found: Can't resolve '@dangelopalladino/etf-core/tokens/6id'
  33 | export type { StatusType } from '@dangelopalladino/etf-core/tokens/6id';
  34 |
> 35 | import { themeConfig as etfCoreThemeConfig } from '@dangelopalladino/etf-core/tokens/6id';
     | ^^^^^^^^^^^^^^^^^^^^^^^^^^^^^^^^^^^^^^^^^^^^^^^^^^^^^^^^^^^^^^^^^^^^^^^^^^^^^^^^^^^^^^^^^^
  36 |
  37 | // Canonical 6i palette — v2 design system (navy + off-white + electric blue)
  38 | const CANONICAL_6I = {

Import traces:
  Client Component Browser:
    ./src/lib/antd-theme.ts [Client Component Browser]
    ./src/components/AntdProvider.tsx [Client Component Browser]
    ./src/components/AntdProvider.tsx [Server Component]
    ./src/app/layout.tsx [Server Component]

  Client Component SSR:
    ./src/lib/antd-theme.ts [Client Component SSR]
    ./src/components/AntdProvider.tsx [Client Component SSR]
    ./src/components/AntdProvider.tsx [Server Component]
    ./src/app/layout.tsx [Server Component]

https://nextjs.org/docs/messages/module-not-found @ http://localhost:3001/_next/static/chunks/node_modules_next_dist_0nzbwyu._.js:2081
[ 6129214ms] [ERROR] ./src/lib/brand-tokens.ts:5:1
Module not found: Can't resolve '@dangelopalladino/etf-core/tokens/6id'
   3 | // IDENTITY_COLORS is overridden here with v2 saturated palette; all other tokens
   4 | // forwarded from etf-core unchanged.
>  5 | export {
     | ^^^^^^^
>  6 |   BLUEPRINT_SHADOWS,
     | ^^^^^^^^^^^^^^^^^^^^
>  7 |   BORDER_TOKENS,
     | ^^^^^^^^^^^^^^^^
>  8 |   BRAND,
     | ^^^^^^^^
>  9 |   BRAND_GOLD,
     | ^^^^^^^^^^^^^
> 10 |   DARK_MODE_COLORS,
     | ^^^^^^^^^^^^^^^^^^^
> 11 |   HEADING_SCALE,
     | ^^^^^^^^^^^^^^^^
> 12 |   SCORE_COLORS,
     | ^^^^^^^^^^^^^^^
> 13 |   SHADOW_TOKENS,
     | ^^^^^^^^^^^^^^^^
> 14 |   STATUS_STYLES,
     | ^^^^^^^^^^^^^^^^
> 15 |   SURFACE_TOKENS,
     | ^^^^^^^^^^^^^^^^^
> 16 |   baseThemeConfig,
     | ^^^^^^^^^^^^^^^^^^
> 17 |   darkThemeConfig,
     | ^^^^^^^^^^^^^^^^^^
> 18 |   getScoreColor,
     | ^^^^^^^^^^^^^^^^
> 19 |   needsDarkTextOnBackground,
     | ^^^^^^^^^^^^^^^^^^^^^^^^^^^^
> 20 | } from '@dangelopalladino/etf-core/tokens/6id';
     | ^^^^^^^^^^^^^^^^^^^^^^^^^^^^^^^^^^^^^^^^^^^^^^^
  21 | export type { StatusType } from '@dangelopalladino/etf-core/tokens/6id';
  22 |
  23 | // v2 saturated identity palette — overrides etf-core pottery-glaze values.

Import traces:
  #1 [Server Component]:
    ./src/lib/brand-tokens.ts
    ./src/app/opengraph-image.tsx
    ./src/app/opengraph-image--metadata.js

  #2 [Server Component]:
    ./src/lib/brand-tokens.ts
    ./src/lib/type-profiles.ts
    ./src/app/page.tsx

https://nextjs.org/docs/messages/module-not-found @ http://localhost:3001/_next/static/chunks/node_modules_next_dist_0nzbwyu._.js:2081
[ 6129214ms] [ERROR] ./src/components/shared/BrandCta.tsx:3:1
Module not found: Can't resolve '@dangelopalladino/etf-core/ui-client'
  1 | // Phase 11: BrandCta sourced from @dangelopalladino/etf-core.
  2 | 'use client';
> 3 | export { BrandCta as default } from '@dangelopalladino/etf-core/ui-client';
    | ^^^^^^^^^^^^^^^^^^^^^^^^^^^^^^^^^^^^^^^^^^^^^^^^^^^^^^^^^^^^^^^^^^^^^^^^^^^
  4 |

Import traces:
  Server Component:
    ./src/components/shared/BrandCta.tsx
    ./src/app/page.tsx

  Client Component Browser:
    ./src/components/shared/BrandCta.tsx [Client Component Browser]
    ./src/app/not-found.tsx [Client Component Browser]
    ./src/app/not-found.tsx [Server Component]

  Client Component SSR:
    ./src/components/shared/BrandCta.tsx [Client Component SSR]
    ./src/app/not-found.tsx [Client Component SSR]
    ./src/app/not-found.tsx [Server Component]

https://nextjs.org/docs/messages/module-not-found @ http://localhost:3001/_next/static/chunks/node_modules_next_dist_0nzbwyu._.js:2081
[ 6129214ms] [ERROR] ./src/components/shared/SectionHeader.tsx:8:1
Module not found: Can't resolve '@dangelopalladino/etf-core/ui-client'
   6 |
   7 | import React from 'react';
>  8 | import { SectionHeader as CoreSectionHeader } from '@dangelopalladino/etf-core/ui-client';
     | ^^^^^^^^^^^^^^^^^^^^^^^^^^^^^^^^^^^^^^^^^^^^^^^^^^^^^^^^^^^^^^^^^^^^^^^^^^^^^^^^^^^^^^^^^^
   9 |
  10 | type CoreAlign = 'left' | 'center';
  11 |

Import trace:
  Server Component:
    ./src/components/shared/SectionHeader.tsx
    ./src/app/page.tsx

https://nextjs.org/docs/messages/module-not-found @ http://localhost:3001/_next/static/chunks/node_modules_next_dist_0nzbwyu._.js:2081
[ 6129214ms] [ERROR] ./src/components/shared/SectionWrapper.tsx:2:1
Module not found: Can't resolve '@dangelopalladino/etf-core/ui-server'
  1 | // Phase 11: server-safe SectionWrapper sourced from @dangelopalladino/etf-core.
> 2 | export { SectionWrapper as default } from '@dangelopalladino/etf-core/ui-server';
    | ^^^^^^^^^^^^^^^^^^^^^^^^^^^^^^^^^^^^^^^^^^^^^^^^^^^^^^^^^^^^^^^^^^^^^^^^^^^^^^^^^
  3 |

Import trace:
  Server Component:
    ./src/components/shared/SectionWrapper.tsx
    ./src/app/page.tsx

https://nextjs.org/docs/messages/module-not-found @ http://localhost:3001/_next/static/chunks/node_modules_next_dist_0nzbwyu._.js:2081
[ 6129214ms] [ERROR] ./src/components/shared/ServerTypography.tsx:6:1
Module not found: Can't resolve '@dangelopalladino/etf-core/ui-server'
  4 | ...e `text-foreground` (warm charcoal). We inject `text-foreground` before any caller-supplied
  5 | ...assName so the token wins even if callers explicitly pass `text-primary`.
> 6 | ...t { ServerHeading as _ServerHeading, ServerText } from '@dangelopalladino/etf-core/ui-se...
    |    ^^^^^^^^^^^^^^^^^^^^^^^^^^^^^^^^^^^^^^^^^^^^^^^^^^^^^^^^^^^^^^^^^^^^^^^^^^^^^^^^^^^^^^^^^^^
  7 | ...t type { ComponentProps } from 'react';
  8 | ...
  9 | ...t function ServerHeading({ className = '', ...props }: ComponentProps<typeof _ServerHead...

Import traces:
  Server Component:
    ./src/components/shared/ServerTypography.tsx
    ./src/app/page.tsx

  Client Component Browser:
    ./src/components/shared/ServerTypography.tsx [Client Component Browser]
    ./src/components/shared/PageHero.tsx [Client Component Browser]
    ./src/components/shared/PageHero.tsx [Server Component]
    ./src/app/page.tsx [Server Component]

  Client Component SSR:
    ./src/components/shared/ServerTypography.tsx [Client Component SSR]
    ./src/components/shared/PageHero.tsx [Client Component SSR]
    ./src/components/shared/PageHero.tsx [Server Component]
    ./src/app/page.tsx [Server Component]

https://nextjs.org/docs/messages/module-not-found @ http://localhost:3001/_next/static/chunks/node_modules_next_dist_0nzbwyu._.js:2081
[ 6129214ms] [ERROR] ./src/lib/analytics.ts:2:1
Export EVENTS doesn't exist in target module
  1 | import Clarity from '@microsoft/clarity';
> 2 | import { EVENTS, KEYS } from './analytics-events';
    | ^^^^^^^^^^^^^^^^^^^^^^^^^^^^^^^^^^^^^^^^^^^^^^^^^^
  3 | import { getAttributionPayload } from './analytics-source';
  4 |
  5 | declare global {

The export EVENTS was not found in module [project]/src/lib/analytics-events.ts [app-client] (ecmascript).
The module has no exports at all.
All exports of the module are statically known (It doesn't have dynamic exports). So it's known statically that the requested export doesn't exist.

Import traces:
  #1 [Client Component Browser]:
    ./src/lib/analytics.ts [Client Component Browser]
    ./src/app/error.tsx [Client Component Browser]
    ./src/app/error.tsx [Server Component]

  #2 [Client Component Browser]:
    ./src/lib/analytics.ts [Client Component Browser]
    ./src/app/not-found.tsx [Client Component Browser]
    ./src/app/not-found.tsx [Server Component]

  #3 [Client Component SSR]:
    ./src/lib/analytics.ts [Client Component SSR]
    ./src/app/error.tsx [Client Component SSR]
    ./src/app/error.tsx [Server Component]

  #4 [Client Component SSR]:
    ./src/lib/analytics.ts [Client Component SSR]
    ./src/app/not-found.tsx [Client Component SSR]
    ./src/app/not-found.tsx [Server Component]

  #5 [Client Component Browser]:
    ./src/lib/analytics.ts [Client Component Browser]
    ./src/components/analytics/CookieConsentBanner.tsx [Client Component Browser]
    ./src/components/analytics/CookieConsentBanner.tsx [Server Component]
    ./src/app/layout.tsx [Server Component]

  #6 [Client Component SSR]:
    ./src/lib/analytics.ts [Client Component SSR]
    ./src/components/analytics/CookieConsentBanner.tsx [Client Component SSR]
    ./src/components/analytics/CookieConsentBanner.tsx [Server Component]
    ./src/app/layout.tsx [Server Component] @ http://localhost:3001/_next/static/chunks/node_modules_next_dist_0nzbwyu._.js:2081
[ 6129215ms] [ERROR] ./src/lib/analytics.ts:2:1
Export EVENTS doesn't exist in target module
  1 | import Clarity from '@microsoft/clarity';
> 2 | import { EVENTS, KEYS } from './analytics-events';
    | ^^^^^^^^^^^^^^^^^^^^^^^^^^^^^^^^^^^^^^^^^^^^^^^^^^
  3 | import { getAttributionPayload } from './analytics-source';
  4 |
  5 | declare global {

The export EVENTS was not found in module [project]/src/lib/analytics-events.ts [app-ssr] (ecmascript).
The module has no exports at all.
All exports of the module are statically known (It doesn't have dynamic exports). So it's known statically that the requested export doesn't exist.

Import traces:
  #1 [Client Component Browser]:
    ./src/lib/analytics.ts [Client Component Browser]
    ./src/app/error.tsx [Client Component Browser]
    ./src/app/error.tsx [Server Component]

  #2 [Client Component Browser]:
    ./src/lib/analytics.ts [Client Component Browser]
    ./src/app/not-found.tsx [Client Component Browser]
    ./src/app/not-found.tsx [Server Component]

  #3 [Client Component SSR]:
    ./src/lib/analytics.ts [Client Component SSR]
    ./src/app/error.tsx [Client Component SSR]
    ./src/app/error.tsx [Server Component]

  #4 [Client Component SSR]:
    ./src/lib/analytics.ts [Client Component SSR]
    ./src/app/not-found.tsx [Client Component SSR]
    ./src/app/not-found.tsx [Server Component]

  #5 [Client Component Browser]:
    ./src/lib/analytics.ts [Client Component Browser]
    ./src/components/analytics/CookieConsentBanner.tsx [Client Component Browser]
    ./src/components/analytics/CookieConsentBanner.tsx [Server Component]
    ./src/app/layout.tsx [Server Component]

  #6 [Client Component SSR]:
    ./src/lib/analytics.ts [Client Component SSR]
    ./src/components/analytics/CookieConsentBanner.tsx [Client Component SSR]
    ./src/components/analytics/CookieConsentBanner.tsx [Server Component]
    ./src/app/layout.tsx [Server Component] @ http://localhost:3001/_next/static/chunks/node_modules_next_dist_0nzbwyu._.js:2081
[ 6129215ms] [ERROR] ./src/lib/analytics.ts:2:1
Export KEYS doesn't exist in target module
  1 | import Clarity from '@microsoft/clarity';
> 2 | import { EVENTS, KEYS } from './analytics-events';
    | ^^^^^^^^^^^^^^^^^^^^^^^^^^^^^^^^^^^^^^^^^^^^^^^^^^
  3 | import { getAttributionPayload } from './analytics-source';
  4 |
  5 | declare global {

The export KEYS was not found in module [project]/src/lib/analytics-events.ts [app-client] (ecmascript).
The module has no exports at all.
All exports of the module are statically known (It doesn't have dynamic exports). So it's known statically that the requested export doesn't exist.

Import traces:
  #1 [Client Component Browser]:
    ./src/lib/analytics.ts [Client Component Browser]
    ./src/app/error.tsx [Client Component Browser]
    ./src/app/error.tsx [Server Component]

  #2 [Client Component Browser]:
    ./src/lib/analytics.ts [Client Component Browser]
    ./src/app/not-found.tsx [Client Component Browser]
    ./src/app/not-found.tsx [Server Component]

  #3 [Client Component SSR]:
    ./src/lib/analytics.ts [Client Component SSR]
    ./src/app/error.tsx [Client Component SSR]
    ./src/app/error.tsx [Server Component]

  #4 [Client Component SSR]:
    ./src/lib/analytics.ts [Client Component SSR]
    ./src/app/not-found.tsx [Client Component SSR]
    ./src/app/not-found.tsx [Server Component]

  #5 [Client Component Browser]:
    ./src/lib/analytics.ts [Client Component Browser]
    ./src/components/analytics/CookieConsentBanner.tsx [Client Component Browser]
    ./src/components/analytics/CookieConsentBanner.tsx [Server Component]
    ./src/app/layout.tsx [Server Component]

  #6 [Client Component SSR]:
    ./src/lib/analytics.ts [Client Component SSR]
    ./src/components/analytics/CookieConsentBanner.tsx [Client Component SSR]
    ./src/components/analytics/CookieConsentBanner.tsx [Server Component]
    ./src/app/layout.tsx [Server Component] @ http://localhost:3001/_next/static/chunks/node_modules_next_dist_0nzbwyu._.js:2081
[ 6129215ms] [ERROR] ./src/lib/analytics.ts:2:1
Export KEYS doesn't exist in target module
  1 | import Clarity from '@microsoft/clarity';
> 2 | import { EVENTS, KEYS } from './analytics-events';
    | ^^^^^^^^^^^^^^^^^^^^^^^^^^^^^^^^^^^^^^^^^^^^^^^^^^
  3 | import { getAttributionPayload } from './analytics-source';
  4 |
  5 | declare global {

The export KEYS was not found in module [project]/src/lib/analytics-events.ts [app-ssr] (ecmascript).
The module has no exports at all.
All exports of the module are statically known (It doesn't have dynamic exports). So it's known statically that the requested export doesn't exist.

Import traces:
  #1 [Client Component Browser]:
    ./src/lib/analytics.ts [Client Component Browser]
    ./src/app/error.tsx [Client Component Browser]
    ./src/app/error.tsx [Server Component]

  #2 [Client Component Browser]:
    ./src/lib/analytics.ts [Client Component Browser]
    ./src/app/not-found.tsx [Client Component Browser]
    ./src/app/not-found.tsx [Server Component]

  #3 [Client Component SSR]:
    ./src/lib/analytics.ts [Client Component SSR]
    ./src/app/error.tsx [Client Component SSR]
    ./src/app/error.tsx [Server Component]

  #4 [Client Component SSR]:
    ./src/lib/analytics.ts [Client Component SSR]
    ./src/app/not-found.tsx [Client Component SSR]
    ./src/app/not-found.tsx [Server Component]

  #5 [Client Component Browser]:
    ./src/lib/analytics.ts [Client Component Browser]
    ./src/components/analytics/CookieConsentBanner.tsx [Client Component Browser]
    ./src/components/analytics/CookieConsentBanner.tsx [Server Component]
    ./src/app/layout.tsx [Server Component]

  #6 [Client Component SSR]:
    ./src/lib/analytics.ts [Client Component SSR]
    ./src/components/analytics/CookieConsentBanner.tsx [Client Component SSR]
    ./src/components/analytics/CookieConsentBanner.tsx [Server Component]
    ./src/app/layout.tsx [Server Component] @ http://localhost:3001/_next/static/chunks/node_modules_next_dist_0nzbwyu._.js:2081
[ 6129215ms] [ERROR] ./src/components/shared/ScoreBar.tsx:3:1
Module not found: Can't resolve '@dangelopalladino/etf-core/ui-client'
  1 | // Phase 11: ScoreBar sourced from @dangelopalladino/etf-core.
  2 | 'use client';
> 3 | export { ScoreBar as default } from '@dangelopalladino/etf-core/ui-client';
    | ^^^^^^^^^^^^^^^^^^^^^^^^^^^^^^^^^^^^^^^^^^^^^^^^^^^^^^^^^^^^^^^^^^^^^^^^^^^
  4 |

Import traces:
  Client Component Browser:
    ./src/components/shared/ScoreBar.tsx [Client Component Browser]
    ./src/components/results/v2/ScoreDashboard.tsx [Client Component Browser]
    ./src/components/results/v2/ScoreDashboard.tsx [Server Component]
    ./src/app/results/page.tsx [Server Component]

  Client Component SSR:
    ./src/components/shared/ScoreBar.tsx [Client Component SSR]
    ./src/components/results/v2/ScoreDashboard.tsx [Client Component SSR]
    ./src/components/results/v2/ScoreDashboard.tsx [Server Component]
    ./src/app/results/page.tsx [Server Component]

https://nextjs.org/docs/messages/module-not-found @ http://localhost:3001/_next/static/chunks/node_modules_next_dist_0nzbwyu._.js:2081
[ 6129215ms] [ERROR] ./src/components/shared/StatusBadge.tsx:3:1
Module not found: Can't resolve '@dangelopalladino/etf-core/ui-client'
  1 | // Phase 11: StatusBadge sourced from @dangelopalladino/etf-core.
  2 | 'use client';
> 3 | export { StatusBadge as default } from '@dangelopalladino/etf-core/ui-client';
    | ^^^^^^^^^^^^^^^^^^^^^^^^^^^^^^^^^^^^^^^^^^^^^^^^^^^^^^^^^^^^^^^^^^^^^^^^^^^^^^
  4 |

Import traces:
  Client Component Browser:
    ./src/components/shared/StatusBadge.tsx [Client Component Browser]
    ./src/components/results/v2/CoreCodeArchetype.tsx [Client Component Browser]
    ./src/components/results/v2/CoreCodeArchetype.tsx [Server Component]
    ./src/app/results/page.tsx [Server Component]

  Client Component SSR:
    ./src/components/shared/StatusBadge.tsx [Client Component SSR]
    ./src/components/results/v2/CoreCodeArchetype.tsx [Client Component SSR]
    ./src/components/results/v2/CoreCodeArchetype.tsx [Server Component]
    ./src/app/results/page.tsx [Server Component]

https://nextjs.org/docs/messages/module-not-found @ http://localhost:3001/_next/static/chunks/node_modules_next_dist_0nzbwyu._.js:2081
[ 6129215ms] [ERROR] ./src/components/seo/BreadcrumbJsonLd.tsx:2:1
Module not found: Can't resolve '@dangelopalladino/etf-core/seo'
  1 | ...React from 'react';
> 2 | ...{ BreadcrumbJsonLd as Base, type BreadcrumbJsonLdProps } from '@dangelopalladino/etf-cor...
    |    ^^^^^^^^^^^^^^^^^^^^^^^^^^^^^^^^^^^^^^^^^^^^^^^^^^^^^^^^^^^^^^^^^^^^^^^^^^^^^^^^^^^^^^^^^^^
  3 | ...
  4 | ...ITE_URL = process.env.NEXT_PUBLIC_SITE_URL || 'https://www.6identities.com';
  5 | ...

Import trace:
  Server Component:
    ./src/components/seo/BreadcrumbJsonLd.tsx
    ./src/app/professionals/page.tsx

https://nextjs.org/docs/messages/module-not-found @ http://localhost:3001/_next/static/chunks/node_modules_next_dist_0nzbwyu._.js:2081
[ 6129215ms] [ERROR] ./src/components/shared/CtaSection.tsx:3:1
Module not found: Can't resolve '@dangelopalladino/etf-core/ui-client'
  1 | // Phase 11: CtaSection sourced from @dangelopalladino/etf-core.
  2 | 'use client';
> 3 | export { CtaSection as default } from '@dangelopalladino/etf-core/ui-client';
    | ^^^^^^^^^^^^^^^^^^^^^^^^^^^^^^^^^^^^^^^^^^^^^^^^^^^^^^^^^^^^^^^^^^^^^^^^^^^^^
  4 |

Import trace:
  Server Component:
    ./src/components/shared/CtaSection.tsx
    ./src/app/professionals/page.tsx

https://nextjs.org/docs/messages/module-not-found @ http://localhost:3001/_next/static/chunks/node_modules_next_dist_0nzbwyu._.js:2081
[ 6129281ms] [ERROR] ./src/app/layout.tsx:13:1
Module not found: Can't resolve '@dangelopalladino/etf-core/analytics'
  11 | import { AuthProvider } from "@/components/AuthProvider";
  12 | import PageviewTracker from "@/components/analytics/PageviewTracker";
> 13 | import { GA4Loader } from "@dangelopalladino/etf-core/analytics";
     | ^^^^^^^^^^^^^^^^^^^^^^^^^^^^^^^^^^^^^^^^^^^^^^^^^^^^^^^^^^^^^^^^^
  14 | import ClarityLoader from "@/components/analytics/ClarityLoader";
  15 | import ClarityIdentifier from "@/components/analytics/ClarityIdentifier";
  16 | import CookieConsentBanner from "@/components/analytics/CookieConsentBanner";

https://nextjs.org/docs/messages/module-not-found @ http://localhost:3001/_next/static/chunks/node_modules_next_dist_0nzbwyu._.js:2081
[ 6129282ms] [ERROR] ./src/lib/analytics-events.ts:2:1
Module not found: Can't resolve '@dangelopalladino/etf-core/analytics'
  1 | // Phase 11: analytics event catalog sourced from @dangelopalladino/etf-core.
> 2 | export * from '@dangelopalladino/etf-core/analytics';
    | ^^^^^^^^^^^^^^^^^^^^^^^^^^^^^^^^^^^^^^^^^^^^^^^^^^^^^
  3 |

Import traces:
  Client Component Browser:
    ./src/lib/analytics-events.ts [Client Component Browser]
    ./src/lib/analytics.ts [Client Component Browser]
    ./src/components/analytics/CookieConsentBanner.tsx [Client Component Browser]
    ./src/components/analytics/CookieConsentBanner.tsx [Server Component]
    ./src/app/layout.tsx [Server Component]

  Client Component SSR:
    ./src/lib/analytics-events.ts [Client Component SSR]
    ./src/lib/analytics.ts [Client Component SSR]
    ./src/components/analytics/CookieConsentBanner.tsx [Client Component SSR]
    ./src/components/analytics/CookieConsentBanner.tsx [Server Component]
    ./src/app/layout.tsx [Server Component]

https://nextjs.org/docs/messages/module-not-found @ http://localhost:3001/_next/static/chunks/node_modules_next_dist_0nzbwyu._.js:2081
[ 6129282ms] [ERROR] ./src/app/page.tsx:8:1
Module not found: Can't resolve '@dangelopalladino/etf-core/content'
   6 |   CrownOutlined,
   7 | } from '@ant-design/icons';
>  8 | import { getApprovedTestimonials } from '@dangelopalladino/etf-core/content';
     | ^^^^^^^^^^^^^^^^^^^^^^^^^^^^^^^^^^^^^^^^^^^^^^^^^^^^^^^^^^^^^^^^^^^^^^^^^^^^^
   9 | import { JsonLd } from '@/components/marketing/JsonLd';
  10 | import { LandingSectionExposure } from '@/components/analytics/SectionExposure';
  11 | import FeatureCard from '@/components/primitives/FeatureCard';

https://nextjs.org/docs/messages/module-not-found @ http://localhost:3001/_next/static/chunks/node_modules_next_dist_0nzbwyu._.js:2081
[ 6129282ms] [ERROR] ./src/lib/antd-theme.ts:35:1
Module not found: Can't resolve '@dangelopalladino/etf-core/tokens/6id'
  33 | export type { StatusType } from '@dangelopalladino/etf-core/tokens/6id';
  34 |
> 35 | import { themeConfig as etfCoreThemeConfig } from '@dangelopalladino/etf-core/tokens/6id';
     | ^^^^^^^^^^^^^^^^^^^^^^^^^^^^^^^^^^^^^^^^^^^^^^^^^^^^^^^^^^^^^^^^^^^^^^^^^^^^^^^^^^^^^^^^^^
  36 |
  37 | // Canonical 6i palette — v2 design system (navy + off-white + electric blue)
  38 | const CANONICAL_6I = {

Import traces:
  Client Component Browser:
    ./src/lib/antd-theme.ts [Client Component Browser]
    ./src/components/AntdProvider.tsx [Client Component Browser]
    ./src/components/AntdProvider.tsx [Server Component]
    ./src/app/layout.tsx [Server Component]

  Client Component SSR:
    ./src/lib/antd-theme.ts [Client Component SSR]
    ./src/components/AntdProvider.tsx [Client Component SSR]
    ./src/components/AntdProvider.tsx [Server Component]
    ./src/app/layout.tsx [Server Component]

https://nextjs.org/docs/messages/module-not-found @ http://localhost:3001/_next/static/chunks/node_modules_next_dist_0nzbwyu._.js:2081
[ 6129282ms] [ERROR] ./src/lib/brand-tokens.ts:5:1
Module not found: Can't resolve '@dangelopalladino/etf-core/tokens/6id'
   3 | // IDENTITY_COLORS is overridden here with v2 saturated palette; all other tokens
   4 | // forwarded from etf-core unchanged.
>  5 | export {
     | ^^^^^^^
>  6 |   BLUEPRINT_SHADOWS,
     | ^^^^^^^^^^^^^^^^^^^^
>  7 |   BORDER_TOKENS,
     | ^^^^^^^^^^^^^^^^
>  8 |   BRAND,
     | ^^^^^^^^
>  9 |   BRAND_GOLD,
     | ^^^^^^^^^^^^^
> 10 |   DARK_MODE_COLORS,
     | ^^^^^^^^^^^^^^^^^^^
> 11 |   HEADING_SCALE,
     | ^^^^^^^^^^^^^^^^
> 12 |   SCORE_COLORS,
     | ^^^^^^^^^^^^^^^
> 13 |   SHADOW_TOKENS,
     | ^^^^^^^^^^^^^^^^
> 14 |   STATUS_STYLES,
     | ^^^^^^^^^^^^^^^^
> 15 |   SURFACE_TOKENS,
     | ^^^^^^^^^^^^^^^^^
> 16 |   baseThemeConfig,
     | ^^^^^^^^^^^^^^^^^^
> 17 |   darkThemeConfig,
     | ^^^^^^^^^^^^^^^^^^
> 18 |   getScoreColor,
     | ^^^^^^^^^^^^^^^^
> 19 |   needsDarkTextOnBackground,
     | ^^^^^^^^^^^^^^^^^^^^^^^^^^^^
> 20 | } from '@dangelopalladino/etf-core/tokens/6id';
     | ^^^^^^^^^^^^^^^^^^^^^^^^^^^^^^^^^^^^^^^^^^^^^^^
  21 | export type { StatusType } from '@dangelopalladino/etf-core/tokens/6id';
  22 |
  23 | // v2 saturated identity palette — overrides etf-core pottery-glaze values.

Import traces:
  #1 [Server Component]:
    ./src/lib/brand-tokens.ts
    ./src/app/opengraph-image.tsx
    ./src/app/opengraph-image--metadata.js

  #2 [Server Component]:
    ./src/lib/brand-tokens.ts
    ./src/lib/type-profiles.ts
    ./src/app/page.tsx

https://nextjs.org/docs/messages/module-not-found @ http://localhost:3001/_next/static/chunks/node_modules_next_dist_0nzbwyu._.js:2081
[ 6129282ms] [ERROR] ./src/components/shared/BrandCta.tsx:3:1
Module not found: Can't resolve '@dangelopalladino/etf-core/ui-client'
  1 | // Phase 11: BrandCta sourced from @dangelopalladino/etf-core.
  2 | 'use client';
> 3 | export { BrandCta as default } from '@dangelopalladino/etf-core/ui-client';
    | ^^^^^^^^^^^^^^^^^^^^^^^^^^^^^^^^^^^^^^^^^^^^^^^^^^^^^^^^^^^^^^^^^^^^^^^^^^^
  4 |

Import traces:
  Server Component:
    ./src/components/shared/BrandCta.tsx
    ./src/app/page.tsx

  Client Component Browser:
    ./src/components/shared/BrandCta.tsx [Client Component Browser]
    ./src/app/not-found.tsx [Client Component Browser]
    ./src/app/not-found.tsx [Server Component]

  Client Component SSR:
    ./src/components/shared/BrandCta.tsx [Client Component SSR]
    ./src/app/not-found.tsx [Client Component SSR]
    ./src/app/not-found.tsx [Server Component]

https://nextjs.org/docs/messages/module-not-found @ http://localhost:3001/_next/static/chunks/node_modules_next_dist_0nzbwyu._.js:2081
[ 6129283ms] [ERROR] ./src/components/shared/SectionHeader.tsx:8:1
Module not found: Can't resolve '@dangelopalladino/etf-core/ui-client'
   6 |
   7 | import React from 'react';
>  8 | import { SectionHeader as CoreSectionHeader } from '@dangelopalladino/etf-core/ui-client';
     | ^^^^^^^^^^^^^^^^^^^^^^^^^^^^^^^^^^^^^^^^^^^^^^^^^^^^^^^^^^^^^^^^^^^^^^^^^^^^^^^^^^^^^^^^^^
   9 |
  10 | type CoreAlign = 'left' | 'center';
  11 |

Import trace:
  Server Component:
    ./src/components/shared/SectionHeader.tsx
    ./src/app/page.tsx

https://nextjs.org/docs/messages/module-not-found @ http://localhost:3001/_next/static/chunks/node_modules_next_dist_0nzbwyu._.js:2081
[ 6129283ms] [ERROR] ./src/components/shared/SectionWrapper.tsx:2:1
Module not found: Can't resolve '@dangelopalladino/etf-core/ui-server'
  1 | // Phase 11: server-safe SectionWrapper sourced from @dangelopalladino/etf-core.
> 2 | export { SectionWrapper as default } from '@dangelopalladino/etf-core/ui-server';
    | ^^^^^^^^^^^^^^^^^^^^^^^^^^^^^^^^^^^^^^^^^^^^^^^^^^^^^^^^^^^^^^^^^^^^^^^^^^^^^^^^^
  3 |

Import trace:
  Server Component:
    ./src/components/shared/SectionWrapper.tsx
    ./src/app/page.tsx

https://nextjs.org/docs/messages/module-not-found @ http://localhost:3001/_next/static/chunks/node_modules_next_dist_0nzbwyu._.js:2081
[ 6129283ms] [ERROR] ./src/components/shared/ServerTypography.tsx:6:1
Module not found: Can't resolve '@dangelopalladino/etf-core/ui-server'
  4 | ...e `text-foreground` (warm charcoal). We inject `text-foreground` before any caller-supplied
  5 | ...assName so the token wins even if callers explicitly pass `text-primary`.
> 6 | ...t { ServerHeading as _ServerHeading, ServerText } from '@dangelopalladino/etf-core/ui-se...
    |    ^^^^^^^^^^^^^^^^^^^^^^^^^^^^^^^^^^^^^^^^^^^^^^^^^^^^^^^^^^^^^^^^^^^^^^^^^^^^^^^^^^^^^^^^^^^
  7 | ...t type { ComponentProps } from 'react';
  8 | ...
  9 | ...t function ServerHeading({ className = '', ...props }: ComponentProps<typeof _ServerHead...

Import traces:
  Server Component:
    ./src/components/shared/ServerTypography.tsx
    ./src/app/page.tsx

  Client Component Browser:
    ./src/components/shared/ServerTypography.tsx [Client Component Browser]
    ./src/components/shared/PageHero.tsx [Client Component Browser]
    ./src/components/shared/PageHero.tsx [Server Component]
    ./src/app/page.tsx [Server Component]

  Client Component SSR:
    ./src/components/shared/ServerTypography.tsx [Client Component SSR]
    ./src/components/shared/PageHero.tsx [Client Component SSR]
    ./src/components/shared/PageHero.tsx [Server Component]
    ./src/app/page.tsx [Server Component]

https://nextjs.org/docs/messages/module-not-found @ http://localhost:3001/_next/static/chunks/node_modules_next_dist_0nzbwyu._.js:2081
[ 6129283ms] [ERROR] ./src/lib/analytics.ts:2:1
Export EVENTS doesn't exist in target module
  1 | import Clarity from '@microsoft/clarity';
> 2 | import { EVENTS, KEYS } from './analytics-events';
    | ^^^^^^^^^^^^^^^^^^^^^^^^^^^^^^^^^^^^^^^^^^^^^^^^^^
  3 | import { getAttributionPayload } from './analytics-source';
  4 |
  5 | declare global {

The export EVENTS was not found in module [project]/src/lib/analytics-events.ts [app-client] (ecmascript).
The module has no exports at all.
All exports of the module are statically known (It doesn't have dynamic exports). So it's known statically that the requested export doesn't exist.

Import traces:
  #1 [Client Component Browser]:
    ./src/lib/analytics.ts [Client Component Browser]
    ./src/app/error.tsx [Client Component Browser]
    ./src/app/error.tsx [Server Component]

  #2 [Client Component Browser]:
    ./src/lib/analytics.ts [Client Component Browser]
    ./src/app/not-found.tsx [Client Component Browser]
    ./src/app/not-found.tsx [Server Component]

  #3 [Client Component SSR]:
    ./src/lib/analytics.ts [Client Component SSR]
    ./src/app/error.tsx [Client Component SSR]
    ./src/app/error.tsx [Server Component]

  #4 [Client Component SSR]:
    ./src/lib/analytics.ts [Client Component SSR]
    ./src/app/not-found.tsx [Client Component SSR]
    ./src/app/not-found.tsx [Server Component]

  #5 [Client Component Browser]:
    ./src/lib/analytics.ts [Client Component Browser]
    ./src/components/analytics/CookieConsentBanner.tsx [Client Component Browser]
    ./src/components/analytics/CookieConsentBanner.tsx [Server Component]
    ./src/app/layout.tsx [Server Component]

  #6 [Client Component SSR]:
    ./src/lib/analytics.ts [Client Component SSR]
    ./src/components/analytics/CookieConsentBanner.tsx [Client Component SSR]
    ./src/components/analytics/CookieConsentBanner.tsx [Server Component]
    ./src/app/layout.tsx [Server Component] @ http://localhost:3001/_next/static/chunks/node_modules_next_dist_0nzbwyu._.js:2081
[ 6129283ms] [ERROR] ./src/lib/analytics.ts:2:1
Export EVENTS doesn't exist in target module
  1 | import Clarity from '@microsoft/clarity';
> 2 | import { EVENTS, KEYS } from './analytics-events';
    | ^^^^^^^^^^^^^^^^^^^^^^^^^^^^^^^^^^^^^^^^^^^^^^^^^^
  3 | import { getAttributionPayload } from './analytics-source';
  4 |
  5 | declare global {

The export EVENTS was not found in module [project]/src/lib/analytics-events.ts [app-ssr] (ecmascript).
The module has no exports at all.
All exports of the module are statically known (It doesn't have dynamic exports). So it's known statically that the requested export doesn't exist.

Import traces:
  #1 [Client Component Browser]:
    ./src/lib/analytics.ts [Client Component Browser]
    ./src/app/error.tsx [Client Component Browser]
    ./src/app/error.tsx [Server Component]

  #2 [Client Component Browser]:
    ./src/lib/analytics.ts [Client Component Browser]
    ./src/app/not-found.tsx [Client Component Browser]
    ./src/app/not-found.tsx [Server Component]

  #3 [Client Component SSR]:
    ./src/lib/analytics.ts [Client Component SSR]
    ./src/app/error.tsx [Client Component SSR]
    ./src/app/error.tsx [Server Component]

  #4 [Client Component SSR]:
    ./src/lib/analytics.ts [Client Component SSR]
    ./src/app/not-found.tsx [Client Component SSR]
    ./src/app/not-found.tsx [Server Component]

  #5 [Client Component Browser]:
    ./src/lib/analytics.ts [Client Component Browser]
    ./src/components/analytics/CookieConsentBanner.tsx [Client Component Browser]
    ./src/components/analytics/CookieConsentBanner.tsx [Server Component]
    ./src/app/layout.tsx [Server Component]

  #6 [Client Component SSR]:
    ./src/lib/analytics.ts [Client Component SSR]
    ./src/components/analytics/CookieConsentBanner.tsx [Client Component SSR]
    ./src/components/analytics/CookieConsentBanner.tsx [Server Component]
    ./src/app/layout.tsx [Server Component] @ http://localhost:3001/_next/static/chunks/node_modules_next_dist_0nzbwyu._.js:2081
[ 6129283ms] [ERROR] ./src/lib/analytics.ts:2:1
Export KEYS doesn't exist in target module
  1 | import Clarity from '@microsoft/clarity';
> 2 | import { EVENTS, KEYS } from './analytics-events';
    | ^^^^^^^^^^^^^^^^^^^^^^^^^^^^^^^^^^^^^^^^^^^^^^^^^^
  3 | import { getAttributionPayload } from './analytics-source';
  4 |
  5 | declare global {

The export KEYS was not found in module [project]/src/lib/analytics-events.ts [app-client] (ecmascript).
The module has no exports at all.
All exports of the module are statically known (It doesn't have dynamic exports). So it's known statically that the requested export doesn't exist.

Import traces:
  #1 [Client Component Browser]:
    ./src/lib/analytics.ts [Client Component Browser]
    ./src/app/error.tsx [Client Component Browser]
    ./src/app/error.tsx [Server Component]

  #2 [Client Component Browser]:
    ./src/lib/analytics.ts [Client Component Browser]
    ./src/app/not-found.tsx [Client Component Browser]
    ./src/app/not-found.tsx [Server Component]

  #3 [Client Component SSR]:
    ./src/lib/analytics.ts [Client Component SSR]
    ./src/app/error.tsx [Client Component SSR]
    ./src/app/error.tsx [Server Component]

  #4 [Client Component SSR]:
    ./src/lib/analytics.ts [Client Component SSR]
    ./src/app/not-found.tsx [Client Component SSR]
    ./src/app/not-found.tsx [Server Component]

  #5 [Client Component Browser]:
    ./src/lib/analytics.ts [Client Component Browser]
    ./src/components/analytics/CookieConsentBanner.tsx [Client Component Browser]
    ./src/components/analytics/CookieConsentBanner.tsx [Server Component]
    ./src/app/layout.tsx [Server Component]

  #6 [Client Component SSR]:
    ./src/lib/analytics.ts [Client Component SSR]
    ./src/components/analytics/CookieConsentBanner.tsx [Client Component SSR]
    ./src/components/analytics/CookieConsentBanner.tsx [Server Component]
    ./src/app/layout.tsx [Server Component] @ http://localhost:3001/_next/static/chunks/node_modules_next_dist_0nzbwyu._.js:2081
[ 6129283ms] [ERROR] ./src/lib/analytics.ts:2:1
Export KEYS doesn't exist in target module
  1 | import Clarity from '@microsoft/clarity';
> 2 | import { EVENTS, KEYS } from './analytics-events';
    | ^^^^^^^^^^^^^^^^^^^^^^^^^^^^^^^^^^^^^^^^^^^^^^^^^^
  3 | import { getAttributionPayload } from './analytics-source';
  4 |
  5 | declare global {

The export KEYS was not found in module [project]/src/lib/analytics-events.ts [app-ssr] (ecmascript).
The module has no exports at all.
All exports of the module are statically known (It doesn't have dynamic exports). So it's known statically that the requested export doesn't exist.

Import traces:
  #1 [Client Component Browser]:
    ./src/lib/analytics.ts [Client Component Browser]
    ./src/app/error.tsx [Client Component Browser]
    ./src/app/error.tsx [Server Component]

  #2 [Client Component Browser]:
    ./src/lib/analytics.ts [Client Component Browser]
    ./src/app/not-found.tsx [Client Component Browser]
    ./src/app/not-found.tsx [Server Component]

  #3 [Client Component SSR]:
    ./src/lib/analytics.ts [Client Component SSR]
    ./src/app/error.tsx [Client Component SSR]
    ./src/app/error.tsx [Server Component]

  #4 [Client Component SSR]:
    ./src/lib/analytics.ts [Client Component SSR]
    ./src/app/not-found.tsx [Client Component SSR]
    ./src/app/not-found.tsx [Server Component]

  #5 [Client Component Browser]:
    ./src/lib/analytics.ts [Client Component Browser]
    ./src/components/analytics/CookieConsentBanner.tsx [Client Component Browser]
    ./src/components/analytics/CookieConsentBanner.tsx [Server Component]
    ./src/app/layout.tsx [Server Component]

  #6 [Client Component SSR]:
    ./src/lib/analytics.ts [Client Component SSR]
    ./src/components/analytics/CookieConsentBanner.tsx [Client Component SSR]
    ./src/components/analytics/CookieConsentBanner.tsx [Server Component]
    ./src/app/layout.tsx [Server Component] @ http://localhost:3001/_next/static/chunks/node_modules_next_dist_0nzbwyu._.js:2081
[ 6129283ms] [ERROR] ./src/components/shared/ScoreBar.tsx:3:1
Module not found: Can't resolve '@dangelopalladino/etf-core/ui-client'
  1 | // Phase 11: ScoreBar sourced from @dangelopalladino/etf-core.
  2 | 'use client';
> 3 | export { ScoreBar as default } from '@dangelopalladino/etf-core/ui-client';
    | ^^^^^^^^^^^^^^^^^^^^^^^^^^^^^^^^^^^^^^^^^^^^^^^^^^^^^^^^^^^^^^^^^^^^^^^^^^^
  4 |

Import traces:
  Client Component Browser:
    ./src/components/shared/ScoreBar.tsx [Client Component Browser]
    ./src/components/results/v2/ScoreDashboard.tsx [Client Component Browser]
    ./src/components/results/v2/ScoreDashboard.tsx [Server Component]
    ./src/app/results/page.tsx [Server Component]

  Client Component SSR:
    ./src/components/shared/ScoreBar.tsx [Client Component SSR]
    ./src/components/results/v2/ScoreDashboard.tsx [Client Component SSR]
    ./src/components/results/v2/ScoreDashboard.tsx [Server Component]
    ./src/app/results/page.tsx [Server Component]

https://nextjs.org/docs/messages/module-not-found @ http://localhost:3001/_next/static/chunks/node_modules_next_dist_0nzbwyu._.js:2081
[ 6129283ms] [ERROR] ./src/components/shared/StatusBadge.tsx:3:1
Module not found: Can't resolve '@dangelopalladino/etf-core/ui-client'
  1 | // Phase 11: StatusBadge sourced from @dangelopalladino/etf-core.
  2 | 'use client';
> 3 | export { StatusBadge as default } from '@dangelopalladino/etf-core/ui-client';
    | ^^^^^^^^^^^^^^^^^^^^^^^^^^^^^^^^^^^^^^^^^^^^^^^^^^^^^^^^^^^^^^^^^^^^^^^^^^^^^^
  4 |

Import traces:
  Client Component Browser:
    ./src/components/shared/StatusBadge.tsx [Client Component Browser]
    ./src/components/results/v2/CoreCodeArchetype.tsx [Client Component Browser]
    ./src/components/results/v2/CoreCodeArchetype.tsx [Server Component]
    ./src/app/results/page.tsx [Server Component]

  Client Component SSR:
    ./src/components/shared/StatusBadge.tsx [Client Component SSR]
    ./src/components/results/v2/CoreCodeArchetype.tsx [Client Component SSR]
    ./src/components/results/v2/CoreCodeArchetype.tsx [Server Component]
    ./src/app/results/page.tsx [Server Component]

https://nextjs.org/docs/messages/module-not-found @ http://localhost:3001/_next/static/chunks/node_modules_next_dist_0nzbwyu._.js:2081
[ 6129283ms] [ERROR] ./src/components/seo/BreadcrumbJsonLd.tsx:2:1
Module not found: Can't resolve '@dangelopalladino/etf-core/seo'
  1 | ...React from 'react';
> 2 | ...{ BreadcrumbJsonLd as Base, type BreadcrumbJsonLdProps } from '@dangelopalladino/etf-cor...
    |    ^^^^^^^^^^^^^^^^^^^^^^^^^^^^^^^^^^^^^^^^^^^^^^^^^^^^^^^^^^^^^^^^^^^^^^^^^^^^^^^^^^^^^^^^^^^
  3 | ...
  4 | ...ITE_URL = process.env.NEXT_PUBLIC_SITE_URL || 'https://www.6identities.com';
  5 | ...

Import trace:
  Server Component:
    ./src/components/seo/BreadcrumbJsonLd.tsx
    ./src/app/professionals/page.tsx

https://nextjs.org/docs/messages/module-not-found @ http://localhost:3001/_next/static/chunks/node_modules_next_dist_0nzbwyu._.js:2081
[ 6129284ms] [ERROR] ./src/components/shared/CtaSection.tsx:3:1
Module not found: Can't resolve '@dangelopalladino/etf-core/ui-client'
  1 | // Phase 11: CtaSection sourced from @dangelopalladino/etf-core.
  2 | 'use client';
> 3 | export { CtaSection as default } from '@dangelopalladino/etf-core/ui-client';
    | ^^^^^^^^^^^^^^^^^^^^^^^^^^^^^^^^^^^^^^^^^^^^^^^^^^^^^^^^^^^^^^^^^^^^^^^^^^^^^
  4 |

Import trace:
  Server Component:
    ./src/components/shared/CtaSection.tsx
    ./src/app/professionals/page.tsx

https://nextjs.org/docs/messages/module-not-found @ http://localhost:3001/_next/static/chunks/node_modules_next_dist_0nzbwyu._.js:2081
[ 6129374ms] [ERROR] Failed to load resource: the server responded with a status of 500 (Internal Server Error) @ http://localhost:3001/?_rsc=1e52p:0
[ 6129418ms] [LOG] [Fast Refresh] rebuilding @ http://localhost:3001/_next/static/chunks/node_modules_next_dist_0nzbwyu._.js:1114
[ 6129424ms] [ERROR] ./src/app/layout.tsx:13:1
Module not found: Can't resolve '@dangelopalladino/etf-core/analytics'
  11 | import { AuthProvider } from "@/components/AuthProvider";
  12 | import PageviewTracker from "@/components/analytics/PageviewTracker";
> 13 | import { GA4Loader } from "@dangelopalladino/etf-core/analytics";
     | ^^^^^^^^^^^^^^^^^^^^^^^^^^^^^^^^^^^^^^^^^^^^^^^^^^^^^^^^^^^^^^^^^
  14 | import ClarityLoader from "@/components/analytics/ClarityLoader";
  15 | import ClarityIdentifier from "@/components/analytics/ClarityIdentifier";
  16 | import CookieConsentBanner from "@/components/analytics/CookieConsentBanner";

https://nextjs.org/docs/messages/module-not-found @ http://localhost:3001/_next/static/chunks/node_modules_next_dist_0nzbwyu._.js:2081
[ 6129425ms] [ERROR] ./src/lib/analytics-events.ts:2:1
Module not found: Can't resolve '@dangelopalladino/etf-core/analytics'
  1 | // Phase 11: analytics event catalog sourced from @dangelopalladino/etf-core.
> 2 | export * from '@dangelopalladino/etf-core/analytics';
    | ^^^^^^^^^^^^^^^^^^^^^^^^^^^^^^^^^^^^^^^^^^^^^^^^^^^^^
  3 |

Import traces:
  Client Component Browser:
    ./src/lib/analytics-events.ts [Client Component Browser]
    ./src/lib/analytics.ts [Client Component Browser]
    ./src/components/analytics/CookieConsentBanner.tsx [Client Component Browser]
    ./src/components/analytics/CookieConsentBanner.tsx [Server Component]
    ./src/app/layout.tsx [Server Component]

  Client Component SSR:
    ./src/lib/analytics-events.ts [Client Component SSR]
    ./src/lib/analytics.ts [Client Component SSR]
    ./src/components/analytics/CookieConsentBanner.tsx [Client Component SSR]
    ./src/components/analytics/CookieConsentBanner.tsx [Server Component]
    ./src/app/layout.tsx [Server Component]

https://nextjs.org/docs/messages/module-not-found @ http://localhost:3001/_next/static/chunks/node_modules_next_dist_0nzbwyu._.js:2081
[ 6129425ms] [ERROR] ./src/app/page.tsx:8:1
Module not found: Can't resolve '@dangelopalladino/etf-core/content'
   6 |   CrownOutlined,
   7 | } from '@ant-design/icons';
>  8 | import { getApprovedTestimonials } from '@dangelopalladino/etf-core/content';
     | ^^^^^^^^^^^^^^^^^^^^^^^^^^^^^^^^^^^^^^^^^^^^^^^^^^^^^^^^^^^^^^^^^^^^^^^^^^^^^
   9 | import { JsonLd } from '@/components/marketing/JsonLd';
  10 | import { LandingSectionExposure } from '@/components/analytics/SectionExposure';
  11 | import FeatureCard from '@/components/primitives/FeatureCard';

https://nextjs.org/docs/messages/module-not-found @ http://localhost:3001/_next/static/chunks/node_modules_next_dist_0nzbwyu._.js:2081
[ 6129425ms] [ERROR] ./src/lib/antd-theme.ts:35:1
Module not found: Can't resolve '@dangelopalladino/etf-core/tokens/6id'
  33 | export type { StatusType } from '@dangelopalladino/etf-core/tokens/6id';
  34 |
> 35 | import { themeConfig as etfCoreThemeConfig } from '@dangelopalladino/etf-core/tokens/6id';
     | ^^^^^^^^^^^^^^^^^^^^^^^^^^^^^^^^^^^^^^^^^^^^^^^^^^^^^^^^^^^^^^^^^^^^^^^^^^^^^^^^^^^^^^^^^^
  36 |
  37 | // Canonical 6i palette — v2 design system (navy + off-white + electric blue)
  38 | const CANONICAL_6I = {

Import traces:
  Client Component Browser:
    ./src/lib/antd-theme.ts [Client Component Browser]
    ./src/components/AntdProvider.tsx [Client Component Browser]
    ./src/components/AntdProvider.tsx [Server Component]
    ./src/app/layout.tsx [Server Component]

  Client Component SSR:
    ./src/lib/antd-theme.ts [Client Component SSR]
    ./src/components/AntdProvider.tsx [Client Component SSR]
    ./src/components/AntdProvider.tsx [Server Component]
    ./src/app/layout.tsx [Server Component]

https://nextjs.org/docs/messages/module-not-found @ http://localhost:3001/_next/static/chunks/node_modules_next_dist_0nzbwyu._.js:2081
[ 6129425ms] [ERROR] ./src/lib/brand-tokens.ts:5:1
Module not found: Can't resolve '@dangelopalladino/etf-core/tokens/6id'
   3 | // IDENTITY_COLORS is overridden here with v2 saturated palette; all other tokens
   4 | // forwarded from etf-core unchanged.
>  5 | export {
     | ^^^^^^^
>  6 |   BLUEPRINT_SHADOWS,
     | ^^^^^^^^^^^^^^^^^^^^
>  7 |   BORDER_TOKENS,
     | ^^^^^^^^^^^^^^^^
>  8 |   BRAND,
     | ^^^^^^^^
>  9 |   BRAND_GOLD,
     | ^^^^^^^^^^^^^
> 10 |   DARK_MODE_COLORS,
     | ^^^^^^^^^^^^^^^^^^^
> 11 |   HEADING_SCALE,
     | ^^^^^^^^^^^^^^^^
> 12 |   SCORE_COLORS,
     | ^^^^^^^^^^^^^^^
> 13 |   SHADOW_TOKENS,
     | ^^^^^^^^^^^^^^^^
> 14 |   STATUS_STYLES,
     | ^^^^^^^^^^^^^^^^
> 15 |   SURFACE_TOKENS,
     | ^^^^^^^^^^^^^^^^^
> 16 |   baseThemeConfig,
     | ^^^^^^^^^^^^^^^^^^
> 17 |   darkThemeConfig,
     | ^^^^^^^^^^^^^^^^^^
> 18 |   getScoreColor,
     | ^^^^^^^^^^^^^^^^
> 19 |   needsDarkTextOnBackground,
     | ^^^^^^^^^^^^^^^^^^^^^^^^^^^^
> 20 | } from '@dangelopalladino/etf-core/tokens/6id';
     | ^^^^^^^^^^^^^^^^^^^^^^^^^^^^^^^^^^^^^^^^^^^^^^^
  21 | export type { StatusType } from '@dangelopalladino/etf-core/tokens/6id';
  22 |
  23 | // v2 saturated identity palette — overrides etf-core pottery-glaze values.

Import traces:
  #1 [Server Component]:
    ./src/lib/brand-tokens.ts
    ./src/app/opengraph-image.tsx
    ./src/app/opengraph-image--metadata.js

  #2 [Server Component]:
    ./src/lib/brand-tokens.ts
    ./src/lib/type-profiles.ts
    ./src/app/page.tsx

https://nextjs.org/docs/messages/module-not-found @ http://localhost:3001/_next/static/chunks/node_modules_next_dist_0nzbwyu._.js:2081
[ 6129425ms] [ERROR] ./src/components/shared/BrandCta.tsx:3:1
Module not found: Can't resolve '@dangelopalladino/etf-core/ui-client'
  1 | // Phase 11: BrandCta sourced from @dangelopalladino/etf-core.
  2 | 'use client';
> 3 | export { BrandCta as default } from '@dangelopalladino/etf-core/ui-client';
    | ^^^^^^^^^^^^^^^^^^^^^^^^^^^^^^^^^^^^^^^^^^^^^^^^^^^^^^^^^^^^^^^^^^^^^^^^^^^
  4 |

Import traces:
  Server Component:
    ./src/components/shared/BrandCta.tsx
    ./src/app/page.tsx

  Client Component Browser:
    ./src/components/shared/BrandCta.tsx [Client Component Browser]
    ./src/app/not-found.tsx [Client Component Browser]
    ./src/app/not-found.tsx [Server Component]

  Client Component SSR:
    ./src/components/shared/BrandCta.tsx [Client Component SSR]
    ./src/app/not-found.tsx [Client Component SSR]
    ./src/app/not-found.tsx [Server Component]

https://nextjs.org/docs/messages/module-not-found @ http://localhost:3001/_next/static/chunks/node_modules_next_dist_0nzbwyu._.js:2081
[ 6129425ms] [ERROR] ./src/components/shared/SectionHeader.tsx:8:1
Module not found: Can't resolve '@dangelopalladino/etf-core/ui-client'
   6 |
   7 | import React from 'react';
>  8 | import { SectionHeader as CoreSectionHeader } from '@dangelopalladino/etf-core/ui-client';
     | ^^^^^^^^^^^^^^^^^^^^^^^^^^^^^^^^^^^^^^^^^^^^^^^^^^^^^^^^^^^^^^^^^^^^^^^^^^^^^^^^^^^^^^^^^^
   9 |
  10 | type CoreAlign = 'left' | 'center';
  11 |

Import trace:
  Server Component:
    ./src/components/shared/SectionHeader.tsx
    ./src/app/page.tsx

https://nextjs.org/docs/messages/module-not-found @ http://localhost:3001/_next/static/chunks/node_modules_next_dist_0nzbwyu._.js:2081
[ 6129425ms] [ERROR] ./src/components/shared/SectionWrapper.tsx:2:1
Module not found: Can't resolve '@dangelopalladino/etf-core/ui-server'
  1 | // Phase 11: server-safe SectionWrapper sourced from @dangelopalladino/etf-core.
> 2 | export { SectionWrapper as default } from '@dangelopalladino/etf-core/ui-server';
    | ^^^^^^^^^^^^^^^^^^^^^^^^^^^^^^^^^^^^^^^^^^^^^^^^^^^^^^^^^^^^^^^^^^^^^^^^^^^^^^^^^
  3 |

Import trace:
  Server Component:
    ./src/components/shared/SectionWrapper.tsx
    ./src/app/page.tsx

https://nextjs.org/docs/messages/module-not-found @ http://localhost:3001/_next/static/chunks/node_modules_next_dist_0nzbwyu._.js:2081
[ 6129425ms] [ERROR] ./src/components/shared/ServerTypography.tsx:6:1
Module not found: Can't resolve '@dangelopalladino/etf-core/ui-server'
  4 | ...e `text-foreground` (warm charcoal). We inject `text-foreground` before any caller-supplied
  5 | ...assName so the token wins even if callers explicitly pass `text-primary`.
> 6 | ...t { ServerHeading as _ServerHeading, ServerText } from '@dangelopalladino/etf-core/ui-se...
    |    ^^^^^^^^^^^^^^^^^^^^^^^^^^^^^^^^^^^^^^^^^^^^^^^^^^^^^^^^^^^^^^^^^^^^^^^^^^^^^^^^^^^^^^^^^^^
  7 | ...t type { ComponentProps } from 'react';
  8 | ...
  9 | ...t function ServerHeading({ className = '', ...props }: ComponentProps<typeof _ServerHead...

Import traces:
  Server Component:
    ./src/components/shared/ServerTypography.tsx
    ./src/app/page.tsx

  Client Component Browser:
    ./src/components/shared/ServerTypography.tsx [Client Component Browser]
    ./src/components/shared/PageHero.tsx [Client Component Browser]
    ./src/components/shared/PageHero.tsx [Server Component]
    ./src/app/page.tsx [Server Component]

  Client Component SSR:
    ./src/components/shared/ServerTypography.tsx [Client Component SSR]
    ./src/components/shared/PageHero.tsx [Client Component SSR]
    ./src/components/shared/PageHero.tsx [Server Component]
    ./src/app/page.tsx [Server Component]

https://nextjs.org/docs/messages/module-not-found @ http://localhost:3001/_next/static/chunks/node_modules_next_dist_0nzbwyu._.js:2081
[ 6129425ms] [ERROR] ./src/lib/analytics.ts:2:1
Export EVENTS doesn't exist in target module
  1 | import Clarity from '@microsoft/clarity';
> 2 | import { EVENTS, KEYS } from './analytics-events';
    | ^^^^^^^^^^^^^^^^^^^^^^^^^^^^^^^^^^^^^^^^^^^^^^^^^^
  3 | import { getAttributionPayload } from './analytics-source';
  4 |
  5 | declare global {

The export EVENTS was not found in module [project]/src/lib/analytics-events.ts [app-client] (ecmascript).
The module has no exports at all.
All exports of the module are statically known (It doesn't have dynamic exports). So it's known statically that the requested export doesn't exist.

Import traces:
  #1 [Client Component Browser]:
    ./src/lib/analytics.ts [Client Component Browser]
    ./src/app/error.tsx [Client Component Browser]
    ./src/app/error.tsx [Server Component]

  #2 [Client Component Browser]:
    ./src/lib/analytics.ts [Client Component Browser]
    ./src/app/not-found.tsx [Client Component Browser]
    ./src/app/not-found.tsx [Server Component]

  #3 [Client Component SSR]:
    ./src/lib/analytics.ts [Client Component SSR]
    ./src/app/error.tsx [Client Component SSR]
    ./src/app/error.tsx [Server Component]

  #4 [Client Component SSR]:
    ./src/lib/analytics.ts [Client Component SSR]
    ./src/app/not-found.tsx [Client Component SSR]
    ./src/app/not-found.tsx [Server Component]

  #5 [Client Component Browser]:
    ./src/lib/analytics.ts [Client Component Browser]
    ./src/components/analytics/CookieConsentBanner.tsx [Client Component Browser]
    ./src/components/analytics/CookieConsentBanner.tsx [Server Component]
    ./src/app/layout.tsx [Server Component]

  #6 [Client Component SSR]:
    ./src/lib/analytics.ts [Client Component SSR]
    ./src/components/analytics/CookieConsentBanner.tsx [Client Component SSR]
    ./src/components/analytics/CookieConsentBanner.tsx [Server Component]
    ./src/app/layout.tsx [Server Component] @ http://localhost:3001/_next/static/chunks/node_modules_next_dist_0nzbwyu._.js:2081
[ 6129425ms] [ERROR] ./src/lib/analytics.ts:2:1
Export EVENTS doesn't exist in target module
  1 | import Clarity from '@microsoft/clarity';
> 2 | import { EVENTS, KEYS } from './analytics-events';
    | ^^^^^^^^^^^^^^^^^^^^^^^^^^^^^^^^^^^^^^^^^^^^^^^^^^
  3 | import { getAttributionPayload } from './analytics-source';
  4 |
  5 | declare global {

The export EVENTS was not found in module [project]/src/lib/analytics-events.ts [app-ssr] (ecmascript).
The module has no exports at all.
All exports of the module are statically known (It doesn't have dynamic exports). So it's known statically that the requested export doesn't exist.

Import traces:
  #1 [Client Component Browser]:
    ./src/lib/analytics.ts [Client Component Browser]
    ./src/app/error.tsx [Client Component Browser]
    ./src/app/error.tsx [Server Component]

  #2 [Client Component Browser]:
    ./src/lib/analytics.ts [Client Component Browser]
    ./src/app/not-found.tsx [Client Component Browser]
    ./src/app/not-found.tsx [Server Component]

  #3 [Client Component SSR]:
    ./src/lib/analytics.ts [Client Component SSR]
    ./src/app/error.tsx [Client Component SSR]
    ./src/app/error.tsx [Server Component]

  #4 [Client Component SSR]:
    ./src/lib/analytics.ts [Client Component SSR]
    ./src/app/not-found.tsx [Client Component SSR]
    ./src/app/not-found.tsx [Server Component]

  #5 [Client Component Browser]:
    ./src/lib/analytics.ts [Client Component Browser]
    ./src/components/analytics/CookieConsentBanner.tsx [Client Component Browser]
    ./src/components/analytics/CookieConsentBanner.tsx [Server Component]
    ./src/app/layout.tsx [Server Component]

  #6 [Client Component SSR]:
    ./src/lib/analytics.ts [Client Component SSR]
    ./src/components/analytics/CookieConsentBanner.tsx [Client Component SSR]
    ./src/components/analytics/CookieConsentBanner.tsx [Server Component]
    ./src/app/layout.tsx [Server Component] @ http://localhost:3001/_next/static/chunks/node_modules_next_dist_0nzbwyu._.js:2081
[ 6129426ms] [ERROR] ./src/lib/analytics.ts:2:1
Export KEYS doesn't exist in target module
  1 | import Clarity from '@microsoft/clarity';
> 2 | import { EVENTS, KEYS } from './analytics-events';
    | ^^^^^^^^^^^^^^^^^^^^^^^^^^^^^^^^^^^^^^^^^^^^^^^^^^
  3 | import { getAttributionPayload } from './analytics-source';
  4 |
  5 | declare global {

The export KEYS was not found in module [project]/src/lib/analytics-events.ts [app-client] (ecmascript).
The module has no exports at all.
All exports of the module are statically known (It doesn't have dynamic exports). So it's known statically that the requested export doesn't exist.

Import traces:
  #1 [Client Component Browser]:
    ./src/lib/analytics.ts [Client Component Browser]
    ./src/app/error.tsx [Client Component Browser]
    ./src/app/error.tsx [Server Component]

  #2 [Client Component Browser]:
    ./src/lib/analytics.ts [Client Component Browser]
    ./src/app/not-found.tsx [Client Component Browser]
    ./src/app/not-found.tsx [Server Component]

  #3 [Client Component SSR]:
    ./src/lib/analytics.ts [Client Component SSR]
    ./src/app/error.tsx [Client Component SSR]
    ./src/app/error.tsx [Server Component]

  #4 [Client Component SSR]:
    ./src/lib/analytics.ts [Client Component SSR]
    ./src/app/not-found.tsx [Client Component SSR]
    ./src/app/not-found.tsx [Server Component]

  #5 [Client Component Browser]:
    ./src/lib/analytics.ts [Client Component Browser]
    ./src/components/analytics/CookieConsentBanner.tsx [Client Component Browser]
    ./src/components/analytics/CookieConsentBanner.tsx [Server Component]
    ./src/app/layout.tsx [Server Component]

  #6 [Client Component SSR]:
    ./src/lib/analytics.ts [Client Component SSR]
    ./src/components/analytics/CookieConsentBanner.tsx [Client Component SSR]
    ./src/components/analytics/CookieConsentBanner.tsx [Server Component]
    ./src/app/layout.tsx [Server Component] @ http://localhost:3001/_next/static/chunks/node_modules_next_dist_0nzbwyu._.js:2081
[ 6129426ms] [ERROR] ./src/lib/analytics.ts:2:1
Export KEYS doesn't exist in target module
  1 | import Clarity from '@microsoft/clarity';
> 2 | import { EVENTS, KEYS } from './analytics-events';
    | ^^^^^^^^^^^^^^^^^^^^^^^^^^^^^^^^^^^^^^^^^^^^^^^^^^
  3 | import { getAttributionPayload } from './analytics-source';
  4 |
  5 | declare global {

The export KEYS was not found in module [project]/src/lib/analytics-events.ts [app-ssr] (ecmascript).
The module has no exports at all.
All exports of the module are statically known (It doesn't have dynamic exports). So it's known statically that the requested export doesn't exist.

Import traces:
  #1 [Client Component Browser]:
    ./src/lib/analytics.ts [Client Component Browser]
    ./src/app/error.tsx [Client Component Browser]
    ./src/app/error.tsx [Server Component]

  #2 [Client Component Browser]:
    ./src/lib/analytics.ts [Client Component Browser]
    ./src/app/not-found.tsx [Client Component Browser]
    ./src/app/not-found.tsx [Server Component]

  #3 [Client Component SSR]:
    ./src/lib/analytics.ts [Client Component SSR]
    ./src/app/error.tsx [Client Component SSR]
    ./src/app/error.tsx [Server Component]

  #4 [Client Component SSR]:
    ./src/lib/analytics.ts [Client Component SSR]
    ./src/app/not-found.tsx [Client Component SSR]
    ./src/app/not-found.tsx [Server Component]

  #5 [Client Component Browser]:
    ./src/lib/analytics.ts [Client Component Browser]
    ./src/components/analytics/CookieConsentBanner.tsx [Client Component Browser]
    ./src/components/analytics/CookieConsentBanner.tsx [Server Component]
    ./src/app/layout.tsx [Server Component]

  #6 [Client Component SSR]:
    ./src/lib/analytics.ts [Client Component SSR]
    ./src/components/analytics/CookieConsentBanner.tsx [Client Component SSR]
    ./src/components/analytics/CookieConsentBanner.tsx [Server Component]
    ./src/app/layout.tsx [Server Component] @ http://localhost:3001/_next/static/chunks/node_modules_next_dist_0nzbwyu._.js:2081
[ 6129426ms] [ERROR] ./src/components/shared/ScoreBar.tsx:3:1
Module not found: Can't resolve '@dangelopalladino/etf-core/ui-client'
  1 | // Phase 11: ScoreBar sourced from @dangelopalladino/etf-core.
  2 | 'use client';
> 3 | export { ScoreBar as default } from '@dangelopalladino/etf-core/ui-client';
    | ^^^^^^^^^^^^^^^^^^^^^^^^^^^^^^^^^^^^^^^^^^^^^^^^^^^^^^^^^^^^^^^^^^^^^^^^^^^
  4 |

Import traces:
  Client Component Browser:
    ./src/components/shared/ScoreBar.tsx [Client Component Browser]
    ./src/components/results/v2/ScoreDashboard.tsx [Client Component Browser]
    ./src/components/results/v2/ScoreDashboard.tsx [Server Component]
    ./src/app/results/page.tsx [Server Component]

  Client Component SSR:
    ./src/components/shared/ScoreBar.tsx [Client Component SSR]
    ./src/components/results/v2/ScoreDashboard.tsx [Client Component SSR]
    ./src/components/results/v2/ScoreDashboard.tsx [Server Component]
    ./src/app/results/page.tsx [Server Component]

https://nextjs.org/docs/messages/module-not-found @ http://localhost:3001/_next/static/chunks/node_modules_next_dist_0nzbwyu._.js:2081
[ 6129426ms] [ERROR] ./src/components/shared/StatusBadge.tsx:3:1
Module not found: Can't resolve '@dangelopalladino/etf-core/ui-client'
  1 | // Phase 11: StatusBadge sourced from @dangelopalladino/etf-core.
  2 | 'use client';
> 3 | export { StatusBadge as default } from '@dangelopalladino/etf-core/ui-client';
    | ^^^^^^^^^^^^^^^^^^^^^^^^^^^^^^^^^^^^^^^^^^^^^^^^^^^^^^^^^^^^^^^^^^^^^^^^^^^^^^
  4 |

Import traces:
  Client Component Browser:
    ./src/components/shared/StatusBadge.tsx [Client Component Browser]
    ./src/components/results/v2/CoreCodeArchetype.tsx [Client Component Browser]
    ./src/components/results/v2/CoreCodeArchetype.tsx [Server Component]
    ./src/app/results/page.tsx [Server Component]

  Client Component SSR:
    ./src/components/shared/StatusBadge.tsx [Client Component SSR]
    ./src/components/results/v2/CoreCodeArchetype.tsx [Client Component SSR]
    ./src/components/results/v2/CoreCodeArchetype.tsx [Server Component]
    ./src/app/results/page.tsx [Server Component]

https://nextjs.org/docs/messages/module-not-found @ http://localhost:3001/_next/static/chunks/node_modules_next_dist_0nzbwyu._.js:2081
[ 6129426ms] [ERROR] ./src/components/seo/BreadcrumbJsonLd.tsx:2:1
Module not found: Can't resolve '@dangelopalladino/etf-core/seo'
  1 | ...React from 'react';
> 2 | ...{ BreadcrumbJsonLd as Base, type BreadcrumbJsonLdProps } from '@dangelopalladino/etf-cor...
    |    ^^^^^^^^^^^^^^^^^^^^^^^^^^^^^^^^^^^^^^^^^^^^^^^^^^^^^^^^^^^^^^^^^^^^^^^^^^^^^^^^^^^^^^^^^^^
  3 | ...
  4 | ...ITE_URL = process.env.NEXT_PUBLIC_SITE_URL || 'https://www.6identities.com';
  5 | ...

Import trace:
  Server Component:
    ./src/components/seo/BreadcrumbJsonLd.tsx
    ./src/app/professionals/page.tsx

https://nextjs.org/docs/messages/module-not-found @ http://localhost:3001/_next/static/chunks/node_modules_next_dist_0nzbwyu._.js:2081
[ 6129426ms] [ERROR] ./src/components/shared/CtaSection.tsx:3:1
Module not found: Can't resolve '@dangelopalladino/etf-core/ui-client'
  1 | // Phase 11: CtaSection sourced from @dangelopalladino/etf-core.
  2 | 'use client';
> 3 | export { CtaSection as default } from '@dangelopalladino/etf-core/ui-client';
    | ^^^^^^^^^^^^^^^^^^^^^^^^^^^^^^^^^^^^^^^^^^^^^^^^^^^^^^^^^^^^^^^^^^^^^^^^^^^^^
  4 |

Import trace:
  Server Component:
    ./src/components/shared/CtaSection.tsx
    ./src/app/professionals/page.tsx

https://nextjs.org/docs/messages/module-not-found @ http://localhost:3001/_next/static/chunks/node_modules_next_dist_0nzbwyu._.js:2081
[ 6129609ms] [LOG] %c[Vercel Speed Insights]%c [vitals] color: rgb(120, 120, 120) color: inherit {speed: 4g, metrics: Array(3), scriptVersion: 0.1.3, sdkName: @vercel/speed-insights/next, sdkVersion: 2.0.0} /_vercel/speed-insights/vitals @ http://localhost:3001/_next/static/chunks/node_modules_next_dist_0nzbwyu._.js:1114
[ 6129610ms] [LOG] %c[Vercel Speed Insights]%c [vitals] color: rgb(120, 120, 120) color: inherit {speed: 4g, metrics: Array(1), scriptVersion: 0.1.3, sdkName: @vercel/speed-insights/next, sdkVersion: 2.0.0} /_vercel/speed-insights/vitals @ http://localhost:3001/_next/static/chunks/node_modules_next_dist_0nzbwyu._.js:1114
[ 6129617ms] [ERROR] Failed to load resource: the server responded with a status of 500 (Internal Server Error) @ http://localhost:3001/:0
[ 6130645ms] [INFO] %cDownload the React DevTools for a better development experience: https://react.dev/link/react-devtools font-weight:bold @ http://localhost:3001/_next/static/chunks/node_modules_react-dom_0bruynb._.js:15309
[ 6130701ms] [ERROR] Refused to execute script from 'http://localhost:3001/_next/static/development/_clientMiddlewareManifest.js' because its MIME type ('application/json') is not executable, and strict MIME type checking is enabled. @ http://localhost:3001/:0
[ 6130717ms] Error: ./src/app/layout.tsx:13:1
Module not found: Can't resolve '@dangelopalladino/etf-core/analytics'
  11 | import { AuthProvider } from "@/components/AuthProvider";
  12 | import PageviewTracker from "@/components/analytics/PageviewTracker";
> 13 | import { GA4Loader } from "@dangelopalladino/etf-core/analytics";
     | ^^^^^^^^^^^^^^^^^^^^^^^^^^^^^^^^^^^^^^^^^^^^^^^^^^^^^^^^^^^^^^^^^
  14 | import ClarityLoader from "@/components/analytics/ClarityLoader";
  15 | import ClarityIdentifier from "@/components/analytics/ClarityIdentifier";
  16 | import CookieConsentBanner from "@/components/analytics/CookieConsentBanner";



https://nextjs.org/docs/messages/module-not-found


    at <unknown> (Error: ./src/app/layout.tsx:13:1)
    at <unknown> (https://nextjs.org/docs/messages/module-not-found)
    at Object.getCompilationErrors (file:///Users/dangelor.palladinolckroomr/Code/ETFtestSite/node_modules/next/dist/server/dev/hot-reloader-turbopack.js:1186:59)
    at DevBundlerService.getCompilationError (file:///Users/dangelor.palladinolckroomr/Code/ETFtestSite/node_modules/next/dist/server/lib/dev-bundler-service.js:44:55)
    at DevServer.getCompilationError (file:///Users/dangelor.palladinolckroomr/Code/ETFtestSite/node_modules/next/dist/server/dev/next-dev-server.js:719:42)
    at DevServer.findPageComponents (file:///Users/dangelor.palladinolckroomr/Code/ETFtestSite/node_modules/next/dist/server/dev/next-dev-server.js:689:43)
    at async DevServer.renderErrorToResponseImpl (file:///Users/dangelor.palladinolckroomr/Code/ETFtestSite/node_modules/next/dist/server/base-server.js:1745:26)
[ 6130706ms] [LOG] [HMR] connected @ http://localhost:3001/_next/static/chunks/node_modules_next_dist_0u_w_5s._.js:1305
[ 6130714ms] [ERROR] ./src/app/layout.tsx:13:1
Module not found: Can't resolve '@dangelopalladino/etf-core/analytics'
  11 | import { AuthProvider } from "@/components/AuthProvider";
  12 | import PageviewTracker from "@/components/analytics/PageviewTracker";
> 13 | import { GA4Loader } from "@dangelopalladino/etf-core/analytics";
     | ^^^^^^^^^^^^^^^^^^^^^^^^^^^^^^^^^^^^^^^^^^^^^^^^^^^^^^^^^^^^^^^^^
  14 | import ClarityLoader from "@/components/analytics/ClarityLoader";
  15 | import ClarityIdentifier from "@/components/analytics/ClarityIdentifier";
  16 | import CookieConsentBanner from "@/components/analytics/CookieConsentBanner";

https://nextjs.org/docs/messages/module-not-found @ http://localhost:3001/_next/static/chunks/node_modules_next_dist_0u_w_5s._.js:2097
[ 6130715ms] [ERROR] ./src/lib/analytics-events.ts:2:1
Module not found: Can't resolve '@dangelopalladino/etf-core/analytics'
  1 | // Phase 11: analytics event catalog sourced from @dangelopalladino/etf-core.
> 2 | export * from '@dangelopalladino/etf-core/analytics';
    | ^^^^^^^^^^^^^^^^^^^^^^^^^^^^^^^^^^^^^^^^^^^^^^^^^^^^^
  3 |

Import traces:
  Client Component Browser:
    ./src/lib/analytics-events.ts [Client Component Browser]
    ./src/lib/analytics.ts [Client Component Browser]
    ./src/components/analytics/CookieConsentBanner.tsx [Client Component Browser]
    ./src/components/analytics/CookieConsentBanner.tsx [Server Component]
    ./src/app/layout.tsx [Server Component]

  Client Component SSR:
    ./src/lib/analytics-events.ts [Client Component SSR]
    ./src/lib/analytics.ts [Client Component SSR]
    ./src/components/analytics/CookieConsentBanner.tsx [Client Component SSR]
    ./src/components/analytics/CookieConsentBanner.tsx [Server Component]
    ./src/app/layout.tsx [Server Component]

https://nextjs.org/docs/messages/module-not-found @ http://localhost:3001/_next/static/chunks/node_modules_next_dist_0u_w_5s._.js:2097
[ 6130715ms] [ERROR] ./src/app/page.tsx:8:1
Module not found: Can't resolve '@dangelopalladino/etf-core/content'
   6 |   CrownOutlined,
   7 | } from '@ant-design/icons';
>  8 | import { getApprovedTestimonials } from '@dangelopalladino/etf-core/content';
     | ^^^^^^^^^^^^^^^^^^^^^^^^^^^^^^^^^^^^^^^^^^^^^^^^^^^^^^^^^^^^^^^^^^^^^^^^^^^^^
   9 | import { JsonLd } from '@/components/marketing/JsonLd';
  10 | import { LandingSectionExposure } from '@/components/analytics/SectionExposure';
  11 | import FeatureCard from '@/components/primitives/FeatureCard';

https://nextjs.org/docs/messages/module-not-found @ http://localhost:3001/_next/static/chunks/node_modules_next_dist_0u_w_5s._.js:2097
[ 6130716ms] [ERROR] ./src/lib/antd-theme.ts:35:1
Module not found: Can't resolve '@dangelopalladino/etf-core/tokens/6id'
  33 | export type { StatusType } from '@dangelopalladino/etf-core/tokens/6id';
  34 |
> 35 | import { themeConfig as etfCoreThemeConfig } from '@dangelopalladino/etf-core/tokens/6id';
     | ^^^^^^^^^^^^^^^^^^^^^^^^^^^^^^^^^^^^^^^^^^^^^^^^^^^^^^^^^^^^^^^^^^^^^^^^^^^^^^^^^^^^^^^^^^
  36 |
  37 | // Canonical 6i palette — v2 design system (navy + off-white + electric blue)
  38 | const CANONICAL_6I = {

Import traces:
  Client Component Browser:
    ./src/lib/antd-theme.ts [Client Component Browser]
    ./src/components/AntdProvider.tsx [Client Component Browser]
    ./src/components/AntdProvider.tsx [Server Component]
    ./src/app/layout.tsx [Server Component]

  Client Component SSR:
    ./src/lib/antd-theme.ts [Client Component SSR]
    ./src/components/AntdProvider.tsx [Client Component SSR]
    ./src/components/AntdProvider.tsx [Server Component]
    ./src/app/layout.tsx [Server Component]

https://nextjs.org/docs/messages/module-not-found @ http://localhost:3001/_next/static/chunks/node_modules_next_dist_0u_w_5s._.js:2097
[ 6130716ms] [ERROR] ./src/lib/brand-tokens.ts:5:1
Module not found: Can't resolve '@dangelopalladino/etf-core/tokens/6id'
   3 | // IDENTITY_COLORS is overridden here with v2 saturated palette; all other tokens
   4 | // forwarded from etf-core unchanged.
>  5 | export {
     | ^^^^^^^
>  6 |   BLUEPRINT_SHADOWS,
     | ^^^^^^^^^^^^^^^^^^^^
>  7 |   BORDER_TOKENS,
     | ^^^^^^^^^^^^^^^^
>  8 |   BRAND,
     | ^^^^^^^^
>  9 |   BRAND_GOLD,
     | ^^^^^^^^^^^^^
> 10 |   DARK_MODE_COLORS,
     | ^^^^^^^^^^^^^^^^^^^
> 11 |   HEADING_SCALE,
     | ^^^^^^^^^^^^^^^^
> 12 |   SCORE_COLORS,
     | ^^^^^^^^^^^^^^^
> 13 |   SHADOW_TOKENS,
     | ^^^^^^^^^^^^^^^^
> 14 |   STATUS_STYLES,
     | ^^^^^^^^^^^^^^^^
> 15 |   SURFACE_TOKENS,
     | ^^^^^^^^^^^^^^^^^
> 16 |   baseThemeConfig,
     | ^^^^^^^^^^^^^^^^^^
> 17 |   darkThemeConfig,
     | ^^^^^^^^^^^^^^^^^^
> 18 |   getScoreColor,
     | ^^^^^^^^^^^^^^^^
> 19 |   needsDarkTextOnBackground,
     | ^^^^^^^^^^^^^^^^^^^^^^^^^^^^
> 20 | } from '@dangelopalladino/etf-core/tokens/6id';
     | ^^^^^^^^^^^^^^^^^^^^^^^^^^^^^^^^^^^^^^^^^^^^^^^
  21 | export type { StatusType } from '@dangelopalladino/etf-core/tokens/6id';
  22 |
  23 | // v2 saturated identity palette — overrides etf-core pottery-glaze values.

Import traces:
  #1 [Server Component]:
    ./src/lib/brand-tokens.ts
    ./src/app/opengraph-image.tsx
    ./src/app/opengraph-image--metadata.js

  #2 [Server Component]:
    ./src/lib/brand-tokens.ts
    ./src/lib/type-profiles.ts
    ./src/app/page.tsx

https://nextjs.org/docs/messages/module-not-found @ http://localhost:3001/_next/static/chunks/node_modules_next_dist_0u_w_5s._.js:2097
[ 6130716ms] [ERROR] ./src/components/shared/BrandCta.tsx:3:1
Module not found: Can't resolve '@dangelopalladino/etf-core/ui-client'
  1 | // Phase 11: BrandCta sourced from @dangelopalladino/etf-core.
  2 | 'use client';
> 3 | export { BrandCta as default } from '@dangelopalladino/etf-core/ui-client';
    | ^^^^^^^^^^^^^^^^^^^^^^^^^^^^^^^^^^^^^^^^^^^^^^^^^^^^^^^^^^^^^^^^^^^^^^^^^^^
  4 |

Import traces:
  Server Component:
    ./src/components/shared/BrandCta.tsx
    ./src/app/page.tsx

  Client Component Browser:
    ./src/components/shared/BrandCta.tsx [Client Component Browser]
    ./src/app/not-found.tsx [Client Component Browser]
    ./src/app/not-found.tsx [Server Component]

  Client Component SSR:
    ./src/components/shared/BrandCta.tsx [Client Component SSR]
    ./src/app/not-found.tsx [Client Component SSR]
    ./src/app/not-found.tsx [Server Component]

https://nextjs.org/docs/messages/module-not-found @ http://localhost:3001/_next/static/chunks/node_modules_next_dist_0u_w_5s._.js:2097
[ 6130716ms] [ERROR] ./src/components/shared/SectionHeader.tsx:8:1
Module not found: Can't resolve '@dangelopalladino/etf-core/ui-client'
   6 |
   7 | import React from 'react';
>  8 | import { SectionHeader as CoreSectionHeader } from '@dangelopalladino/etf-core/ui-client';
     | ^^^^^^^^^^^^^^^^^^^^^^^^^^^^^^^^^^^^^^^^^^^^^^^^^^^^^^^^^^^^^^^^^^^^^^^^^^^^^^^^^^^^^^^^^^
   9 |
  10 | type CoreAlign = 'left' | 'center';
  11 |

Import trace:
  Server Component:
    ./src/components/shared/SectionHeader.tsx
    ./src/app/page.tsx

https://nextjs.org/docs/messages/module-not-found @ http://localhost:3001/_next/static/chunks/node_modules_next_dist_0u_w_5s._.js:2097
[ 6130716ms] [ERROR] ./src/components/shared/SectionWrapper.tsx:2:1
Module not found: Can't resolve '@dangelopalladino/etf-core/ui-server'
  1 | // Phase 11: server-safe SectionWrapper sourced from @dangelopalladino/etf-core.
> 2 | export { SectionWrapper as default } from '@dangelopalladino/etf-core/ui-server';
    | ^^^^^^^^^^^^^^^^^^^^^^^^^^^^^^^^^^^^^^^^^^^^^^^^^^^^^^^^^^^^^^^^^^^^^^^^^^^^^^^^^
  3 |

Import trace:
  Server Component:
    ./src/components/shared/SectionWrapper.tsx
    ./src/app/page.tsx

https://nextjs.org/docs/messages/module-not-found @ http://localhost:3001/_next/static/chunks/node_modules_next_dist_0u_w_5s._.js:2097
[ 6130716ms] [ERROR] ./src/components/shared/ServerTypography.tsx:6:1
Module not found: Can't resolve '@dangelopalladino/etf-core/ui-server'
  4 | ...e `text-foreground` (warm charcoal). We inject `text-foreground` before any caller-supplied
  5 | ...assName so the token wins even if callers explicitly pass `text-primary`.
> 6 | ...t { ServerHeading as _ServerHeading, ServerText } from '@dangelopalladino/etf-core/ui-se...
    |    ^^^^^^^^^^^^^^^^^^^^^^^^^^^^^^^^^^^^^^^^^^^^^^^^^^^^^^^^^^^^^^^^^^^^^^^^^^^^^^^^^^^^^^^^^^^
  7 | ...t type { ComponentProps } from 'react';
  8 | ...
  9 | ...t function ServerHeading({ className = '', ...props }: ComponentProps<typeof _ServerHead...

Import traces:
  Server Component:
    ./src/components/shared/ServerTypography.tsx
    ./src/app/page.tsx

  Client Component Browser:
    ./src/components/shared/ServerTypography.tsx [Client Component Browser]
    ./src/components/shared/PageHero.tsx [Client Component Browser]
    ./src/components/shared/PageHero.tsx [Server Component]
    ./src/app/page.tsx [Server Component]

  Client Component SSR:
    ./src/components/shared/ServerTypography.tsx [Client Component SSR]
    ./src/components/shared/PageHero.tsx [Client Component SSR]
    ./src/components/shared/PageHero.tsx [Server Component]
    ./src/app/page.tsx [Server Component]

https://nextjs.org/docs/messages/module-not-found @ http://localhost:3001/_next/static/chunks/node_modules_next_dist_0u_w_5s._.js:2097
[ 6130716ms] [ERROR] ./src/lib/analytics.ts:2:1
Export EVENTS doesn't exist in target module
  1 | import Clarity from '@microsoft/clarity';
> 2 | import { EVENTS, KEYS } from './analytics-events';
    | ^^^^^^^^^^^^^^^^^^^^^^^^^^^^^^^^^^^^^^^^^^^^^^^^^^
  3 | import { getAttributionPayload } from './analytics-source';
  4 |
  5 | declare global {

The export EVENTS was not found in module [project]/src/lib/analytics-events.ts [app-client] (ecmascript).
The module has no exports at all.
All exports of the module are statically known (It doesn't have dynamic exports). So it's known statically that the requested export doesn't exist.

Import traces:
  #1 [Client Component Browser]:
    ./src/lib/analytics.ts [Client Component Browser]
    ./src/app/error.tsx [Client Component Browser]
    ./src/app/error.tsx [Server Component]

  #2 [Client Component Browser]:
    ./src/lib/analytics.ts [Client Component Browser]
    ./src/app/not-found.tsx [Client Component Browser]
    ./src/app/not-found.tsx [Server Component]

  #3 [Client Component SSR]:
    ./src/lib/analytics.ts [Client Component SSR]
    ./src/app/error.tsx [Client Component SSR]
    ./src/app/error.tsx [Server Component]

  #4 [Client Component SSR]:
    ./src/lib/analytics.ts [Client Component SSR]
    ./src/app/not-found.tsx [Client Component SSR]
    ./src/app/not-found.tsx [Server Component]

  #5 [Client Component Browser]:
    ./src/lib/analytics.ts [Client Component Browser]
    ./src/components/analytics/CookieConsentBanner.tsx [Client Component Browser]
    ./src/components/analytics/CookieConsentBanner.tsx [Server Component]
    ./src/app/layout.tsx [Server Component]

  #6 [Client Component SSR]:
    ./src/lib/analytics.ts [Client Component SSR]
    ./src/components/analytics/CookieConsentBanner.tsx [Client Component SSR]
    ./src/components/analytics/CookieConsentBanner.tsx [Server Component]
    ./src/app/layout.tsx [Server Component] @ http://localhost:3001/_next/static/chunks/node_modules_next_dist_0u_w_5s._.js:2097
[ 6130716ms] [ERROR] ./src/lib/analytics.ts:2:1
Export EVENTS doesn't exist in target module
  1 | import Clarity from '@microsoft/clarity';
> 2 | import { EVENTS, KEYS } from './analytics-events';
    | ^^^^^^^^^^^^^^^^^^^^^^^^^^^^^^^^^^^^^^^^^^^^^^^^^^
  3 | import { getAttributionPayload } from './analytics-source';
  4 |
  5 | declare global {

The export EVENTS was not found in module [project]/src/lib/analytics-events.ts [app-ssr] (ecmascript).
The module has no exports at all.
All exports of the module are statically known (It doesn't have dynamic exports). So it's known statically that the requested export doesn't exist.

Import traces:
  #1 [Client Component Browser]:
    ./src/lib/analytics.ts [Client Component Browser]
    ./src/app/error.tsx [Client Component Browser]
    ./src/app/error.tsx [Server Component]

  #2 [Client Component Browser]:
    ./src/lib/analytics.ts [Client Component Browser]
    ./src/app/not-found.tsx [Client Component Browser]
    ./src/app/not-found.tsx [Server Component]

  #3 [Client Component SSR]:
    ./src/lib/analytics.ts [Client Component SSR]
    ./src/app/error.tsx [Client Component SSR]
    ./src/app/error.tsx [Server Component]

  #4 [Client Component SSR]:
    ./src/lib/analytics.ts [Client Component SSR]
    ./src/app/not-found.tsx [Client Component SSR]
    ./src/app/not-found.tsx [Server Component]

  #5 [Client Component Browser]:
    ./src/lib/analytics.ts [Client Component Browser]
    ./src/components/analytics/CookieConsentBanner.tsx [Client Component Browser]
    ./src/components/analytics/CookieConsentBanner.tsx [Server Component]
    ./src/app/layout.tsx [Server Component]

  #6 [Client Component SSR]:
    ./src/lib/analytics.ts [Client Component SSR]
    ./src/components/analytics/CookieConsentBanner.tsx [Client Component SSR]
    ./src/components/analytics/CookieConsentBanner.tsx [Server Component]
    ./src/app/layout.tsx [Server Component] @ http://localhost:3001/_next/static/chunks/node_modules_next_dist_0u_w_5s._.js:2097
[ 6130716ms] [ERROR] ./src/lib/analytics.ts:2:1
Export KEYS doesn't exist in target module
  1 | import Clarity from '@microsoft/clarity';
> 2 | import { EVENTS, KEYS } from './analytics-events';
    | ^^^^^^^^^^^^^^^^^^^^^^^^^^^^^^^^^^^^^^^^^^^^^^^^^^
  3 | import { getAttributionPayload } from './analytics-source';
  4 |
  5 | declare global {

The export KEYS was not found in module [project]/src/lib/analytics-events.ts [app-client] (ecmascript).
The module has no exports at all.
All exports of the module are statically known (It doesn't have dynamic exports). So it's known statically that the requested export doesn't exist.

Import traces:
  #1 [Client Component Browser]:
    ./src/lib/analytics.ts [Client Component Browser]
    ./src/app/error.tsx [Client Component Browser]
    ./src/app/error.tsx [Server Component]

  #2 [Client Component Browser]:
    ./src/lib/analytics.ts [Client Component Browser]
    ./src/app/not-found.tsx [Client Component Browser]
    ./src/app/not-found.tsx [Server Component]

  #3 [Client Component SSR]:
    ./src/lib/analytics.ts [Client Component SSR]
    ./src/app/error.tsx [Client Component SSR]
    ./src/app/error.tsx [Server Component]

  #4 [Client Component SSR]:
    ./src/lib/analytics.ts [Client Component SSR]
    ./src/app/not-found.tsx [Client Component SSR]
    ./src/app/not-found.tsx [Server Component]

  #5 [Client Component Browser]:
    ./src/lib/analytics.ts [Client Component Browser]
    ./src/components/analytics/CookieConsentBanner.tsx [Client Component Browser]
    ./src/components/analytics/CookieConsentBanner.tsx [Server Component]
    ./src/app/layout.tsx [Server Component]

  #6 [Client Component SSR]:
    ./src/lib/analytics.ts [Client Component SSR]
    ./src/components/analytics/CookieConsentBanner.tsx [Client Component SSR]
    ./src/components/analytics/CookieConsentBanner.tsx [Server Component]
    ./src/app/layout.tsx [Server Component] @ http://localhost:3001/_next/static/chunks/node_modules_next_dist_0u_w_5s._.js:2097
[ 6130716ms] [ERROR] ./src/lib/analytics.ts:2:1
Export KEYS doesn't exist in target module
  1 | import Clarity from '@microsoft/clarity';
> 2 | import { EVENTS, KEYS } from './analytics-events';
    | ^^^^^^^^^^^^^^^^^^^^^^^^^^^^^^^^^^^^^^^^^^^^^^^^^^
  3 | import { getAttributionPayload } from './analytics-source';
  4 |
  5 | declare global {

The export KEYS was not found in module [project]/src/lib/analytics-events.ts [app-ssr] (ecmascript).
The module has no exports at all.
All exports of the module are statically known (It doesn't have dynamic exports). So it's known statically that the requested export doesn't exist.

Import traces:
  #1 [Client Component Browser]:
    ./src/lib/analytics.ts [Client Component Browser]
    ./src/app/error.tsx [Client Component Browser]
    ./src/app/error.tsx [Server Component]

  #2 [Client Component Browser]:
    ./src/lib/analytics.ts [Client Component Browser]
    ./src/app/not-found.tsx [Client Component Browser]
    ./src/app/not-found.tsx [Server Component]

  #3 [Client Component SSR]:
    ./src/lib/analytics.ts [Client Component SSR]
    ./src/app/error.tsx [Client Component SSR]
    ./src/app/error.tsx [Server Component]

  #4 [Client Component SSR]:
    ./src/lib/analytics.ts [Client Component SSR]
    ./src/app/not-found.tsx [Client Component SSR]
    ./src/app/not-found.tsx [Server Component]

  #5 [Client Component Browser]:
    ./src/lib/analytics.ts [Client Component Browser]
    ./src/components/analytics/CookieConsentBanner.tsx [Client Component Browser]
    ./src/components/analytics/CookieConsentBanner.tsx [Server Component]
    ./src/app/layout.tsx [Server Component]

  #6 [Client Component SSR]:
    ./src/lib/analytics.ts [Client Component SSR]
    ./src/components/analytics/CookieConsentBanner.tsx [Client Component SSR]
    ./src/components/analytics/CookieConsentBanner.tsx [Server Component]
    ./src/app/layout.tsx [Server Component] @ http://localhost:3001/_next/static/chunks/node_modules_next_dist_0u_w_5s._.js:2097
[ 6130716ms] [ERROR] ./src/app/layout.tsx:13:1
Module not found: Can't resolve '@dangelopalladino/etf-core/analytics'
  11 | import { AuthProvider } from "@/components/AuthProvider";
  12 | import PageviewTracker from "@/components/analytics/PageviewTracker";
> 13 | import { GA4Loader } from "@dangelopalladino/etf-core/analytics";
     | ^^^^^^^^^^^^^^^^^^^^^^^^^^^^^^^^^^^^^^^^^^^^^^^^^^^^^^^^^^^^^^^^^
  14 | import ClarityLoader from "@/components/analytics/ClarityLoader";
  15 | import ClarityIdentifier from "@/components/analytics/ClarityIdentifier";
  16 | import CookieConsentBanner from "@/components/analytics/CookieConsentBanner";

https://nextjs.org/docs/messages/module-not-found @ http://localhost:3001/_next/static/chunks/node_modules_next_dist_0u_w_5s._.js:2097
[ 6130716ms] [ERROR] ./src/lib/analytics-events.ts:2:1
Module not found: Can't resolve '@dangelopalladino/etf-core/analytics'
  1 | // Phase 11: analytics event catalog sourced from @dangelopalladino/etf-core.
> 2 | export * from '@dangelopalladino/etf-core/analytics';
    | ^^^^^^^^^^^^^^^^^^^^^^^^^^^^^^^^^^^^^^^^^^^^^^^^^^^^^
  3 |

Import traces:
  Client Component Browser:
    ./src/lib/analytics-events.ts [Client Component Browser]
    ./src/lib/analytics.ts [Client Component Browser]
    ./src/components/analytics/CookieConsentBanner.tsx [Client Component Browser]
    ./src/components/analytics/CookieConsentBanner.tsx [Server Component]
    ./src/app/layout.tsx [Server Component]

  Client Component SSR:
    ./src/lib/analytics-events.ts [Client Component SSR]
    ./src/lib/analytics.ts [Client Component SSR]
    ./src/components/analytics/CookieConsentBanner.tsx [Client Component SSR]
    ./src/components/analytics/CookieConsentBanner.tsx [Server Component]
    ./src/app/layout.tsx [Server Component]

https://nextjs.org/docs/messages/module-not-found @ http://localhost:3001/_next/static/chunks/node_modules_next_dist_0u_w_5s._.js:2097
[ 6130717ms] [ERROR] ./src/lib/antd-theme.ts:35:1
Module not found: Can't resolve '@dangelopalladino/etf-core/tokens/6id'
  33 | export type { StatusType } from '@dangelopalladino/etf-core/tokens/6id';
  34 |
> 35 | import { themeConfig as etfCoreThemeConfig } from '@dangelopalladino/etf-core/tokens/6id';
     | ^^^^^^^^^^^^^^^^^^^^^^^^^^^^^^^^^^^^^^^^^^^^^^^^^^^^^^^^^^^^^^^^^^^^^^^^^^^^^^^^^^^^^^^^^^
  36 |
  37 | // Canonical 6i palette — v2 design system (navy + off-white + electric blue)
  38 | const CANONICAL_6I = {

Import traces:
  Client Component Browser:
    ./src/lib/antd-theme.ts [Client Component Browser]
    ./src/components/AntdProvider.tsx [Client Component Browser]
    ./src/components/AntdProvider.tsx [Server Component]
    ./src/app/layout.tsx [Server Component]

  Client Component SSR:
    ./src/lib/antd-theme.ts [Client Component SSR]
    ./src/components/AntdProvider.tsx [Client Component SSR]
    ./src/components/AntdProvider.tsx [Server Component]
    ./src/app/layout.tsx [Server Component]

https://nextjs.org/docs/messages/module-not-found @ http://localhost:3001/_next/static/chunks/node_modules_next_dist_0u_w_5s._.js:2097
[ 6130717ms] [ERROR] ./src/lib/brand-tokens.ts:5:1
Module not found: Can't resolve '@dangelopalladino/etf-core/tokens/6id'
   3 | // IDENTITY_COLORS is overridden here with v2 saturated palette; all other tokens
   4 | // forwarded from etf-core unchanged.
>  5 | export {
     | ^^^^^^^
>  6 |   BLUEPRINT_SHADOWS,
     | ^^^^^^^^^^^^^^^^^^^^
>  7 |   BORDER_TOKENS,
     | ^^^^^^^^^^^^^^^^
>  8 |   BRAND,
     | ^^^^^^^^
>  9 |   BRAND_GOLD,
     | ^^^^^^^^^^^^^
> 10 |   DARK_MODE_COLORS,
     | ^^^^^^^^^^^^^^^^^^^
> 11 |   HEADING_SCALE,
     | ^^^^^^^^^^^^^^^^
> 12 |   SCORE_COLORS,
     | ^^^^^^^^^^^^^^^
> 13 |   SHADOW_TOKENS,
     | ^^^^^^^^^^^^^^^^
> 14 |   STATUS_STYLES,
     | ^^^^^^^^^^^^^^^^
> 15 |   SURFACE_TOKENS,
     | ^^^^^^^^^^^^^^^^^
> 16 |   baseThemeConfig,
     | ^^^^^^^^^^^^^^^^^^
> 17 |   darkThemeConfig,
     | ^^^^^^^^^^^^^^^^^^
> 18 |   getScoreColor,
     | ^^^^^^^^^^^^^^^^
> 19 |   needsDarkTextOnBackground,
     | ^^^^^^^^^^^^^^^^^^^^^^^^^^^^
> 20 | } from '@dangelopalladino/etf-core/tokens/6id';
     | ^^^^^^^^^^^^^^^^^^^^^^^^^^^^^^^^^^^^^^^^^^^^^^^
  21 | export type { StatusType } from '@dangelopalladino/etf-core/tokens/6id';
  22 |
  23 | // v2 saturated identity palette — overrides etf-core pottery-glaze values.

Import traces:
  Server Component:
    ./src/lib/brand-tokens.ts
    ./src/app/opengraph-image.tsx
    ./src/app/opengraph-image--metadata.js

  Client Component Browser:
    ./src/lib/brand-tokens.ts [Client Component Browser]
    ./src/components/Characters.tsx [Client Component Browser]
    ./src/components/results/ShareCard.tsx [Client Component Browser]
    ./src/components/results/ShareCard.tsx [Server Component]
    ./src/app/results/page.tsx [Server Component]

  Client Component SSR:
    ./src/lib/brand-tokens.ts [Client Component SSR]
    ./src/components/Characters.tsx [Client Component SSR]
    ./src/components/results/ShareCard.tsx [Client Component SSR]
    ./src/components/results/ShareCard.tsx [Server Component]
    ./src/app/results/page.tsx [Server Component]

https://nextjs.org/docs/messages/module-not-found @ http://localhost:3001/_next/static/chunks/node_modules_next_dist_0u_w_5s._.js:2097
[ 6130717ms] [ERROR] ./src/components/shared/BrandCta.tsx:3:1
Module not found: Can't resolve '@dangelopalladino/etf-core/ui-client'
  1 | // Phase 11: BrandCta sourced from @dangelopalladino/etf-core.
  2 | 'use client';
> 3 | export { BrandCta as default } from '@dangelopalladino/etf-core/ui-client';
    | ^^^^^^^^^^^^^^^^^^^^^^^^^^^^^^^^^^^^^^^^^^^^^^^^^^^^^^^^^^^^^^^^^^^^^^^^^^^
  4 |

Import traces:
  Server Component:
    ./src/components/shared/BrandCta.tsx
    ./src/app/results/page.tsx

  Client Component Browser:
    ./src/components/shared/BrandCta.tsx [Client Component Browser]
    ./src/app/not-found.tsx [Client Component Browser]
    ./src/app/not-found.tsx [Server Component]

  Client Component SSR:
    ./src/components/shared/BrandCta.tsx [Client Component SSR]
    ./src/app/not-found.tsx [Client Component SSR]
    ./src/app/not-found.tsx [Server Component]

https://nextjs.org/docs/messages/module-not-found @ http://localhost:3001/_next/static/chunks/node_modules_next_dist_0u_w_5s._.js:2097
[ 6130717ms] [ERROR] ./src/components/shared/ScoreBar.tsx:3:1
Module not found: Can't resolve '@dangelopalladino/etf-core/ui-client'
  1 | // Phase 11: ScoreBar sourced from @dangelopalladino/etf-core.
  2 | 'use client';
> 3 | export { ScoreBar as default } from '@dangelopalladino/etf-core/ui-client';
    | ^^^^^^^^^^^^^^^^^^^^^^^^^^^^^^^^^^^^^^^^^^^^^^^^^^^^^^^^^^^^^^^^^^^^^^^^^^^
  4 |

Import traces:
  Client Component Browser:
    ./src/components/shared/ScoreBar.tsx [Client Component Browser]
    ./src/components/results/v2/ScoreDashboard.tsx [Client Component Browser]
    ./src/components/results/v2/ScoreDashboard.tsx [Server Component]
    ./src/app/results/page.tsx [Server Component]

  Client Component SSR:
    ./src/components/shared/ScoreBar.tsx [Client Component SSR]
    ./src/components/results/v2/ScoreDashboard.tsx [Client Component SSR]
    ./src/components/results/v2/ScoreDashboard.tsx [Server Component]
    ./src/app/results/page.tsx [Server Component]

https://nextjs.org/docs/messages/module-not-found @ http://localhost:3001/_next/static/chunks/node_modules_next_dist_0u_w_5s._.js:2097
[ 6130717ms] [ERROR] ./src/components/shared/SectionHeader.tsx:8:1
Module not found: Can't resolve '@dangelopalladino/etf-core/ui-client'
   6 |
   7 | import React from 'react';
>  8 | import { SectionHeader as CoreSectionHeader } from '@dangelopalladino/etf-core/ui-client';
     | ^^^^^^^^^^^^^^^^^^^^^^^^^^^^^^^^^^^^^^^^^^^^^^^^^^^^^^^^^^^^^^^^^^^^^^^^^^^^^^^^^^^^^^^^^^
   9 |
  10 | type CoreAlign = 'left' | 'center';
  11 |

Import traces:
  Client Component Browser:
    ./src/components/shared/SectionHeader.tsx [Client Component Browser]
    ./src/components/results/v2/PatternTypeCard.tsx [Client Component Browser]
    ./src/components/results/v2/PatternTypeCard.tsx [Server Component]
    ./src/app/results/page.tsx [Server Component]

  Client Component SSR:
    ./src/components/shared/SectionHeader.tsx [Client Component SSR]
    ./src/components/results/v2/PatternTypeCard.tsx [Client Component SSR]
    ./src/components/results/v2/PatternTypeCard.tsx [Server Component]
    ./src/app/results/page.tsx [Server Component]

https://nextjs.org/docs/messages/module-not-found @ http://localhost:3001/_next/static/chunks/node_modules_next_dist_0u_w_5s._.js:2097
[ 6130717ms] [ERROR] ./src/components/shared/StatusBadge.tsx:3:1
Module not found: Can't resolve '@dangelopalladino/etf-core/ui-client'
  1 | // Phase 11: StatusBadge sourced from @dangelopalladino/etf-core.
  2 | 'use client';
> 3 | export { StatusBadge as default } from '@dangelopalladino/etf-core/ui-client';
    | ^^^^^^^^^^^^^^^^^^^^^^^^^^^^^^^^^^^^^^^^^^^^^^^^^^^^^^^^^^^^^^^^^^^^^^^^^^^^^^
  4 |

Import traces:
  Client Component Browser:
    ./src/components/shared/StatusBadge.tsx [Client Component Browser]
    ./src/components/results/v2/CoreCodeArchetype.tsx [Client Component Browser]
    ./src/components/results/v2/CoreCodeArchetype.tsx [Server Component]
    ./src/app/results/page.tsx [Server Component]

  Client Component SSR:
    ./src/components/shared/StatusBadge.tsx [Client Component SSR]
    ./src/components/results/v2/CoreCodeArchetype.tsx [Client Component SSR]
    ./src/components/results/v2/CoreCodeArchetype.tsx [Server Component]
    ./src/app/results/page.tsx [Server Component]

https://nextjs.org/docs/messages/module-not-found @ http://localhost:3001/_next/static/chunks/node_modules_next_dist_0u_w_5s._.js:2097
[ 6130717ms] [ERROR] ./src/components/shared/SectionWrapper.tsx:2:1
Module not found: Can't resolve '@dangelopalladino/etf-core/ui-server'
  1 | // Phase 11: server-safe SectionWrapper sourced from @dangelopalladino/etf-core.
> 2 | export { SectionWrapper as default } from '@dangelopalladino/etf-core/ui-server';
    | ^^^^^^^^^^^^^^^^^^^^^^^^^^^^^^^^^^^^^^^^^^^^^^^^^^^^^^^^^^^^^^^^^^^^^^^^^^^^^^^^^
  3 |

Import traces:
  #1 [Server Component]:
    ./src/components/shared/SectionWrapper.tsx
    ./src/app/results/page.tsx

  #2 [Client Component Browser]:
    ./src/components/shared/SectionWrapper.tsx [Client Component Browser]
    ./src/components/results/v2/ComponentDeepDives.tsx [Client Component Browser]
    ./src/components/results/v2/ComponentDeepDives.tsx [Server Component]
    ./src/app/results/page.tsx [Server Component]

  #3 [Client Component Browser]:
    ./src/components/shared/SectionWrapper.tsx [Client Component Browser]
    ./src/components/results/v2/PatternTypeCard.tsx [Client Component Browser]
    ./src/components/results/v2/PatternTypeCard.tsx [Server Component]
    ./src/app/results/page.tsx [Server Component]

  #4 [Client Component SSR]:
    ./src/components/shared/SectionWrapper.tsx [Client Component SSR]
    ./src/components/results/v2/ComponentDeepDives.tsx [Client Component SSR]
    ./src/components/results/v2/ComponentDeepDives.tsx [Server Component]
    ./src/app/results/page.tsx [Server Component]

  #5 [Client Component SSR]:
    ./src/components/shared/SectionWrapper.tsx [Client Component SSR]
    ./src/components/results/v2/PatternTypeCard.tsx [Client Component SSR]
    ./src/components/results/v2/PatternTypeCard.tsx [Server Component]
    ./src/app/results/page.tsx [Server Component]

https://nextjs.org/docs/messages/module-not-found @ http://localhost:3001/_next/static/chunks/node_modules_next_dist_0u_w_5s._.js:2097
[ 6130717ms] [ERROR] ./src/components/shared/ServerTypography.tsx:6:1
Module not found: Can't resolve '@dangelopalladino/etf-core/ui-server'
  4 | ...e `text-foreground` (warm charcoal). We inject `text-foreground` before any caller-supplied
  5 | ...assName so the token wins even if callers explicitly pass `text-primary`.
> 6 | ...t { ServerHeading as _ServerHeading, ServerText } from '@dangelopalladino/etf-core/ui-se...
    |    ^^^^^^^^^^^^^^^^^^^^^^^^^^^^^^^^^^^^^^^^^^^^^^^^^^^^^^^^^^^^^^^^^^^^^^^^^^^^^^^^^^^^^^^^^^^
  7 | ...t type { ComponentProps } from 'react';
  8 | ...
  9 | ...t function ServerHeading({ className = '', ...props }: ComponentProps<typeof _ServerHead...

Import traces:
  #1 [Server Component]:
    ./src/components/shared/ServerTypography.tsx
    ./src/app/results/page.tsx

  #2 [Server Component]:
    ./src/components/shared/ServerTypography.tsx
    ./src/components/shared/NonClinicalDisclaimer.tsx
    ./src/app/results/page.tsx

  #3 [Client Component Browser]:
    ./src/components/shared/ServerTypography.tsx [Client Component Browser]
    ./src/components/status/StateBase.tsx [Client Component Browser]
    ./src/components/status/ErrorState.tsx [Client Component Browser]
    ./src/components/status/ErrorState.tsx [Server Component]
    ./src/app/results/page.tsx [Server Component]

  #4 [Client Component SSR]:
    ./src/components/shared/ServerTypography.tsx [Client Component SSR]
    ./src/components/status/StateBase.tsx [Client Component SSR]
    ./src/components/status/ErrorState.tsx [Client Component SSR]
    ./src/components/status/ErrorState.tsx [Server Component]
    ./src/app/results/page.tsx [Server Component]

https://nextjs.org/docs/messages/module-not-found @ http://localhost:3001/_next/static/chunks/node_modules_next_dist_0u_w_5s._.js:2097
[ 6130717ms] [ERROR] ./src/lib/analytics.ts:2:1
Export EVENTS doesn't exist in target module
  1 | import Clarity from '@microsoft/clarity';
> 2 | import { EVENTS, KEYS } from './analytics-events';
    | ^^^^^^^^^^^^^^^^^^^^^^^^^^^^^^^^^^^^^^^^^^^^^^^^^^
  3 | import { getAttributionPayload } from './analytics-source';
  4 |
  5 | declare global {

The export EVENTS was not found in module [project]/src/lib/analytics-events.ts [app-client] (ecmascript).
The module has no exports at all.
All exports of the module are statically known (It doesn't have dynamic exports). So it's known statically that the requested export doesn't exist.

Import traces:
  #1 [Client Component Browser]:
    ./src/lib/analytics.ts [Client Component Browser]
    ./src/app/error.tsx [Client Component Browser]
    ./src/app/error.tsx [Server Component]

  #2 [Client Component Browser]:
    ./src/lib/analytics.ts [Client Component Browser]
    ./src/app/not-found.tsx [Client Component Browser]
    ./src/app/not-found.tsx [Server Component]

  #3 [Client Component SSR]:
    ./src/lib/analytics.ts [Client Component SSR]
    ./src/app/error.tsx [Client Component SSR]
    ./src/app/error.tsx [Server Component]

  #4 [Client Component SSR]:
    ./src/lib/analytics.ts [Client Component SSR]
    ./src/app/not-found.tsx [Client Component SSR]
    ./src/app/not-found.tsx [Server Component]

  #5 [Client Component Browser]:
    ./src/lib/analytics.ts [Client Component Browser]
    ./src/components/analytics/CookieConsentBanner.tsx [Client Component Browser]
    ./src/components/analytics/CookieConsentBanner.tsx [Server Component]
    ./src/app/layout.tsx [Server Component]

  #6 [Client Component SSR]:
    ./src/lib/analytics.ts [Client Component SSR]
    ./src/components/analytics/CookieConsentBanner.tsx [Client Component SSR]
    ./src/components/analytics/CookieConsentBanner.tsx [Server Component]
    ./src/app/layout.tsx [Server Component] @ http://localhost:3001/_next/static/chunks/node_modules_next_dist_0u_w_5s._.js:2097
[ 6130717ms] [ERROR] ./src/lib/analytics.ts:2:1
Export EVENTS doesn't exist in target module
  1 | import Clarity from '@microsoft/clarity';
> 2 | import { EVENTS, KEYS } from './analytics-events';
    | ^^^^^^^^^^^^^^^^^^^^^^^^^^^^^^^^^^^^^^^^^^^^^^^^^^
  3 | import { getAttributionPayload } from './analytics-source';
  4 |
  5 | declare global {

The export EVENTS was not found in module [project]/src/lib/analytics-events.ts [app-ssr] (ecmascript).
The module has no exports at all.
All exports of the module are statically known (It doesn't have dynamic exports). So it's known statically that the requested export doesn't exist.

Import traces:
  #1 [Client Component Browser]:
    ./src/lib/analytics.ts [Client Component Browser]
    ./src/app/error.tsx [Client Component Browser]
    ./src/app/error.tsx [Server Component]

  #2 [Client Component Browser]:
    ./src/lib/analytics.ts [Client Component Browser]
    ./src/app/not-found.tsx [Client Component Browser]
    ./src/app/not-found.tsx [Server Component]

  #3 [Client Component SSR]:
    ./src/lib/analytics.ts [Client Component SSR]
    ./src/app/error.tsx [Client Component SSR]
    ./src/app/error.tsx [Server Component]

  #4 [Client Component SSR]:
    ./src/lib/analytics.ts [Client Component SSR]
    ./src/app/not-found.tsx [Client Component SSR]
    ./src/app/not-found.tsx [Server Component]

  #5 [Client Component Browser]:
    ./src/lib/analytics.ts [Client Component Browser]
    ./src/components/analytics/CookieConsentBanner.tsx [Client Component Browser]
    ./src/components/analytics/CookieConsentBanner.tsx [Server Component]
    ./src/app/layout.tsx [Server Component]

  #6 [Client Component SSR]:
    ./src/lib/analytics.ts [Client Component SSR]
    ./src/components/analytics/CookieConsentBanner.tsx [Client Component SSR]
    ./src/components/analytics/CookieConsentBanner.tsx [Server Component]
    ./src/app/layout.tsx [Server Component] @ http://localhost:3001/_next/static/chunks/node_modules_next_dist_0u_w_5s._.js:2097
[ 6130717ms] [ERROR] ./src/lib/analytics.ts:2:1
Export KEYS doesn't exist in target module
  1 | import Clarity from '@microsoft/clarity';
> 2 | import { EVENTS, KEYS } from './analytics-events';
    | ^^^^^^^^^^^^^^^^^^^^^^^^^^^^^^^^^^^^^^^^^^^^^^^^^^
  3 | import { getAttributionPayload } from './analytics-source';
  4 |
  5 | declare global {

The export KEYS was not found in module [project]/src/lib/analytics-events.ts [app-client] (ecmascript).
The module has no exports at all.
All exports of the module are statically known (It doesn't have dynamic exports). So it's known statically that the requested export doesn't exist.

Import traces:
  #1 [Client Component Browser]:
    ./src/lib/analytics.ts [Client Component Browser]
    ./src/app/error.tsx [Client Component Browser]
    ./src/app/error.tsx [Server Component]

  #2 [Client Component Browser]:
    ./src/lib/analytics.ts [Client Component Browser]
    ./src/app/not-found.tsx [Client Component Browser]
    ./src/app/not-found.tsx [Server Component]

  #3 [Client Component SSR]:
    ./src/lib/analytics.ts [Client Component SSR]
    ./src/app/error.tsx [Client Component SSR]
    ./src/app/error.tsx [Server Component]

  #4 [Client Component SSR]:
    ./src/lib/analytics.ts [Client Component SSR]
    ./src/app/not-found.tsx [Client Component SSR]
    ./src/app/not-found.tsx [Server Component]

  #5 [Client Component Browser]:
    ./src/lib/analytics.ts [Client Component Browser]
    ./src/components/analytics/CookieConsentBanner.tsx [Client Component Browser]
    ./src/components/analytics/CookieConsentBanner.tsx [Server Component]
    ./src/app/layout.tsx [Server Component]

  #6 [Client Component SSR]:
    ./src/lib/analytics.ts [Client Component SSR]
    ./src/components/analytics/CookieConsentBanner.tsx [Client Component SSR]
    ./src/components/analytics/CookieConsentBanner.tsx [Server Component]
    ./src/app/layout.tsx [Server Component] @ http://localhost:3001/_next/static/chunks/node_modules_next_dist_0u_w_5s._.js:2097
[ 6130717ms] [ERROR] ./src/lib/analytics.ts:2:1
Export KEYS doesn't exist in target module
  1 | import Clarity from '@microsoft/clarity';
> 2 | import { EVENTS, KEYS } from './analytics-events';
    | ^^^^^^^^^^^^^^^^^^^^^^^^^^^^^^^^^^^^^^^^^^^^^^^^^^
  3 | import { getAttributionPayload } from './analytics-source';
  4 |
  5 | declare global {

The export KEYS was not found in module [project]/src/lib/analytics-events.ts [app-ssr] (ecmascript).
The module has no exports at all.
All exports of the module are statically known (It doesn't have dynamic exports). So it's known statically that the requested export doesn't exist.

Import traces:
  #1 [Client Component Browser]:
    ./src/lib/analytics.ts [Client Component Browser]
    ./src/app/error.tsx [Client Component Browser]
    ./src/app/error.tsx [Server Component]

  #2 [Client Component Browser]:
    ./src/lib/analytics.ts [Client Component Browser]
    ./src/app/not-found.tsx [Client Component Browser]
    ./src/app/not-found.tsx [Server Component]

  #3 [Client Component SSR]:
    ./src/lib/analytics.ts [Client Component SSR]
    ./src/app/error.tsx [Client Component SSR]
    ./src/app/error.tsx [Server Component]

  #4 [Client Component SSR]:
    ./src/lib/analytics.ts [Client Component SSR]
    ./src/app/not-found.tsx [Client Component SSR]
    ./src/app/not-found.tsx [Server Component]

  #5 [Client Component Browser]:
    ./src/lib/analytics.ts [Client Component Browser]
    ./src/components/analytics/CookieConsentBanner.tsx [Client Component Browser]
    ./src/components/analytics/CookieConsentBanner.tsx [Server Component]
    ./src/app/layout.tsx [Server Component]

  #6 [Client Component SSR]:
    ./src/lib/analytics.ts [Client Component SSR]
    ./src/components/analytics/CookieConsentBanner.tsx [Client Component SSR]
    ./src/components/analytics/CookieConsentBanner.tsx [Server Component]
    ./src/app/layout.tsx [Server Component] @ http://localhost:3001/_next/static/chunks/node_modules_next_dist_0u_w_5s._.js:2097
[ 6130717ms] [ERROR] ./src/app/layout.tsx:13:1
Module not found: Can't resolve '@dangelopalladino/etf-core/analytics'
  11 | import { AuthProvider } from "@/components/AuthProvider";
  12 | import PageviewTracker from "@/components/analytics/PageviewTracker";
> 13 | import { GA4Loader } from "@dangelopalladino/etf-core/analytics";
     | ^^^^^^^^^^^^^^^^^^^^^^^^^^^^^^^^^^^^^^^^^^^^^^^^^^^^^^^^^^^^^^^^^
  14 | import ClarityLoader from "@/components/analytics/ClarityLoader";
  15 | import ClarityIdentifier from "@/components/analytics/ClarityIdentifier";
  16 | import CookieConsentBanner from "@/components/analytics/CookieConsentBanner";

https://nextjs.org/docs/messages/module-not-found @ http://localhost:3001/_next/static/chunks/node_modules_next_dist_0u_w_5s._.js:2097
[ 6130717ms] [ERROR] ./src/lib/analytics-events.ts:2:1
Module not found: Can't resolve '@dangelopalladino/etf-core/analytics'
  1 | // Phase 11: analytics event catalog sourced from @dangelopalladino/etf-core.
> 2 | export * from '@dangelopalladino/etf-core/analytics';
    | ^^^^^^^^^^^^^^^^^^^^^^^^^^^^^^^^^^^^^^^^^^^^^^^^^^^^^
  3 |

Import traces:
  Client Component Browser:
    ./src/lib/analytics-events.ts [Client Component Browser]
    ./src/lib/analytics.ts [Client Component Browser]
    ./src/components/analytics/CookieConsentBanner.tsx [Client Component Browser]
    ./src/components/analytics/CookieConsentBanner.tsx [Server Component]
    ./src/app/layout.tsx [Server Component]

  Client Component SSR:
    ./src/lib/analytics-events.ts [Client Component SSR]
    ./src/lib/analytics.ts [Client Component SSR]
    ./src/components/analytics/CookieConsentBanner.tsx [Client Component SSR]
    ./src/components/analytics/CookieConsentBanner.tsx [Server Component]
    ./src/app/layout.tsx [Server Component]

https://nextjs.org/docs/messages/module-not-found @ http://localhost:3001/_next/static/chunks/node_modules_next_dist_0u_w_5s._.js:2097
[ 6130717ms] [ERROR] ./src/components/seo/BreadcrumbJsonLd.tsx:2:1
Module not found: Can't resolve '@dangelopalladino/etf-core/seo'
  1 | ...React from 'react';
> 2 | ...{ BreadcrumbJsonLd as Base, type BreadcrumbJsonLdProps } from '@dangelopalladino/etf-cor...
    |    ^^^^^^^^^^^^^^^^^^^^^^^^^^^^^^^^^^^^^^^^^^^^^^^^^^^^^^^^^^^^^^^^^^^^^^^^^^^^^^^^^^^^^^^^^^^
  3 | ...
  4 | ...ITE_URL = process.env.NEXT_PUBLIC_SITE_URL || 'https://www.6identities.com';
  5 | ...

Import trace:
  Server Component:
    ./src/components/seo/BreadcrumbJsonLd.tsx
    ./src/app/professionals/page.tsx

https://nextjs.org/docs/messages/module-not-found @ http://localhost:3001/_next/static/chunks/node_modules_next_dist_0u_w_5s._.js:2097
[ 6130717ms] [ERROR] ./src/lib/antd-theme.ts:35:1
Module not found: Can't resolve '@dangelopalladino/etf-core/tokens/6id'
  33 | export type { StatusType } from '@dangelopalladino/etf-core/tokens/6id';
  34 |
> 35 | import { themeConfig as etfCoreThemeConfig } from '@dangelopalladino/etf-core/tokens/6id';
     | ^^^^^^^^^^^^^^^^^^^^^^^^^^^^^^^^^^^^^^^^^^^^^^^^^^^^^^^^^^^^^^^^^^^^^^^^^^^^^^^^^^^^^^^^^^
  36 |
  37 | // Canonical 6i palette — v2 design system (navy + off-white + electric blue)
  38 | const CANONICAL_6I = {

Import traces:
  Client Component Browser:
    ./src/lib/antd-theme.ts [Client Component Browser]
    ./src/components/AntdProvider.tsx [Client Component Browser]
    ./src/components/AntdProvider.tsx [Server Component]
    ./src/app/layout.tsx [Server Component]

  Client Component SSR:
    ./src/lib/antd-theme.ts [Client Component SSR]
    ./src/components/AntdProvider.tsx [Client Component SSR]
    ./src/components/AntdProvider.tsx [Server Component]
    ./src/app/layout.tsx [Server Component]

https://nextjs.org/docs/messages/module-not-found @ http://localhost:3001/_next/static/chunks/node_modules_next_dist_0u_w_5s._.js:2097
[ 6130718ms] [ERROR] ./src/lib/brand-tokens.ts:5:1
Module not found: Can't resolve '@dangelopalladino/etf-core/tokens/6id'
   3 | // IDENTITY_COLORS is overridden here with v2 saturated palette; all other tokens
   4 | // forwarded from etf-core unchanged.
>  5 | export {
     | ^^^^^^^
>  6 |   BLUEPRINT_SHADOWS,
     | ^^^^^^^^^^^^^^^^^^^^
>  7 |   BORDER_TOKENS,
     | ^^^^^^^^^^^^^^^^
>  8 |   BRAND,
     | ^^^^^^^^
>  9 |   BRAND_GOLD,
     | ^^^^^^^^^^^^^
> 10 |   DARK_MODE_COLORS,
     | ^^^^^^^^^^^^^^^^^^^
> 11 |   HEADING_SCALE,
     | ^^^^^^^^^^^^^^^^
> 12 |   SCORE_COLORS,
     | ^^^^^^^^^^^^^^^
> 13 |   SHADOW_TOKENS,
     | ^^^^^^^^^^^^^^^^
> 14 |   STATUS_STYLES,
     | ^^^^^^^^^^^^^^^^
> 15 |   SURFACE_TOKENS,
     | ^^^^^^^^^^^^^^^^^
> 16 |   baseThemeConfig,
     | ^^^^^^^^^^^^^^^^^^
> 17 |   darkThemeConfig,
     | ^^^^^^^^^^^^^^^^^^
> 18 |   getScoreColor,
     | ^^^^^^^^^^^^^^^^
> 19 |   needsDarkTextOnBackground,
     | ^^^^^^^^^^^^^^^^^^^^^^^^^^^^
> 20 | } from '@dangelopalladino/etf-core/tokens/6id';
     | ^^^^^^^^^^^^^^^^^^^^^^^^^^^^^^^^^^^^^^^^^^^^^^^
  21 | export type { StatusType } from '@dangelopalladino/etf-core/tokens/6id';
  22 |
  23 | // v2 saturated identity palette — overrides etf-core pottery-glaze values.

Import trace:
  Server Component:
    ./src/lib/brand-tokens.ts
    ./src/app/opengraph-image.tsx
    ./src/app/opengraph-image--metadata.js

https://nextjs.org/docs/messages/module-not-found @ http://localhost:3001/_next/static/chunks/node_modules_next_dist_0u_w_5s._.js:2097
[ 6130718ms] [ERROR] ./src/components/shared/BrandCta.tsx:3:1
Module not found: Can't resolve '@dangelopalladino/etf-core/ui-client'
  1 | // Phase 11: BrandCta sourced from @dangelopalladino/etf-core.
  2 | 'use client';
> 3 | export { BrandCta as default } from '@dangelopalladino/etf-core/ui-client';
    | ^^^^^^^^^^^^^^^^^^^^^^^^^^^^^^^^^^^^^^^^^^^^^^^^^^^^^^^^^^^^^^^^^^^^^^^^^^^
  4 |

Import traces:
  Server Component:
    ./src/components/shared/BrandCta.tsx
    ./src/app/professionals/page.tsx

  Client Component Browser:
    ./src/components/shared/BrandCta.tsx [Client Component Browser]
    ./src/app/not-found.tsx [Client Component Browser]
    ./src/app/not-found.tsx [Server Component]

  Client Component SSR:
    ./src/components/shared/BrandCta.tsx [Client Component SSR]
    ./src/app/not-found.tsx [Client Component SSR]
    ./src/app/not-found.tsx [Server Component]

https://nextjs.org/docs/messages/module-not-found @ http://localhost:3001/_next/static/chunks/node_modules_next_dist_0u_w_5s._.js:2097
[ 6130718ms] [ERROR] ./src/components/shared/CtaSection.tsx:3:1
Module not found: Can't resolve '@dangelopalladino/etf-core/ui-client'
  1 | // Phase 11: CtaSection sourced from @dangelopalladino/etf-core.
  2 | 'use client';
> 3 | export { CtaSection as default } from '@dangelopalladino/etf-core/ui-client';
    | ^^^^^^^^^^^^^^^^^^^^^^^^^^^^^^^^^^^^^^^^^^^^^^^^^^^^^^^^^^^^^^^^^^^^^^^^^^^^^
  4 |

Import trace:
  Server Component:
    ./src/components/shared/CtaSection.tsx
    ./src/app/professionals/page.tsx

https://nextjs.org/docs/messages/module-not-found @ http://localhost:3001/_next/static/chunks/node_modules_next_dist_0u_w_5s._.js:2097
[ 6130718ms] [ERROR] ./src/components/shared/SectionHeader.tsx:8:1
Module not found: Can't resolve '@dangelopalladino/etf-core/ui-client'
   6 |
   7 | import React from 'react';
>  8 | import { SectionHeader as CoreSectionHeader } from '@dangelopalladino/etf-core/ui-client';
     | ^^^^^^^^^^^^^^^^^^^^^^^^^^^^^^^^^^^^^^^^^^^^^^^^^^^^^^^^^^^^^^^^^^^^^^^^^^^^^^^^^^^^^^^^^^
   9 |
  10 | type CoreAlign = 'left' | 'center';
  11 |

Import trace:
  Server Component:
    ./src/components/shared/SectionHeader.tsx
    ./src/app/professionals/page.tsx

https://nextjs.org/docs/messages/module-not-found @ http://localhost:3001/_next/static/chunks/node_modules_next_dist_0u_w_5s._.js:2097
[ 6130718ms] [ERROR] ./src/components/shared/SectionWrapper.tsx:2:1
Module not found: Can't resolve '@dangelopalladino/etf-core/ui-server'
  1 | // Phase 11: server-safe SectionWrapper sourced from @dangelopalladino/etf-core.
> 2 | export { SectionWrapper as default } from '@dangelopalladino/etf-core/ui-server';
    | ^^^^^^^^^^^^^^^^^^^^^^^^^^^^^^^^^^^^^^^^^^^^^^^^^^^^^^^^^^^^^^^^^^^^^^^^^^^^^^^^^
  3 |

Import trace:
  Server Component:
    ./src/components/shared/SectionWrapper.tsx
    ./src/app/professionals/page.tsx

https://nextjs.org/docs/messages/module-not-found @ http://localhost:3001/_next/static/chunks/node_modules_next_dist_0u_w_5s._.js:2097
[ 6130718ms] [ERROR] ./src/components/shared/ServerTypography.tsx:6:1
Module not found: Can't resolve '@dangelopalladino/etf-core/ui-server'
  4 | ...e `text-foreground` (warm charcoal). We inject `text-foreground` before any caller-supplied
  5 | ...assName so the token wins even if callers explicitly pass `text-primary`.
> 6 | ...t { ServerHeading as _ServerHeading, ServerText } from '@dangelopalladino/etf-core/ui-se...
    |    ^^^^^^^^^^^^^^^^^^^^^^^^^^^^^^^^^^^^^^^^^^^^^^^^^^^^^^^^^^^^^^^^^^^^^^^^^^^^^^^^^^^^^^^^^^^
  7 | ...t type { ComponentProps } from 'react';
  8 | ...
  9 | ...t function ServerHeading({ className = '', ...props }: ComponentProps<typeof _ServerHead...

Import traces:
  Server Component:
    ./src/components/shared/ServerTypography.tsx
    ./src/app/professionals/page.tsx

  Client Component Browser:
    ./src/components/shared/ServerTypography.tsx [Client Component Browser]
    ./src/components/shared/PageHero.tsx [Client Component Browser]
    ./src/components/shared/PageHero.tsx [Server Component]
    ./src/app/professionals/page.tsx [Server Component]

  Client Component SSR:
    ./src/components/shared/ServerTypography.tsx [Client Component SSR]
    ./src/components/shared/PageHero.tsx [Client Component SSR]
    ./src/components/shared/PageHero.tsx [Server Component]
    ./src/app/professionals/page.tsx [Server Component]

https://nextjs.org/docs/messages/module-not-found @ http://localhost:3001/_next/static/chunks/node_modules_next_dist_0u_w_5s._.js:2097
[ 6130718ms] [ERROR] ./src/lib/analytics.ts:2:1
Export EVENTS doesn't exist in target module
  1 | import Clarity from '@microsoft/clarity';
> 2 | import { EVENTS, KEYS } from './analytics-events';
    | ^^^^^^^^^^^^^^^^^^^^^^^^^^^^^^^^^^^^^^^^^^^^^^^^^^
  3 | import { getAttributionPayload } from './analytics-source';
  4 |
  5 | declare global {

The export EVENTS was not found in module [project]/src/lib/analytics-events.ts [app-client] (ecmascript).
The module has no exports at all.
All exports of the module are statically known (It doesn't have dynamic exports). So it's known statically that the requested export doesn't exist.

Import traces:
  #1 [Client Component Browser]:
    ./src/lib/analytics.ts [Client Component Browser]
    ./src/app/error.tsx [Client Component Browser]
    ./src/app/error.tsx [Server Component]

  #2 [Client Component Browser]:
    ./src/lib/analytics.ts [Client Component Browser]
    ./src/app/not-found.tsx [Client Component Browser]
    ./src/app/not-found.tsx [Server Component]

  #3 [Client Component SSR]:
    ./src/lib/analytics.ts [Client Component SSR]
    ./src/app/error.tsx [Client Component SSR]
    ./src/app/error.tsx [Server Component]

  #4 [Client Component SSR]:
    ./src/lib/analytics.ts [Client Component SSR]
    ./src/app/not-found.tsx [Client Component SSR]
    ./src/app/not-found.tsx [Server Component]

  #5 [Client Component Browser]:
    ./src/lib/analytics.ts [Client Component Browser]
    ./src/components/analytics/CookieConsentBanner.tsx [Client Component Browser]
    ./src/components/analytics/CookieConsentBanner.tsx [Server Component]
    ./src/app/layout.tsx [Server Component]

  #6 [Client Component SSR]:
    ./src/lib/analytics.ts [Client Component SSR]
    ./src/components/analytics/CookieConsentBanner.tsx [Client Component SSR]
    ./src/components/analytics/CookieConsentBanner.tsx [Server Component]
    ./src/app/layout.tsx [Server Component] @ http://localhost:3001/_next/static/chunks/node_modules_next_dist_0u_w_5s._.js:2097
[ 6130718ms] [ERROR] ./src/lib/analytics.ts:2:1
Export EVENTS doesn't exist in target module
  1 | import Clarity from '@microsoft/clarity';
> 2 | import { EVENTS, KEYS } from './analytics-events';
    | ^^^^^^^^^^^^^^^^^^^^^^^^^^^^^^^^^^^^^^^^^^^^^^^^^^
  3 | import { getAttributionPayload } from './analytics-source';
  4 |
  5 | declare global {

The export EVENTS was not found in module [project]/src/lib/analytics-events.ts [app-ssr] (ecmascript).
The module has no exports at all.
All exports of the module are statically known (It doesn't have dynamic exports). So it's known statically that the requested export doesn't exist.

Import traces:
  #1 [Client Component Browser]:
    ./src/lib/analytics.ts [Client Component Browser]
    ./src/app/error.tsx [Client Component Browser]
    ./src/app/error.tsx [Server Component]

  #2 [Client Component Browser]:
    ./src/lib/analytics.ts [Client Component Browser]
    ./src/app/not-found.tsx [Client Component Browser]
    ./src/app/not-found.tsx [Server Component]

  #3 [Client Component SSR]:
    ./src/lib/analytics.ts [Client Component SSR]
    ./src/app/error.tsx [Client Component SSR]
    ./src/app/error.tsx [Server Component]

  #4 [Client Component SSR]:
    ./src/lib/analytics.ts [Client Component SSR]
    ./src/app/not-found.tsx [Client Component SSR]
    ./src/app/not-found.tsx [Server Component]

  #5 [Client Component Browser]:
    ./src/lib/analytics.ts [Client Component Browser]
    ./src/components/analytics/CookieConsentBanner.tsx [Client Component Browser]
    ./src/components/analytics/CookieConsentBanner.tsx [Server Component]
    ./src/app/layout.tsx [Server Component]

  #6 [Client Component SSR]:
    ./src/lib/analytics.ts [Client Component SSR]
    ./src/components/analytics/CookieConsentBanner.tsx [Client Component SSR]
    ./src/components/analytics/CookieConsentBanner.tsx [Server Component]
    ./src/app/layout.tsx [Server Component] @ http://localhost:3001/_next/static/chunks/node_modules_next_dist_0u_w_5s._.js:2097
[ 6130726ms] [ERROR] ./src/lib/analytics.ts:2:1
Export KEYS doesn't exist in target module
  1 | import Clarity from '@microsoft/clarity';
> 2 | import { EVENTS, KEYS } from './analytics-events';
    | ^^^^^^^^^^^^^^^^^^^^^^^^^^^^^^^^^^^^^^^^^^^^^^^^^^
  3 | import { getAttributionPayload } from './analytics-source';
  4 |
  5 | declare global {

The export KEYS was not found in module [project]/src/lib/analytics-events.ts [app-client] (ecmascript).
The module has no exports at all.
All exports of the module are statically known (It doesn't have dynamic exports). So it's known statically that the requested export doesn't exist.

Import traces:
  #1 [Client Component Browser]:
    ./src/lib/analytics.ts [Client Component Browser]
    ./src/app/error.tsx [Client Component Browser]
    ./src/app/error.tsx [Server Component]

  #2 [Client Component Browser]:
    ./src/lib/analytics.ts [Client Component Browser]
    ./src/app/not-found.tsx [Client Component Browser]
    ./src/app/not-found.tsx [Server Component]

  #3 [Client Component SSR]:
    ./src/lib/analytics.ts [Client Component SSR]
    ./src/app/error.tsx [Client Component SSR]
    ./src/app/error.tsx [Server Component]

  #4 [Client Component SSR]:
    ./src/lib/analytics.ts [Client Component SSR]
    ./src/app/not-found.tsx [Client Component SSR]
    ./src/app/not-found.tsx [Server Component]

  #5 [Client Component Browser]:
    ./src/lib/analytics.ts [Client Component Browser]
    ./src/components/analytics/CookieConsentBanner.tsx [Client Component Browser]
    ./src/components/analytics/CookieConsentBanner.tsx [Server Component]
    ./src/app/layout.tsx [Server Component]

  #6 [Client Component SSR]:
    ./src/lib/analytics.ts [Client Component SSR]
    ./src/components/analytics/CookieConsentBanner.tsx [Client Component SSR]
    ./src/components/analytics/CookieConsentBanner.tsx [Server Component]
    ./src/app/layout.tsx [Server Component] @ http://localhost:3001/_next/static/chunks/node_modules_next_dist_0u_w_5s._.js:2097
[ 6130726ms] [ERROR] ./src/lib/analytics.ts:2:1
Export KEYS doesn't exist in target module
  1 | import Clarity from '@microsoft/clarity';
> 2 | import { EVENTS, KEYS } from './analytics-events';
    | ^^^^^^^^^^^^^^^^^^^^^^^^^^^^^^^^^^^^^^^^^^^^^^^^^^
  3 | import { getAttributionPayload } from './analytics-source';
  4 |
  5 | declare global {

The export KEYS was not found in module [project]/src/lib/analytics-events.ts [app-ssr] (ecmascript).
The module has no exports at all.
All exports of the module are statically known (It doesn't have dynamic exports). So it's known statically that the requested export doesn't exist.

Import traces:
  #1 [Client Component Browser]:
    ./src/lib/analytics.ts [Client Component Browser]
    ./src/app/error.tsx [Client Component Browser]
    ./src/app/error.tsx [Server Component]

  #2 [Client Component Browser]:
    ./src/lib/analytics.ts [Client Component Browser]
    ./src/app/not-found.tsx [Client Component Browser]
    ./src/app/not-found.tsx [Server Component]

  #3 [Client Component SSR]:
    ./src/lib/analytics.ts [Client Component SSR]
    ./src/app/error.tsx [Client Component SSR]
    ./src/app/error.tsx [Server Component]

  #4 [Client Component SSR]:
    ./src/lib/analytics.ts [Client Component SSR]
    ./src/app/not-found.tsx [Client Component SSR]
    ./src/app/not-found.tsx [Server Component]

  #5 [Client Component Browser]:
    ./src/lib/analytics.ts [Client Component Browser]
    ./src/components/analytics/CookieConsentBanner.tsx [Client Component Browser]
    ./src/components/analytics/CookieConsentBanner.tsx [Server Component]
    ./src/app/layout.tsx [Server Component]

  #6 [Client Component SSR]:
    ./src/lib/analytics.ts [Client Component SSR]
    ./src/components/analytics/CookieConsentBanner.tsx [Client Component SSR]
    ./src/components/analytics/CookieConsentBanner.tsx [Server Component]
    ./src/app/layout.tsx [Server Component] @ http://localhost:3001/_next/static/chunks/node_modules_next_dist_0u_w_5s._.js:2097
[ 6130728ms] [ERROR] ./src/app/layout.tsx:13:1
Module not found: Can't resolve '@dangelopalladino/etf-core/analytics'
  11 | import { AuthProvider } from "@/components/AuthProvider";
  12 | import PageviewTracker from "@/components/analytics/PageviewTracker";
> 13 | import { GA4Loader } from "@dangelopalladino/etf-core/analytics";
     | ^^^^^^^^^^^^^^^^^^^^^^^^^^^^^^^^^^^^^^^^^^^^^^^^^^^^^^^^^^^^^^^^^
  14 | import ClarityLoader from "@/components/analytics/ClarityLoader";
  15 | import ClarityIdentifier from "@/components/analytics/ClarityIdentifier";
  16 | import CookieConsentBanner from "@/components/analytics/CookieConsentBanner";

https://nextjs.org/docs/messages/module-not-found @ http://localhost:3001/_next/static/chunks/node_modules_next_dist_0u_w_5s._.js:2097
[ 6130728ms] [ERROR] ./src/lib/analytics-events.ts:2:1
Module not found: Can't resolve '@dangelopalladino/etf-core/analytics'
  1 | // Phase 11: analytics event catalog sourced from @dangelopalladino/etf-core.
> 2 | export * from '@dangelopalladino/etf-core/analytics';
    | ^^^^^^^^^^^^^^^^^^^^^^^^^^^^^^^^^^^^^^^^^^^^^^^^^^^^^
  3 |

Import traces:
  Client Component Browser:
    ./src/lib/analytics-events.ts [Client Component Browser]
    ./src/lib/analytics.ts [Client Component Browser]
    ./src/components/analytics/CookieConsentBanner.tsx [Client Component Browser]
    ./src/components/analytics/CookieConsentBanner.tsx [Server Component]
    ./src/app/layout.tsx [Server Component]

  Client Component SSR:
    ./src/lib/analytics-events.ts [Client Component SSR]
    ./src/lib/analytics.ts [Client Component SSR]
    ./src/components/analytics/CookieConsentBanner.tsx [Client Component SSR]
    ./src/components/analytics/CookieConsentBanner.tsx [Server Component]
    ./src/app/layout.tsx [Server Component]

https://nextjs.org/docs/messages/module-not-found @ http://localhost:3001/_next/static/chunks/node_modules_next_dist_0u_w_5s._.js:2097
[ 6130728ms] [ERROR] ./src/components/seo/BreadcrumbJsonLd.tsx:2:1
Module not found: Can't resolve '@dangelopalladino/etf-core/seo'
  1 | ...React from 'react';
> 2 | ...{ BreadcrumbJsonLd as Base, type BreadcrumbJsonLdProps } from '@dangelopalladino/etf-cor...
    |    ^^^^^^^^^^^^^^^^^^^^^^^^^^^^^^^^^^^^^^^^^^^^^^^^^^^^^^^^^^^^^^^^^^^^^^^^^^^^^^^^^^^^^^^^^^^
  3 | ...
  4 | ...ITE_URL = process.env.NEXT_PUBLIC_SITE_URL || 'https://www.6identities.com';
  5 | ...

Import trace:
  Server Component:
    ./src/components/seo/BreadcrumbJsonLd.tsx
    ./src/app/(pain-search)/[slug]/page.tsx

https://nextjs.org/docs/messages/module-not-found @ http://localhost:3001/_next/static/chunks/node_modules_next_dist_0u_w_5s._.js:2097
[ 6130728ms] [ERROR] ./src/lib/antd-theme.ts:35:1
Module not found: Can't resolve '@dangelopalladino/etf-core/tokens/6id'
  33 | export type { StatusType } from '@dangelopalladino/etf-core/tokens/6id';
  34 |
> 35 | import { themeConfig as etfCoreThemeConfig } from '@dangelopalladino/etf-core/tokens/6id';
     | ^^^^^^^^^^^^^^^^^^^^^^^^^^^^^^^^^^^^^^^^^^^^^^^^^^^^^^^^^^^^^^^^^^^^^^^^^^^^^^^^^^^^^^^^^^
  36 |
  37 | // Canonical 6i palette — v2 design system (navy + off-white + electric blue)
  38 | const CANONICAL_6I = {

Import traces:
  Client Component Browser:
    ./src/lib/antd-theme.ts [Client Component Browser]
    ./src/components/AntdProvider.tsx [Client Component Browser]
    ./src/components/AntdProvider.tsx [Server Component]
    ./src/app/layout.tsx [Server Component]

  Client Component SSR:
    ./src/lib/antd-theme.ts [Client Component SSR]
    ./src/components/AntdProvider.tsx [Client Component SSR]
    ./src/components/AntdProvider.tsx [Server Component]
    ./src/app/layout.tsx [Server Component]

https://nextjs.org/docs/messages/module-not-found @ http://localhost:3001/_next/static/chunks/node_modules_next_dist_0u_w_5s._.js:2097
[ 6130728ms] [ERROR] ./src/lib/brand-tokens.ts:5:1
Module not found: Can't resolve '@dangelopalladino/etf-core/tokens/6id'
   3 | // IDENTITY_COLORS is overridden here with v2 saturated palette; all other tokens
   4 | // forwarded from etf-core unchanged.
>  5 | export {
     | ^^^^^^^
>  6 |   BLUEPRINT_SHADOWS,
     | ^^^^^^^^^^^^^^^^^^^^
>  7 |   BORDER_TOKENS,
     | ^^^^^^^^^^^^^^^^
>  8 |   BRAND,
     | ^^^^^^^^
>  9 |   BRAND_GOLD,
     | ^^^^^^^^^^^^^
> 10 |   DARK_MODE_COLORS,
     | ^^^^^^^^^^^^^^^^^^^
> 11 |   HEADING_SCALE,
     | ^^^^^^^^^^^^^^^^
> 12 |   SCORE_COLORS,
     | ^^^^^^^^^^^^^^^
> 13 |   SHADOW_TOKENS,
     | ^^^^^^^^^^^^^^^^
> 14 |   STATUS_STYLES,
     | ^^^^^^^^^^^^^^^^
> 15 |   SURFACE_TOKENS,
     | ^^^^^^^^^^^^^^^^^
> 16 |   baseThemeConfig,
     | ^^^^^^^^^^^^^^^^^^
> 17 |   darkThemeConfig,
     | ^^^^^^^^^^^^^^^^^^
> 18 |   getScoreColor,
     | ^^^^^^^^^^^^^^^^
> 19 |   needsDarkTextOnBackground,
     | ^^^^^^^^^^^^^^^^^^^^^^^^^^^^
> 20 | } from '@dangelopalladino/etf-core/tokens/6id';
     | ^^^^^^^^^^^^^^^^^^^^^^^^^^^^^^^^^^^^^^^^^^^^^^^
  21 | export type { StatusType } from '@dangelopalladino/etf-core/tokens/6id';
  22 |
  23 | // v2 saturated identity palette — overrides etf-core pottery-glaze values.

Import trace:
  Server Component:
    ./src/lib/brand-tokens.ts
    ./src/app/opengraph-image.tsx
    ./src/app/opengraph-image--metadata.js

https://nextjs.org/docs/messages/module-not-found @ http://localhost:3001/_next/static/chunks/node_modules_next_dist_0u_w_5s._.js:2097
[ 6130729ms] [ERROR] ./src/components/shared/BrandCta.tsx:3:1
Module not found: Can't resolve '@dangelopalladino/etf-core/ui-client'
  1 | // Phase 11: BrandCta sourced from @dangelopalladino/etf-core.
  2 | 'use client';
> 3 | export { BrandCta as default } from '@dangelopalladino/etf-core/ui-client';
    | ^^^^^^^^^^^^^^^^^^^^^^^^^^^^^^^^^^^^^^^^^^^^^^^^^^^^^^^^^^^^^^^^^^^^^^^^^^^
  4 |

Import traces:
  Client Component Browser:
    ./src/components/shared/BrandCta.tsx [Client Component Browser]
    ./src/app/not-found.tsx [Client Component Browser]
    ./src/app/not-found.tsx [Server Component]

  Client Component SSR:
    ./src/components/shared/BrandCta.tsx [Client Component SSR]
    ./src/app/not-found.tsx [Client Component SSR]
    ./src/app/not-found.tsx [Server Component]

  Server Component:
    ./src/components/shared/BrandCta.tsx
    ./src/components/pain-search/DynamicPainSearchPage.tsx
    ./src/app/(pain-search)/[slug]/page.tsx

https://nextjs.org/docs/messages/module-not-found @ http://localhost:3001/_next/static/chunks/node_modules_next_dist_0u_w_5s._.js:2097
[ 6130729ms] [ERROR] ./src/components/shared/SectionWrapper.tsx:2:1
Module not found: Can't resolve '@dangelopalladino/etf-core/ui-server'
  1 | // Phase 11: server-safe SectionWrapper sourced from @dangelopalladino/etf-core.
> 2 | export { SectionWrapper as default } from '@dangelopalladino/etf-core/ui-server';
    | ^^^^^^^^^^^^^^^^^^^^^^^^^^^^^^^^^^^^^^^^^^^^^^^^^^^^^^^^^^^^^^^^^^^^^^^^^^^^^^^^^
  3 |

Import trace:
  Server Component:
    ./src/components/shared/SectionWrapper.tsx
    ./src/components/pain-search/DynamicPainSearchPage.tsx
    ./src/app/(pain-search)/[slug]/page.tsx

https://nextjs.org/docs/messages/module-not-found @ http://localhost:3001/_next/static/chunks/node_modules_next_dist_0u_w_5s._.js:2097
[ 6130729ms] [ERROR] ./src/components/shared/ServerTypography.tsx:6:1
Module not found: Can't resolve '@dangelopalladino/etf-core/ui-server'
  4 | ...e `text-foreground` (warm charcoal). We inject `text-foreground` before any caller-supplied
  5 | ...assName so the token wins even if callers explicitly pass `text-primary`.
> 6 | ...t { ServerHeading as _ServerHeading, ServerText } from '@dangelopalladino/etf-core/ui-se...
    |    ^^^^^^^^^^^^^^^^^^^^^^^^^^^^^^^^^^^^^^^^^^^^^^^^^^^^^^^^^^^^^^^^^^^^^^^^^^^^^^^^^^^^^^^^^^^
  7 | ...t type { ComponentProps } from 'react';
  8 | ...
  9 | ...t function ServerHeading({ className = '', ...props }: ComponentProps<typeof _ServerHead...

Import trace:
  Server Component:
    ./src/components/shared/ServerTypography.tsx
    ./src/components/pain-search/DynamicPainSearchPage.tsx
    ./src/app/(pain-search)/[slug]/page.tsx

https://nextjs.org/docs/messages/module-not-found @ http://localhost:3001/_next/static/chunks/node_modules_next_dist_0u_w_5s._.js:2097
[ 6130729ms] [ERROR] ./src/lib/analytics.ts:2:1
Export EVENTS doesn't exist in target module
  1 | import Clarity from '@microsoft/clarity';
> 2 | import { EVENTS, KEYS } from './analytics-events';
    | ^^^^^^^^^^^^^^^^^^^^^^^^^^^^^^^^^^^^^^^^^^^^^^^^^^
  3 | import { getAttributionPayload } from './analytics-source';
  4 |
  5 | declare global {

The export EVENTS was not found in module [project]/src/lib/analytics-events.ts [app-client] (ecmascript).
The module has no exports at all.
All exports of the module are statically known (It doesn't have dynamic exports). So it's known statically that the requested export doesn't exist.

Import traces:
  #1 [Client Component Browser]:
    ./src/lib/analytics.ts [Client Component Browser]
    ./src/app/error.tsx [Client Component Browser]
    ./src/app/error.tsx [Server Component]

  #2 [Client Component Browser]:
    ./src/lib/analytics.ts [Client Component Browser]
    ./src/app/not-found.tsx [Client Component Browser]
    ./src/app/not-found.tsx [Server Component]

  #3 [Client Component SSR]:
    ./src/lib/analytics.ts [Client Component SSR]
    ./src/app/error.tsx [Client Component SSR]
    ./src/app/error.tsx [Server Component]

  #4 [Client Component SSR]:
    ./src/lib/analytics.ts [Client Component SSR]
    ./src/app/not-found.tsx [Client Component SSR]
    ./src/app/not-found.tsx [Server Component]

  #5 [Client Component Browser]:
    ./src/lib/analytics.ts [Client Component Browser]
    ./src/components/analytics/CookieConsentBanner.tsx [Client Component Browser]
    ./src/components/analytics/CookieConsentBanner.tsx [Server Component]
    ./src/app/layout.tsx [Server Component]

  #6 [Client Component SSR]:
    ./src/lib/analytics.ts [Client Component SSR]
    ./src/components/analytics/CookieConsentBanner.tsx [Client Component SSR]
    ./src/components/analytics/CookieConsentBanner.tsx [Server Component]
    ./src/app/layout.tsx [Server Component] @ http://localhost:3001/_next/static/chunks/node_modules_next_dist_0u_w_5s._.js:2097
[ 6130729ms] [ERROR] ./src/lib/analytics.ts:2:1
Export EVENTS doesn't exist in target module
  1 | import Clarity from '@microsoft/clarity';
> 2 | import { EVENTS, KEYS } from './analytics-events';
    | ^^^^^^^^^^^^^^^^^^^^^^^^^^^^^^^^^^^^^^^^^^^^^^^^^^
  3 | import { getAttributionPayload } from './analytics-source';
  4 |
  5 | declare global {

The export EVENTS was not found in module [project]/src/lib/analytics-events.ts [app-ssr] (ecmascript).
The module has no exports at all.
All exports of the module are statically known (It doesn't have dynamic exports). So it's known statically that the requested export doesn't exist.

Import traces:
  #1 [Client Component Browser]:
    ./src/lib/analytics.ts [Client Component Browser]
    ./src/app/error.tsx [Client Component Browser]
    ./src/app/error.tsx [Server Component]

  #2 [Client Component Browser]:
    ./src/lib/analytics.ts [Client Component Browser]
    ./src/app/not-found.tsx [Client Component Browser]
    ./src/app/not-found.tsx [Server Component]

  #3 [Client Component SSR]:
    ./src/lib/analytics.ts [Client Component SSR]
    ./src/app/error.tsx [Client Component SSR]
    ./src/app/error.tsx [Server Component]

  #4 [Client Component SSR]:
    ./src/lib/analytics.ts [Client Component SSR]
    ./src/app/not-found.tsx [Client Component SSR]
    ./src/app/not-found.tsx [Server Component]

  #5 [Client Component Browser]:
    ./src/lib/analytics.ts [Client Component Browser]
    ./src/components/analytics/CookieConsentBanner.tsx [Client Component Browser]
    ./src/components/analytics/CookieConsentBanner.tsx [Server Component]
    ./src/app/layout.tsx [Server Component]

  #6 [Client Component SSR]:
    ./src/lib/analytics.ts [Client Component SSR]
    ./src/components/analytics/CookieConsentBanner.tsx [Client Component SSR]
    ./src/components/analytics/CookieConsentBanner.tsx [Server Component]
    ./src/app/layout.tsx [Server Component] @ http://localhost:3001/_next/static/chunks/node_modules_next_dist_0u_w_5s._.js:2097
[ 6130729ms] [ERROR] ./src/lib/analytics.ts:2:1
Export KEYS doesn't exist in target module
  1 | import Clarity from '@microsoft/clarity';
> 2 | import { EVENTS, KEYS } from './analytics-events';
    | ^^^^^^^^^^^^^^^^^^^^^^^^^^^^^^^^^^^^^^^^^^^^^^^^^^
  3 | import { getAttributionPayload } from './analytics-source';
  4 |
  5 | declare global {

The export KEYS was not found in module [project]/src/lib/analytics-events.ts [app-client] (ecmascript).
The module has no exports at all.
All exports of the module are statically known (It doesn't have dynamic exports). So it's known statically that the requested export doesn't exist.

Import traces:
  #1 [Client Component Browser]:
    ./src/lib/analytics.ts [Client Component Browser]
    ./src/app/error.tsx [Client Component Browser]
    ./src/app/error.tsx [Server Component]

  #2 [Client Component Browser]:
    ./src/lib/analytics.ts [Client Component Browser]
    ./src/app/not-found.tsx [Client Component Browser]
    ./src/app/not-found.tsx [Server Component]

  #3 [Client Component SSR]:
    ./src/lib/analytics.ts [Client Component SSR]
    ./src/app/error.tsx [Client Component SSR]
    ./src/app/error.tsx [Server Component]

  #4 [Client Component SSR]:
    ./src/lib/analytics.ts [Client Component SSR]
    ./src/app/not-found.tsx [Client Component SSR]
    ./src/app/not-found.tsx [Server Component]

  #5 [Client Component Browser]:
    ./src/lib/analytics.ts [Client Component Browser]
    ./src/components/analytics/CookieConsentBanner.tsx [Client Component Browser]
    ./src/components/analytics/CookieConsentBanner.tsx [Server Component]
    ./src/app/layout.tsx [Server Component]

  #6 [Client Component SSR]:
    ./src/lib/analytics.ts [Client Component SSR]
    ./src/components/analytics/CookieConsentBanner.tsx [Client Component SSR]
    ./src/components/analytics/CookieConsentBanner.tsx [Server Component]
    ./src/app/layout.tsx [Server Component] @ http://localhost:3001/_next/static/chunks/node_modules_next_dist_0u_w_5s._.js:2097
[ 6130729ms] [ERROR] ./src/lib/analytics.ts:2:1
Export KEYS doesn't exist in target module
  1 | import Clarity from '@microsoft/clarity';
> 2 | import { EVENTS, KEYS } from './analytics-events';
    | ^^^^^^^^^^^^^^^^^^^^^^^^^^^^^^^^^^^^^^^^^^^^^^^^^^
  3 | import { getAttributionPayload } from './analytics-source';
  4 |
  5 | declare global {

The export KEYS was not found in module [project]/src/lib/analytics-events.ts [app-ssr] (ecmascript).
The module has no exports at all.
All exports of the module are statically known (It doesn't have dynamic exports). So it's known statically that the requested export doesn't exist.

Import traces:
  #1 [Client Component Browser]:
    ./src/lib/analytics.ts [Client Component Browser]
    ./src/app/error.tsx [Client Component Browser]
    ./src/app/error.tsx [Server Component]

  #2 [Client Component Browser]:
    ./src/lib/analytics.ts [Client Component Browser]
    ./src/app/not-found.tsx [Client Component Browser]
    ./src/app/not-found.tsx [Server Component]

  #3 [Client Component SSR]:
    ./src/lib/analytics.ts [Client Component SSR]
    ./src/app/error.tsx [Client Component SSR]
    ./src/app/error.tsx [Server Component]

  #4 [Client Component SSR]:
    ./src/lib/analytics.ts [Client Component SSR]
    ./src/app/not-found.tsx [Client Component SSR]
    ./src/app/not-found.tsx [Server Component]

  #5 [Client Component Browser]:
    ./src/lib/analytics.ts [Client Component Browser]
    ./src/components/analytics/CookieConsentBanner.tsx [Client Component Browser]
    ./src/components/analytics/CookieConsentBanner.tsx [Server Component]
    ./src/app/layout.tsx [Server Component]

  #6 [Client Component SSR]:
    ./src/lib/analytics.ts [Client Component SSR]
    ./src/components/analytics/CookieConsentBanner.tsx [Client Component SSR]
    ./src/components/analytics/CookieConsentBanner.tsx [Server Component]
    ./src/app/layout.tsx [Server Component] @ http://localhost:3001/_next/static/chunks/node_modules_next_dist_0u_w_5s._.js:2097
[ 6131085ms] [ERROR] ./src/app/layout.tsx:13:1
Module not found: Can't resolve '@dangelopalladino/etf-core/analytics'
  11 | import { AuthProvider } from "@/components/AuthProvider";
  12 | import PageviewTracker from "@/components/analytics/PageviewTracker";
> 13 | import { GA4Loader } from "@dangelopalladino/etf-core/analytics";
     | ^^^^^^^^^^^^^^^^^^^^^^^^^^^^^^^^^^^^^^^^^^^^^^^^^^^^^^^^^^^^^^^^^
  14 | import ClarityLoader from "@/components/analytics/ClarityLoader";
  15 | import ClarityIdentifier from "@/components/analytics/ClarityIdentifier";
  16 | import CookieConsentBanner from "@/components/analytics/CookieConsentBanner";

https://nextjs.org/docs/messages/module-not-found @ http://localhost:3001/_next/static/chunks/node_modules_next_dist_0u_w_5s._.js:2097
[ 6131085ms] [ERROR] ./src/lib/analytics-events.ts:2:1
Module not found: Can't resolve '@dangelopalladino/etf-core/analytics'
  1 | // Phase 11: analytics event catalog sourced from @dangelopalladino/etf-core.
> 2 | export * from '@dangelopalladino/etf-core/analytics';
    | ^^^^^^^^^^^^^^^^^^^^^^^^^^^^^^^^^^^^^^^^^^^^^^^^^^^^^
  3 |

Import traces:
  Client Component Browser:
    ./src/lib/analytics-events.ts [Client Component Browser]
    ./src/lib/analytics.ts [Client Component Browser]
    ./src/components/analytics/CookieConsentBanner.tsx [Client Component Browser]
    ./src/components/analytics/CookieConsentBanner.tsx [Server Component]
    ./src/app/layout.tsx [Server Component]

  Client Component SSR:
    ./src/lib/analytics-events.ts [Client Component SSR]
    ./src/lib/analytics.ts [Client Component SSR]
    ./src/components/analytics/CookieConsentBanner.tsx [Client Component SSR]
    ./src/components/analytics/CookieConsentBanner.tsx [Server Component]
    ./src/app/layout.tsx [Server Component]

https://nextjs.org/docs/messages/module-not-found @ http://localhost:3001/_next/static/chunks/node_modules_next_dist_0u_w_5s._.js:2097
[ 6131085ms] [ERROR] ./src/app/page.tsx:8:1
Module not found: Can't resolve '@dangelopalladino/etf-core/content'
   6 |   CrownOutlined,
   7 | } from '@ant-design/icons';
>  8 | import { getApprovedTestimonials } from '@dangelopalladino/etf-core/content';
     | ^^^^^^^^^^^^^^^^^^^^^^^^^^^^^^^^^^^^^^^^^^^^^^^^^^^^^^^^^^^^^^^^^^^^^^^^^^^^^
   9 | import { JsonLd } from '@/components/marketing/JsonLd';
  10 | import { LandingSectionExposure } from '@/components/analytics/SectionExposure';
  11 | import FeatureCard from '@/components/primitives/FeatureCard';

https://nextjs.org/docs/messages/module-not-found @ http://localhost:3001/_next/static/chunks/node_modules_next_dist_0u_w_5s._.js:2097
[ 6131085ms] [ERROR] ./src/lib/antd-theme.ts:35:1
Module not found: Can't resolve '@dangelopalladino/etf-core/tokens/6id'
  33 | export type { StatusType } from '@dangelopalladino/etf-core/tokens/6id';
  34 |
> 35 | import { themeConfig as etfCoreThemeConfig } from '@dangelopalladino/etf-core/tokens/6id';
     | ^^^^^^^^^^^^^^^^^^^^^^^^^^^^^^^^^^^^^^^^^^^^^^^^^^^^^^^^^^^^^^^^^^^^^^^^^^^^^^^^^^^^^^^^^^
  36 |
  37 | // Canonical 6i palette — v2 design system (navy + off-white + electric blue)
  38 | const CANONICAL_6I = {

Import traces:
  Client Component Browser:
    ./src/lib/antd-theme.ts [Client Component Browser]
    ./src/components/AntdProvider.tsx [Client Component Browser]
    ./src/components/AntdProvider.tsx [Server Component]
    ./src/app/layout.tsx [Server Component]

  Client Component SSR:
    ./src/lib/antd-theme.ts [Client Component SSR]
    ./src/components/AntdProvider.tsx [Client Component SSR]
    ./src/components/AntdProvider.tsx [Server Component]
    ./src/app/layout.tsx [Server Component]

https://nextjs.org/docs/messages/module-not-found @ http://localhost:3001/_next/static/chunks/node_modules_next_dist_0u_w_5s._.js:2097
[ 6131086ms] [ERROR] ./src/lib/brand-tokens.ts:5:1
Module not found: Can't resolve '@dangelopalladino/etf-core/tokens/6id'
   3 | // IDENTITY_COLORS is overridden here with v2 saturated palette; all other tokens
   4 | // forwarded from etf-core unchanged.
>  5 | export {
     | ^^^^^^^
>  6 |   BLUEPRINT_SHADOWS,
     | ^^^^^^^^^^^^^^^^^^^^
>  7 |   BORDER_TOKENS,
     | ^^^^^^^^^^^^^^^^
>  8 |   BRAND,
     | ^^^^^^^^
>  9 |   BRAND_GOLD,
     | ^^^^^^^^^^^^^
> 10 |   DARK_MODE_COLORS,
     | ^^^^^^^^^^^^^^^^^^^
> 11 |   HEADING_SCALE,
     | ^^^^^^^^^^^^^^^^
> 12 |   SCORE_COLORS,
     | ^^^^^^^^^^^^^^^
> 13 |   SHADOW_TOKENS,
     | ^^^^^^^^^^^^^^^^
> 14 |   STATUS_STYLES,
     | ^^^^^^^^^^^^^^^^
> 15 |   SURFACE_TOKENS,
     | ^^^^^^^^^^^^^^^^^
> 16 |   baseThemeConfig,
     | ^^^^^^^^^^^^^^^^^^
> 17 |   darkThemeConfig,
     | ^^^^^^^^^^^^^^^^^^
> 18 |   getScoreColor,
     | ^^^^^^^^^^^^^^^^
> 19 |   needsDarkTextOnBackground,
     | ^^^^^^^^^^^^^^^^^^^^^^^^^^^^
> 20 | } from '@dangelopalladino/etf-core/tokens/6id';
     | ^^^^^^^^^^^^^^^^^^^^^^^^^^^^^^^^^^^^^^^^^^^^^^^
  21 | export type { StatusType } from '@dangelopalladino/etf-core/tokens/6id';
  22 |
  23 | // v2 saturated identity palette — overrides etf-core pottery-glaze values.

Import traces:
  #1 [Server Component]:
    ./src/lib/brand-tokens.ts
    ./src/app/opengraph-image.tsx
    ./src/app/opengraph-image--metadata.js

  #2 [Server Component]:
    ./src/lib/brand-tokens.ts
    ./src/lib/type-profiles.ts
    ./src/app/page.tsx

https://nextjs.org/docs/messages/module-not-found @ http://localhost:3001/_next/static/chunks/node_modules_next_dist_0u_w_5s._.js:2097
[ 6131086ms] [ERROR] ./src/components/shared/BrandCta.tsx:3:1
Module not found: Can't resolve '@dangelopalladino/etf-core/ui-client'
  1 | // Phase 11: BrandCta sourced from @dangelopalladino/etf-core.
  2 | 'use client';
> 3 | export { BrandCta as default } from '@dangelopalladino/etf-core/ui-client';
    | ^^^^^^^^^^^^^^^^^^^^^^^^^^^^^^^^^^^^^^^^^^^^^^^^^^^^^^^^^^^^^^^^^^^^^^^^^^^
  4 |

Import traces:
  Server Component:
    ./src/components/shared/BrandCta.tsx
    ./src/app/page.tsx

  Client Component Browser:
    ./src/components/shared/BrandCta.tsx [Client Component Browser]
    ./src/app/not-found.tsx [Client Component Browser]
    ./src/app/not-found.tsx [Server Component]

  Client Component SSR:
    ./src/components/shared/BrandCta.tsx [Client Component SSR]
    ./src/app/not-found.tsx [Client Component SSR]
    ./src/app/not-found.tsx [Server Component]

https://nextjs.org/docs/messages/module-not-found @ http://localhost:3001/_next/static/chunks/node_modules_next_dist_0u_w_5s._.js:2097
[ 6131086ms] [ERROR] ./src/components/shared/SectionHeader.tsx:8:1
Module not found: Can't resolve '@dangelopalladino/etf-core/ui-client'
   6 |
   7 | import React from 'react';
>  8 | import { SectionHeader as CoreSectionHeader } from '@dangelopalladino/etf-core/ui-client';
     | ^^^^^^^^^^^^^^^^^^^^^^^^^^^^^^^^^^^^^^^^^^^^^^^^^^^^^^^^^^^^^^^^^^^^^^^^^^^^^^^^^^^^^^^^^^
   9 |
  10 | type CoreAlign = 'left' | 'center';
  11 |

Import trace:
  Server Component:
    ./src/components/shared/SectionHeader.tsx
    ./src/app/page.tsx

https://nextjs.org/docs/messages/module-not-found @ http://localhost:3001/_next/static/chunks/node_modules_next_dist_0u_w_5s._.js:2097
[ 6131086ms] [ERROR] ./src/components/shared/SectionWrapper.tsx:2:1
Module not found: Can't resolve '@dangelopalladino/etf-core/ui-server'
  1 | // Phase 11: server-safe SectionWrapper sourced from @dangelopalladino/etf-core.
> 2 | export { SectionWrapper as default } from '@dangelopalladino/etf-core/ui-server';
    | ^^^^^^^^^^^^^^^^^^^^^^^^^^^^^^^^^^^^^^^^^^^^^^^^^^^^^^^^^^^^^^^^^^^^^^^^^^^^^^^^^
  3 |

Import trace:
  Server Component:
    ./src/components/shared/SectionWrapper.tsx
    ./src/app/page.tsx

https://nextjs.org/docs/messages/module-not-found @ http://localhost:3001/_next/static/chunks/node_modules_next_dist_0u_w_5s._.js:2097
[ 6131086ms] [ERROR] ./src/components/shared/ServerTypography.tsx:6:1
Module not found: Can't resolve '@dangelopalladino/etf-core/ui-server'
  4 | ...e `text-foreground` (warm charcoal). We inject `text-foreground` before any caller-supplied
  5 | ...assName so the token wins even if callers explicitly pass `text-primary`.
> 6 | ...t { ServerHeading as _ServerHeading, ServerText } from '@dangelopalladino/etf-core/ui-se...
    |    ^^^^^^^^^^^^^^^^^^^^^^^^^^^^^^^^^^^^^^^^^^^^^^^^^^^^^^^^^^^^^^^^^^^^^^^^^^^^^^^^^^^^^^^^^^^
  7 | ...t type { ComponentProps } from 'react';
  8 | ...
  9 | ...t function ServerHeading({ className = '', ...props }: ComponentProps<typeof _ServerHead...

Import traces:
  Server Component:
    ./src/components/shared/ServerTypography.tsx
    ./src/app/page.tsx

  Client Component Browser:
    ./src/components/shared/ServerTypography.tsx [Client Component Browser]
    ./src/components/shared/PageHero.tsx [Client Component Browser]
    ./src/components/shared/PageHero.tsx [Server Component]
    ./src/app/page.tsx [Server Component]

  Client Component SSR:
    ./src/components/shared/ServerTypography.tsx [Client Component SSR]
    ./src/components/shared/PageHero.tsx [Client Component SSR]
    ./src/components/shared/PageHero.tsx [Server Component]
    ./src/app/page.tsx [Server Component]

https://nextjs.org/docs/messages/module-not-found @ http://localhost:3001/_next/static/chunks/node_modules_next_dist_0u_w_5s._.js:2097
[ 6131086ms] [ERROR] ./src/lib/analytics.ts:2:1
Export EVENTS doesn't exist in target module
  1 | import Clarity from '@microsoft/clarity';
> 2 | import { EVENTS, KEYS } from './analytics-events';
    | ^^^^^^^^^^^^^^^^^^^^^^^^^^^^^^^^^^^^^^^^^^^^^^^^^^
  3 | import { getAttributionPayload } from './analytics-source';
  4 |
  5 | declare global {

The export EVENTS was not found in module [project]/src/lib/analytics-events.ts [app-client] (ecmascript).
The module has no exports at all.
All exports of the module are statically known (It doesn't have dynamic exports). So it's known statically that the requested export doesn't exist.

Import traces:
  #1 [Client Component Browser]:
    ./src/lib/analytics.ts [Client Component Browser]
    ./src/app/error.tsx [Client Component Browser]
    ./src/app/error.tsx [Server Component]

  #2 [Client Component Browser]:
    ./src/lib/analytics.ts [Client Component Browser]
    ./src/app/not-found.tsx [Client Component Browser]
    ./src/app/not-found.tsx [Server Component]

  #3 [Client Component SSR]:
    ./src/lib/analytics.ts [Client Component SSR]
    ./src/app/error.tsx [Client Component SSR]
    ./src/app/error.tsx [Server Component]

  #4 [Client Component SSR]:
    ./src/lib/analytics.ts [Client Component SSR]
    ./src/app/not-found.tsx [Client Component SSR]
    ./src/app/not-found.tsx [Server Component]

  #5 [Client Component Browser]:
    ./src/lib/analytics.ts [Client Component Browser]
    ./src/components/analytics/CookieConsentBanner.tsx [Client Component Browser]
    ./src/components/analytics/CookieConsentBanner.tsx [Server Component]
    ./src/app/layout.tsx [Server Component]

  #6 [Client Component SSR]:
    ./src/lib/analytics.ts [Client Component SSR]
    ./src/components/analytics/CookieConsentBanner.tsx [Client Component SSR]
    ./src/components/analytics/CookieConsentBanner.tsx [Server Component]
    ./src/app/layout.tsx [Server Component] @ http://localhost:3001/_next/static/chunks/node_modules_next_dist_0u_w_5s._.js:2097
[ 6131086ms] [ERROR] ./src/lib/analytics.ts:2:1
Export EVENTS doesn't exist in target module
  1 | import Clarity from '@microsoft/clarity';
> 2 | import { EVENTS, KEYS } from './analytics-events';
    | ^^^^^^^^^^^^^^^^^^^^^^^^^^^^^^^^^^^^^^^^^^^^^^^^^^
  3 | import { getAttributionPayload } from './analytics-source';
  4 |
  5 | declare global {

The export EVENTS was not found in module [project]/src/lib/analytics-events.ts [app-ssr] (ecmascript).
The module has no exports at all.
All exports of the module are statically known (It doesn't have dynamic exports). So it's known statically that the requested export doesn't exist.

Import traces:
  #1 [Client Component Browser]:
    ./src/lib/analytics.ts [Client Component Browser]
    ./src/app/error.tsx [Client Component Browser]
    ./src/app/error.tsx [Server Component]

  #2 [Client Component Browser]:
    ./src/lib/analytics.ts [Client Component Browser]
    ./src/app/not-found.tsx [Client Component Browser]
    ./src/app/not-found.tsx [Server Component]

  #3 [Client Component SSR]:
    ./src/lib/analytics.ts [Client Component SSR]
    ./src/app/error.tsx [Client Component SSR]
    ./src/app/error.tsx [Server Component]

  #4 [Client Component SSR]:
    ./src/lib/analytics.ts [Client Component SSR]
    ./src/app/not-found.tsx [Client Component SSR]
    ./src/app/not-found.tsx [Server Component]

  #5 [Client Component Browser]:
    ./src/lib/analytics.ts [Client Component Browser]
    ./src/components/analytics/CookieConsentBanner.tsx [Client Component Browser]
    ./src/components/analytics/CookieConsentBanner.tsx [Server Component]
    ./src/app/layout.tsx [Server Component]

  #6 [Client Component SSR]:
    ./src/lib/analytics.ts [Client Component SSR]
    ./src/components/analytics/CookieConsentBanner.tsx [Client Component SSR]
    ./src/components/analytics/CookieConsentBanner.tsx [Server Component]
    ./src/app/layout.tsx [Server Component] @ http://localhost:3001/_next/static/chunks/node_modules_next_dist_0u_w_5s._.js:2097
[ 6131086ms] [ERROR] ./src/lib/analytics.ts:2:1
Export KEYS doesn't exist in target module
  1 | import Clarity from '@microsoft/clarity';
> 2 | import { EVENTS, KEYS } from './analytics-events';
    | ^^^^^^^^^^^^^^^^^^^^^^^^^^^^^^^^^^^^^^^^^^^^^^^^^^
  3 | import { getAttributionPayload } from './analytics-source';
  4 |
  5 | declare global {

The export KEYS was not found in module [project]/src/lib/analytics-events.ts [app-client] (ecmascript).
The module has no exports at all.
All exports of the module are statically known (It doesn't have dynamic exports). So it's known statically that the requested export doesn't exist.

Import traces:
  #1 [Client Component Browser]:
    ./src/lib/analytics.ts [Client Component Browser]
    ./src/app/error.tsx [Client Component Browser]
    ./src/app/error.tsx [Server Component]

  #2 [Client Component Browser]:
    ./src/lib/analytics.ts [Client Component Browser]
    ./src/app/not-found.tsx [Client Component Browser]
    ./src/app/not-found.tsx [Server Component]

  #3 [Client Component SSR]:
    ./src/lib/analytics.ts [Client Component SSR]
    ./src/app/error.tsx [Client Component SSR]
    ./src/app/error.tsx [Server Component]

  #4 [Client Component SSR]:
    ./src/lib/analytics.ts [Client Component SSR]
    ./src/app/not-found.tsx [Client Component SSR]
    ./src/app/not-found.tsx [Server Component]

  #5 [Client Component Browser]:
    ./src/lib/analytics.ts [Client Component Browser]
    ./src/components/analytics/CookieConsentBanner.tsx [Client Component Browser]
    ./src/components/analytics/CookieConsentBanner.tsx [Server Component]
    ./src/app/layout.tsx [Server Component]

  #6 [Client Component SSR]:
    ./src/lib/analytics.ts [Client Component SSR]
    ./src/components/analytics/CookieConsentBanner.tsx [Client Component SSR]
    ./src/components/analytics/CookieConsentBanner.tsx [Server Component]
    ./src/app/layout.tsx [Server Component] @ http://localhost:3001/_next/static/chunks/node_modules_next_dist_0u_w_5s._.js:2097
[ 6131086ms] [ERROR] ./src/lib/analytics.ts:2:1
Export KEYS doesn't exist in target module
  1 | import Clarity from '@microsoft/clarity';
> 2 | import { EVENTS, KEYS } from './analytics-events';
    | ^^^^^^^^^^^^^^^^^^^^^^^^^^^^^^^^^^^^^^^^^^^^^^^^^^
  3 | import { getAttributionPayload } from './analytics-source';
  4 |
  5 | declare global {

The export KEYS was not found in module [project]/src/lib/analytics-events.ts [app-ssr] (ecmascript).
The module has no exports at all.
All exports of the module are statically known (It doesn't have dynamic exports). So it's known statically that the requested export doesn't exist.

Import traces:
  #1 [Client Component Browser]:
    ./src/lib/analytics.ts [Client Component Browser]
    ./src/app/error.tsx [Client Component Browser]
    ./src/app/error.tsx [Server Component]

  #2 [Client Component Browser]:
    ./src/lib/analytics.ts [Client Component Browser]
    ./src/app/not-found.tsx [Client Component Browser]
    ./src/app/not-found.tsx [Server Component]

  #3 [Client Component SSR]:
    ./src/lib/analytics.ts [Client Component SSR]
    ./src/app/error.tsx [Client Component SSR]
    ./src/app/error.tsx [Server Component]

  #4 [Client Component SSR]:
    ./src/lib/analytics.ts [Client Component SSR]
    ./src/app/not-found.tsx [Client Component SSR]
    ./src/app/not-found.tsx [Server Component]

  #5 [Client Component Browser]:
    ./src/lib/analytics.ts [Client Component Browser]
    ./src/components/analytics/CookieConsentBanner.tsx [Client Component Browser]
    ./src/components/analytics/CookieConsentBanner.tsx [Server Component]
    ./src/app/layout.tsx [Server Component]

  #6 [Client Component SSR]:
    ./src/lib/analytics.ts [Client Component SSR]
    ./src/components/analytics/CookieConsentBanner.tsx [Client Component SSR]
    ./src/components/analytics/CookieConsentBanner.tsx [Server Component]
    ./src/app/layout.tsx [Server Component] @ http://localhost:3001/_next/static/chunks/node_modules_next_dist_0u_w_5s._.js:2097
[ 6131086ms] [ERROR] ./src/components/shared/ScoreBar.tsx:3:1
Module not found: Can't resolve '@dangelopalladino/etf-core/ui-client'
  1 | // Phase 11: ScoreBar sourced from @dangelopalladino/etf-core.
  2 | 'use client';
> 3 | export { ScoreBar as default } from '@dangelopalladino/etf-core/ui-client';
    | ^^^^^^^^^^^^^^^^^^^^^^^^^^^^^^^^^^^^^^^^^^^^^^^^^^^^^^^^^^^^^^^^^^^^^^^^^^^
  4 |

Import traces:
  Client Component Browser:
    ./src/components/shared/ScoreBar.tsx [Client Component Browser]
    ./src/components/results/v2/ScoreDashboard.tsx [Client Component Browser]
    ./src/components/results/v2/ScoreDashboard.tsx [Server Component]
    ./src/app/results/page.tsx [Server Component]

  Client Component SSR:
    ./src/components/shared/ScoreBar.tsx [Client Component SSR]
    ./src/components/results/v2/ScoreDashboard.tsx [Client Component SSR]
    ./src/components/results/v2/ScoreDashboard.tsx [Server Component]
    ./src/app/results/page.tsx [Server Component]

https://nextjs.org/docs/messages/module-not-found @ http://localhost:3001/_next/static/chunks/node_modules_next_dist_0u_w_5s._.js:2097
[ 6131087ms] [ERROR] ./src/components/shared/StatusBadge.tsx:3:1
Module not found: Can't resolve '@dangelopalladino/etf-core/ui-client'
  1 | // Phase 11: StatusBadge sourced from @dangelopalladino/etf-core.
  2 | 'use client';
> 3 | export { StatusBadge as default } from '@dangelopalladino/etf-core/ui-client';
    | ^^^^^^^^^^^^^^^^^^^^^^^^^^^^^^^^^^^^^^^^^^^^^^^^^^^^^^^^^^^^^^^^^^^^^^^^^^^^^^
  4 |

Import traces:
  Client Component Browser:
    ./src/components/shared/StatusBadge.tsx [Client Component Browser]
    ./src/components/results/v2/CoreCodeArchetype.tsx [Client Component Browser]
    ./src/components/results/v2/CoreCodeArchetype.tsx [Server Component]
    ./src/app/results/page.tsx [Server Component]

  Client Component SSR:
    ./src/components/shared/StatusBadge.tsx [Client Component SSR]
    ./src/components/results/v2/CoreCodeArchetype.tsx [Client Component SSR]
    ./src/components/results/v2/CoreCodeArchetype.tsx [Server Component]
    ./src/app/results/page.tsx [Server Component]

https://nextjs.org/docs/messages/module-not-found @ http://localhost:3001/_next/static/chunks/node_modules_next_dist_0u_w_5s._.js:2097
[ 6131087ms] [ERROR] ./src/components/seo/BreadcrumbJsonLd.tsx:2:1
Module not found: Can't resolve '@dangelopalladino/etf-core/seo'
  1 | ...React from 'react';
> 2 | ...{ BreadcrumbJsonLd as Base, type BreadcrumbJsonLdProps } from '@dangelopalladino/etf-cor...
    |    ^^^^^^^^^^^^^^^^^^^^^^^^^^^^^^^^^^^^^^^^^^^^^^^^^^^^^^^^^^^^^^^^^^^^^^^^^^^^^^^^^^^^^^^^^^^
  3 | ...
  4 | ...ITE_URL = process.env.NEXT_PUBLIC_SITE_URL || 'https://www.6identities.com';
  5 | ...

Import trace:
  Server Component:
    ./src/components/seo/BreadcrumbJsonLd.tsx
    ./src/app/professionals/page.tsx

https://nextjs.org/docs/messages/module-not-found @ http://localhost:3001/_next/static/chunks/node_modules_next_dist_0u_w_5s._.js:2097
[ 6131087ms] [ERROR] ./src/components/shared/CtaSection.tsx:3:1
Module not found: Can't resolve '@dangelopalladino/etf-core/ui-client'
  1 | // Phase 11: CtaSection sourced from @dangelopalladino/etf-core.
  2 | 'use client';
> 3 | export { CtaSection as default } from '@dangelopalladino/etf-core/ui-client';
    | ^^^^^^^^^^^^^^^^^^^^^^^^^^^^^^^^^^^^^^^^^^^^^^^^^^^^^^^^^^^^^^^^^^^^^^^^^^^^^
  4 |

Import trace:
  Server Component:
    ./src/components/shared/CtaSection.tsx
    ./src/app/professionals/page.tsx

https://nextjs.org/docs/messages/module-not-found @ http://localhost:3001/_next/static/chunks/node_modules_next_dist_0u_w_5s._.js:2097
[ 6131171ms] [LOG] [Fast Refresh] rebuilding @ http://localhost:3001/_next/static/chunks/node_modules_next_dist_0u_w_5s._.js:1305
[ 6184516ms] [LOG] [Fast Refresh] rebuilding @ http://localhost:3001/_next/static/chunks/node_modules_next_dist_0u_w_5s._.js:1305
[ 6192156ms] [ERROR] Failed to load resource: the server responded with a status of 500 (Internal Server Error) @ http://localhost:3001/:0
[ 6192306ms] [INFO] %cDownload the React DevTools for a better development experience: https://react.dev/link/react-devtools font-weight:bold @ http://localhost:3001/_next/static/chunks/node_modules_react-dom_0bruynb._.js:15309
[ 6192344ms] Error: ./src/app/layout.tsx:13:1
Module not found: Can't resolve '@dangelopalladino/etf-core/analytics'
  11 | import { AuthProvider } from "@/components/AuthProvider";
  12 | import PageviewTracker from "@/components/analytics/PageviewTracker";
> 13 | import { GA4Loader } from "@dangelopalladino/etf-core/analytics";
     | ^^^^^^^^^^^^^^^^^^^^^^^^^^^^^^^^^^^^^^^^^^^^^^^^^^^^^^^^^^^^^^^^^
  14 | import ClarityLoader from "@/components/analytics/ClarityLoader";
  15 | import ClarityIdentifier from "@/components/analytics/ClarityIdentifier";
  16 | import CookieConsentBanner from "@/components/analytics/CookieConsentBanner";



https://nextjs.org/docs/messages/module-not-found


    at <unknown> (Error: ./src/app/layout.tsx:13:1)
    at <unknown> (https://nextjs.org/docs/messages/module-not-found)
    at Object.getCompilationErrors (file:///Users/dangelor.palladinolckroomr/Code/ETFtestSite/node_modules/next/dist/server/dev/hot-reloader-turbopack.js:1186:59)
    at DevBundlerService.getCompilationError (file:///Users/dangelor.palladinolckroomr/Code/ETFtestSite/node_modules/next/dist/server/lib/dev-bundler-service.js:44:55)
    at DevServer.getCompilationError (file:///Users/dangelor.palladinolckroomr/Code/ETFtestSite/node_modules/next/dist/server/dev/next-dev-server.js:719:42)
    at DevServer.findPageComponents (file:///Users/dangelor.palladinolckroomr/Code/ETFtestSite/node_modules/next/dist/server/dev/next-dev-server.js:689:43)
    at async DevServer.renderErrorToResponseImpl (file:///Users/dangelor.palladinolckroomr/Code/ETFtestSite/node_modules/next/dist/server/base-server.js:1745:26)
[ 6192359ms] [LOG] [HMR] connected @ http://localhost:3001/_next/static/chunks/node_modules_next_dist_0u_w_5s._.js:1305
[ 6192376ms] [ERROR] Refused to execute script from 'http://localhost:3001/_next/static/development/_clientMiddlewareManifest.js' because its MIME type ('application/json') is not executable, and strict MIME type checking is enabled. @ http://localhost:3001/:0
[ 6192446ms] [ERROR] ./src/app/layout.tsx:13:1
Module not found: Can't resolve '@dangelopalladino/etf-core/analytics'
  11 | import { AuthProvider } from "@/components/AuthProvider";
  12 | import PageviewTracker from "@/components/analytics/PageviewTracker";
> 13 | import { GA4Loader } from "@dangelopalladino/etf-core/analytics";
     | ^^^^^^^^^^^^^^^^^^^^^^^^^^^^^^^^^^^^^^^^^^^^^^^^^^^^^^^^^^^^^^^^^
  14 | import ClarityLoader from "@/components/analytics/ClarityLoader";
  15 | import ClarityIdentifier from "@/components/analytics/ClarityIdentifier";
  16 | import CookieConsentBanner from "@/components/analytics/CookieConsentBanner";

https://nextjs.org/docs/messages/module-not-found @ http://localhost:3001/_next/static/chunks/node_modules_next_dist_0u_w_5s._.js:2097
[ 6192447ms] [ERROR] ./src/lib/analytics-events.ts:2:1
Module not found: Can't resolve '@dangelopalladino/etf-core/analytics'
  1 | // Phase 11: analytics event catalog sourced from @dangelopalladino/etf-core.
> 2 | export * from '@dangelopalladino/etf-core/analytics';
    | ^^^^^^^^^^^^^^^^^^^^^^^^^^^^^^^^^^^^^^^^^^^^^^^^^^^^^
  3 |

Import traces:
  Client Component Browser:
    ./src/lib/analytics-events.ts [Client Component Browser]
    ./src/lib/analytics.ts [Client Component Browser]
    ./src/components/analytics/CookieConsentBanner.tsx [Client Component Browser]
    ./src/components/analytics/CookieConsentBanner.tsx [Server Component]
    ./src/app/layout.tsx [Server Component]

  Client Component SSR:
    ./src/lib/analytics-events.ts [Client Component SSR]
    ./src/lib/analytics.ts [Client Component SSR]
    ./src/components/analytics/CookieConsentBanner.tsx [Client Component SSR]
    ./src/components/analytics/CookieConsentBanner.tsx [Server Component]
    ./src/app/layout.tsx [Server Component]

https://nextjs.org/docs/messages/module-not-found @ http://localhost:3001/_next/static/chunks/node_modules_next_dist_0u_w_5s._.js:2097
[ 6192447ms] [ERROR] ./src/lib/antd-theme.ts:35:1
Module not found: Can't resolve '@dangelopalladino/etf-core/tokens/6id'
  33 | export type { StatusType } from '@dangelopalladino/etf-core/tokens/6id';
  34 |
> 35 | import { themeConfig as etfCoreThemeConfig } from '@dangelopalladino/etf-core/tokens/6id';
     | ^^^^^^^^^^^^^^^^^^^^^^^^^^^^^^^^^^^^^^^^^^^^^^^^^^^^^^^^^^^^^^^^^^^^^^^^^^^^^^^^^^^^^^^^^^
  36 |
  37 | // Canonical 6i palette — v2 design system (navy + off-white + electric blue)
  38 | const CANONICAL_6I = {

Import traces:
  Client Component Browser:
    ./src/lib/antd-theme.ts [Client Component Browser]
    ./src/components/AntdProvider.tsx [Client Component Browser]
    ./src/components/AntdProvider.tsx [Server Component]
    ./src/app/layout.tsx [Server Component]

  Client Component SSR:
    ./src/lib/antd-theme.ts [Client Component SSR]
    ./src/components/AntdProvider.tsx [Client Component SSR]
    ./src/components/AntdProvider.tsx [Server Component]
    ./src/app/layout.tsx [Server Component]

https://nextjs.org/docs/messages/module-not-found @ http://localhost:3001/_next/static/chunks/node_modules_next_dist_0u_w_5s._.js:2097
[ 6192448ms] [ERROR] ./src/lib/brand-tokens.ts:5:1
Module not found: Can't resolve '@dangelopalladino/etf-core/tokens/6id'
   3 | // IDENTITY_COLORS is overridden here with v2 saturated palette; all other tokens
   4 | // forwarded from etf-core unchanged.
>  5 | export {
     | ^^^^^^^
>  6 |   BLUEPRINT_SHADOWS,
     | ^^^^^^^^^^^^^^^^^^^^
>  7 |   BORDER_TOKENS,
     | ^^^^^^^^^^^^^^^^
>  8 |   BRAND,
     | ^^^^^^^^
>  9 |   BRAND_GOLD,
     | ^^^^^^^^^^^^^
> 10 |   DARK_MODE_COLORS,
     | ^^^^^^^^^^^^^^^^^^^
> 11 |   HEADING_SCALE,
     | ^^^^^^^^^^^^^^^^
> 12 |   SCORE_COLORS,
     | ^^^^^^^^^^^^^^^
> 13 |   SHADOW_TOKENS,
     | ^^^^^^^^^^^^^^^^
> 14 |   STATUS_STYLES,
     | ^^^^^^^^^^^^^^^^
> 15 |   SURFACE_TOKENS,
     | ^^^^^^^^^^^^^^^^^
> 16 |   baseThemeConfig,
     | ^^^^^^^^^^^^^^^^^^
> 17 |   darkThemeConfig,
     | ^^^^^^^^^^^^^^^^^^
> 18 |   getScoreColor,
     | ^^^^^^^^^^^^^^^^
> 19 |   needsDarkTextOnBackground,
     | ^^^^^^^^^^^^^^^^^^^^^^^^^^^^
> 20 | } from '@dangelopalladino/etf-core/tokens/6id';
     | ^^^^^^^^^^^^^^^^^^^^^^^^^^^^^^^^^^^^^^^^^^^^^^^
  21 | export type { StatusType } from '@dangelopalladino/etf-core/tokens/6id';
  22 |
  23 | // v2 saturated identity palette — overrides etf-core pottery-glaze values.

Import traces:
  Server Component:
    ./src/lib/brand-tokens.ts
    ./src/app/opengraph-image.tsx
    ./src/app/opengraph-image--metadata.js

  Client Component Browser:
    ./src/lib/brand-tokens.ts [Client Component Browser]
    ./src/components/Characters.tsx [Client Component Browser]
    ./src/components/results/ShareCard.tsx [Client Component Browser]
    ./src/components/results/ShareCard.tsx [Server Component]
    ./src/app/results/page.tsx [Server Component]

  Client Component SSR:
    ./src/lib/brand-tokens.ts [Client Component SSR]
    ./src/components/Characters.tsx [Client Component SSR]
    ./src/components/results/ShareCard.tsx [Client Component SSR]
    ./src/components/results/ShareCard.tsx [Server Component]
    ./src/app/results/page.tsx [Server Component]

https://nextjs.org/docs/messages/module-not-found @ http://localhost:3001/_next/static/chunks/node_modules_next_dist_0u_w_5s._.js:2097
[ 6192448ms] [ERROR] ./src/components/shared/BrandCta.tsx:3:1
Module not found: Can't resolve '@dangelopalladino/etf-core/ui-client'
  1 | // Phase 11: BrandCta sourced from @dangelopalladino/etf-core.
  2 | 'use client';
> 3 | export { BrandCta as default } from '@dangelopalladino/etf-core/ui-client';
    | ^^^^^^^^^^^^^^^^^^^^^^^^^^^^^^^^^^^^^^^^^^^^^^^^^^^^^^^^^^^^^^^^^^^^^^^^^^^
  4 |

Import traces:
  Server Component:
    ./src/components/shared/BrandCta.tsx
    ./src/app/results/page.tsx

  Client Component Browser:
    ./src/components/shared/BrandCta.tsx [Client Component Browser]
    ./src/app/not-found.tsx [Client Component Browser]
    ./src/app/not-found.tsx [Server Component]

  Client Component SSR:
    ./src/components/shared/BrandCta.tsx [Client Component SSR]
    ./src/app/not-found.tsx [Client Component SSR]
    ./src/app/not-found.tsx [Server Component]

https://nextjs.org/docs/messages/module-not-found @ http://localhost:3001/_next/static/chunks/node_modules_next_dist_0u_w_5s._.js:2097
[ 6192448ms] [ERROR] ./src/components/shared/ScoreBar.tsx:3:1
Module not found: Can't resolve '@dangelopalladino/etf-core/ui-client'
  1 | // Phase 11: ScoreBar sourced from @dangelopalladino/etf-core.
  2 | 'use client';
> 3 | export { ScoreBar as default } from '@dangelopalladino/etf-core/ui-client';
    | ^^^^^^^^^^^^^^^^^^^^^^^^^^^^^^^^^^^^^^^^^^^^^^^^^^^^^^^^^^^^^^^^^^^^^^^^^^^
  4 |

Import traces:
  Client Component Browser:
    ./src/components/shared/ScoreBar.tsx [Client Component Browser]
    ./src/components/results/v2/ScoreDashboard.tsx [Client Component Browser]
    ./src/components/results/v2/ScoreDashboard.tsx [Server Component]
    ./src/app/results/page.tsx [Server Component]

  Client Component SSR:
    ./src/components/shared/ScoreBar.tsx [Client Component SSR]
    ./src/components/results/v2/ScoreDashboard.tsx [Client Component SSR]
    ./src/components/results/v2/ScoreDashboard.tsx [Server Component]
    ./src/app/results/page.tsx [Server Component]

https://nextjs.org/docs/messages/module-not-found @ http://localhost:3001/_next/static/chunks/node_modules_next_dist_0u_w_5s._.js:2097
[ 6192448ms] [ERROR] ./src/components/shared/SectionHeader.tsx:8:1
Module not found: Can't resolve '@dangelopalladino/etf-core/ui-client'
   6 |
   7 | import React from 'react';
>  8 | import { SectionHeader as CoreSectionHeader } from '@dangelopalladino/etf-core/ui-client';
     | ^^^^^^^^^^^^^^^^^^^^^^^^^^^^^^^^^^^^^^^^^^^^^^^^^^^^^^^^^^^^^^^^^^^^^^^^^^^^^^^^^^^^^^^^^^
   9 |
  10 | type CoreAlign = 'left' | 'center';
  11 |

Import traces:
  Client Component Browser:
    ./src/components/shared/SectionHeader.tsx [Client Component Browser]
    ./src/components/results/v2/PatternTypeCard.tsx [Client Component Browser]
    ./src/components/results/v2/PatternTypeCard.tsx [Server Component]
    ./src/app/results/page.tsx [Server Component]

  Client Component SSR:
    ./src/components/shared/SectionHeader.tsx [Client Component SSR]
    ./src/components/results/v2/PatternTypeCard.tsx [Client Component SSR]
    ./src/components/results/v2/PatternTypeCard.tsx [Server Component]
    ./src/app/results/page.tsx [Server Component]

https://nextjs.org/docs/messages/module-not-found @ http://localhost:3001/_next/static/chunks/node_modules_next_dist_0u_w_5s._.js:2097
[ 6192448ms] [ERROR] ./src/components/shared/StatusBadge.tsx:3:1
Module not found: Can't resolve '@dangelopalladino/etf-core/ui-client'
  1 | // Phase 11: StatusBadge sourced from @dangelopalladino/etf-core.
  2 | 'use client';
> 3 | export { StatusBadge as default } from '@dangelopalladino/etf-core/ui-client';
    | ^^^^^^^^^^^^^^^^^^^^^^^^^^^^^^^^^^^^^^^^^^^^^^^^^^^^^^^^^^^^^^^^^^^^^^^^^^^^^^
  4 |

Import traces:
  Client Component Browser:
    ./src/components/shared/StatusBadge.tsx [Client Component Browser]
    ./src/components/results/v2/CoreCodeArchetype.tsx [Client Component Browser]
    ./src/components/results/v2/CoreCodeArchetype.tsx [Server Component]
    ./src/app/results/page.tsx [Server Component]

  Client Component SSR:
    ./src/components/shared/StatusBadge.tsx [Client Component SSR]
    ./src/components/results/v2/CoreCodeArchetype.tsx [Client Component SSR]
    ./src/components/results/v2/CoreCodeArchetype.tsx [Server Component]
    ./src/app/results/page.tsx [Server Component]

https://nextjs.org/docs/messages/module-not-found @ http://localhost:3001/_next/static/chunks/node_modules_next_dist_0u_w_5s._.js:2097
[ 6192448ms] [ERROR] ./src/components/shared/SectionWrapper.tsx:2:1
Module not found: Can't resolve '@dangelopalladino/etf-core/ui-server'
  1 | // Phase 11: server-safe SectionWrapper sourced from @dangelopalladino/etf-core.
> 2 | export { SectionWrapper as default } from '@dangelopalladino/etf-core/ui-server';
    | ^^^^^^^^^^^^^^^^^^^^^^^^^^^^^^^^^^^^^^^^^^^^^^^^^^^^^^^^^^^^^^^^^^^^^^^^^^^^^^^^^
  3 |

Import traces:
  #1 [Server Component]:
    ./src/components/shared/SectionWrapper.tsx
    ./src/app/results/page.tsx

  #2 [Client Component Browser]:
    ./src/components/shared/SectionWrapper.tsx [Client Component Browser]
    ./src/components/results/v2/ComponentDeepDives.tsx [Client Component Browser]
    ./src/components/results/v2/ComponentDeepDives.tsx [Server Component]
    ./src/app/results/page.tsx [Server Component]

  #3 [Client Component Browser]:
    ./src/components/shared/SectionWrapper.tsx [Client Component Browser]
    ./src/components/results/v2/PatternTypeCard.tsx [Client Component Browser]
    ./src/components/results/v2/PatternTypeCard.tsx [Server Component]
    ./src/app/results/page.tsx [Server Component]

  #4 [Client Component SSR]:
    ./src/components/shared/SectionWrapper.tsx [Client Component SSR]
    ./src/components/results/v2/ComponentDeepDives.tsx [Client Component SSR]
    ./src/components/results/v2/ComponentDeepDives.tsx [Server Component]
    ./src/app/results/page.tsx [Server Component]

  #5 [Client Component SSR]:
    ./src/components/shared/SectionWrapper.tsx [Client Component SSR]
    ./src/components/results/v2/PatternTypeCard.tsx [Client Component SSR]
    ./src/components/results/v2/PatternTypeCard.tsx [Server Component]
    ./src/app/results/page.tsx [Server Component]

https://nextjs.org/docs/messages/module-not-found @ http://localhost:3001/_next/static/chunks/node_modules_next_dist_0u_w_5s._.js:2097
[ 6192448ms] [ERROR] ./src/components/shared/ServerTypography.tsx:6:1
Module not found: Can't resolve '@dangelopalladino/etf-core/ui-server'
  4 | ...e `text-foreground` (warm charcoal). We inject `text-foreground` before any caller-supplied
  5 | ...assName so the token wins even if callers explicitly pass `text-primary`.
> 6 | ...t { ServerHeading as _ServerHeading, ServerText } from '@dangelopalladino/etf-core/ui-se...
    |    ^^^^^^^^^^^^^^^^^^^^^^^^^^^^^^^^^^^^^^^^^^^^^^^^^^^^^^^^^^^^^^^^^^^^^^^^^^^^^^^^^^^^^^^^^^^
  7 | ...t type { ComponentProps } from 'react';
  8 | ...
  9 | ...t function ServerHeading({ className = '', ...props }: ComponentProps<typeof _ServerHead...

Import traces:
  #1 [Server Component]:
    ./src/components/shared/ServerTypography.tsx
    ./src/app/results/page.tsx

  #2 [Server Component]:
    ./src/components/shared/ServerTypography.tsx
    ./src/components/shared/NonClinicalDisclaimer.tsx
    ./src/app/results/page.tsx

  #3 [Client Component Browser]:
    ./src/components/shared/ServerTypography.tsx [Client Component Browser]
    ./src/components/status/StateBase.tsx [Client Component Browser]
    ./src/components/status/ErrorState.tsx [Client Component Browser]
    ./src/components/status/ErrorState.tsx [Server Component]
    ./src/app/results/page.tsx [Server Component]

  #4 [Client Component SSR]:
    ./src/components/shared/ServerTypography.tsx [Client Component SSR]
    ./src/components/status/StateBase.tsx [Client Component SSR]
    ./src/components/status/ErrorState.tsx [Client Component SSR]
    ./src/components/status/ErrorState.tsx [Server Component]
    ./src/app/results/page.tsx [Server Component]

https://nextjs.org/docs/messages/module-not-found @ http://localhost:3001/_next/static/chunks/node_modules_next_dist_0u_w_5s._.js:2097
[ 6192448ms] [ERROR] ./src/lib/analytics.ts:2:1
Export EVENTS doesn't exist in target module
  1 | import Clarity from '@microsoft/clarity';
> 2 | import { EVENTS, KEYS } from './analytics-events';
    | ^^^^^^^^^^^^^^^^^^^^^^^^^^^^^^^^^^^^^^^^^^^^^^^^^^
  3 | import { getAttributionPayload } from './analytics-source';
  4 |
  5 | declare global {

The export EVENTS was not found in module [project]/src/lib/analytics-events.ts [app-client] (ecmascript).
The module has no exports at all.
All exports of the module are statically known (It doesn't have dynamic exports). So it's known statically that the requested export doesn't exist.

Import traces:
  #1 [Client Component Browser]:
    ./src/lib/analytics.ts [Client Component Browser]
    ./src/app/error.tsx [Client Component Browser]
    ./src/app/error.tsx [Server Component]

  #2 [Client Component Browser]:
    ./src/lib/analytics.ts [Client Component Browser]
    ./src/app/not-found.tsx [Client Component Browser]
    ./src/app/not-found.tsx [Server Component]

  #3 [Client Component SSR]:
    ./src/lib/analytics.ts [Client Component SSR]
    ./src/app/error.tsx [Client Component SSR]
    ./src/app/error.tsx [Server Component]

  #4 [Client Component SSR]:
    ./src/lib/analytics.ts [Client Component SSR]
    ./src/app/not-found.tsx [Client Component SSR]
    ./src/app/not-found.tsx [Server Component]

  #5 [Client Component Browser]:
    ./src/lib/analytics.ts [Client Component Browser]
    ./src/components/analytics/CookieConsentBanner.tsx [Client Component Browser]
    ./src/components/analytics/CookieConsentBanner.tsx [Server Component]
    ./src/app/layout.tsx [Server Component]

  #6 [Client Component SSR]:
    ./src/lib/analytics.ts [Client Component SSR]
    ./src/components/analytics/CookieConsentBanner.tsx [Client Component SSR]
    ./src/components/analytics/CookieConsentBanner.tsx [Server Component]
    ./src/app/layout.tsx [Server Component] @ http://localhost:3001/_next/static/chunks/node_modules_next_dist_0u_w_5s._.js:2097
[ 6192448ms] [ERROR] ./src/lib/analytics.ts:2:1
Export EVENTS doesn't exist in target module
  1 | import Clarity from '@microsoft/clarity';
> 2 | import { EVENTS, KEYS } from './analytics-events';
    | ^^^^^^^^^^^^^^^^^^^^^^^^^^^^^^^^^^^^^^^^^^^^^^^^^^
  3 | import { getAttributionPayload } from './analytics-source';
  4 |
  5 | declare global {

The export EVENTS was not found in module [project]/src/lib/analytics-events.ts [app-ssr] (ecmascript).
The module has no exports at all.
All exports of the module are statically known (It doesn't have dynamic exports). So it's known statically that the requested export doesn't exist.

Import traces:
  #1 [Client Component Browser]:
    ./src/lib/analytics.ts [Client Component Browser]
    ./src/app/error.tsx [Client Component Browser]
    ./src/app/error.tsx [Server Component]

  #2 [Client Component Browser]:
    ./src/lib/analytics.ts [Client Component Browser]
    ./src/app/not-found.tsx [Client Component Browser]
    ./src/app/not-found.tsx [Server Component]

  #3 [Client Component SSR]:
    ./src/lib/analytics.ts [Client Component SSR]
    ./src/app/error.tsx [Client Component SSR]
    ./src/app/error.tsx [Server Component]

  #4 [Client Component SSR]:
    ./src/lib/analytics.ts [Client Component SSR]
    ./src/app/not-found.tsx [Client Component SSR]
    ./src/app/not-found.tsx [Server Component]

  #5 [Client Component Browser]:
    ./src/lib/analytics.ts [Client Component Browser]
    ./src/components/analytics/CookieConsentBanner.tsx [Client Component Browser]
    ./src/components/analytics/CookieConsentBanner.tsx [Server Component]
    ./src/app/layout.tsx [Server Component]

  #6 [Client Component SSR]:
    ./src/lib/analytics.ts [Client Component SSR]
    ./src/components/analytics/CookieConsentBanner.tsx [Client Component SSR]
    ./src/components/analytics/CookieConsentBanner.tsx [Server Component]
    ./src/app/layout.tsx [Server Component] @ http://localhost:3001/_next/static/chunks/node_modules_next_dist_0u_w_5s._.js:2097
[ 6192448ms] [ERROR] ./src/lib/analytics.ts:2:1
Export KEYS doesn't exist in target module
  1 | import Clarity from '@microsoft/clarity';
> 2 | import { EVENTS, KEYS } from './analytics-events';
    | ^^^^^^^^^^^^^^^^^^^^^^^^^^^^^^^^^^^^^^^^^^^^^^^^^^
  3 | import { getAttributionPayload } from './analytics-source';
  4 |
  5 | declare global {

The export KEYS was not found in module [project]/src/lib/analytics-events.ts [app-client] (ecmascript).
The module has no exports at all.
All exports of the module are statically known (It doesn't have dynamic exports). So it's known statically that the requested export doesn't exist.

Import traces:
  #1 [Client Component Browser]:
    ./src/lib/analytics.ts [Client Component Browser]
    ./src/app/error.tsx [Client Component Browser]
    ./src/app/error.tsx [Server Component]

  #2 [Client Component Browser]:
    ./src/lib/analytics.ts [Client Component Browser]
    ./src/app/not-found.tsx [Client Component Browser]
    ./src/app/not-found.tsx [Server Component]

  #3 [Client Component SSR]:
    ./src/lib/analytics.ts [Client Component SSR]
    ./src/app/error.tsx [Client Component SSR]
    ./src/app/error.tsx [Server Component]

  #4 [Client Component SSR]:
    ./src/lib/analytics.ts [Client Component SSR]
    ./src/app/not-found.tsx [Client Component SSR]
    ./src/app/not-found.tsx [Server Component]

  #5 [Client Component Browser]:
    ./src/lib/analytics.ts [Client Component Browser]
    ./src/components/analytics/CookieConsentBanner.tsx [Client Component Browser]
    ./src/components/analytics/CookieConsentBanner.tsx [Server Component]
    ./src/app/layout.tsx [Server Component]

  #6 [Client Component SSR]:
    ./src/lib/analytics.ts [Client Component SSR]
    ./src/components/analytics/CookieConsentBanner.tsx [Client Component SSR]
    ./src/components/analytics/CookieConsentBanner.tsx [Server Component]
    ./src/app/layout.tsx [Server Component] @ http://localhost:3001/_next/static/chunks/node_modules_next_dist_0u_w_5s._.js:2097
[ 6192448ms] [ERROR] ./src/lib/analytics.ts:2:1
Export KEYS doesn't exist in target module
  1 | import Clarity from '@microsoft/clarity';
> 2 | import { EVENTS, KEYS } from './analytics-events';
    | ^^^^^^^^^^^^^^^^^^^^^^^^^^^^^^^^^^^^^^^^^^^^^^^^^^
  3 | import { getAttributionPayload } from './analytics-source';
  4 |
  5 | declare global {

The export KEYS was not found in module [project]/src/lib/analytics-events.ts [app-ssr] (ecmascript).
The module has no exports at all.
All exports of the module are statically known (It doesn't have dynamic exports). So it's known statically that the requested export doesn't exist.

Import traces:
  #1 [Client Component Browser]:
    ./src/lib/analytics.ts [Client Component Browser]
    ./src/app/error.tsx [Client Component Browser]
    ./src/app/error.tsx [Server Component]

  #2 [Client Component Browser]:
    ./src/lib/analytics.ts [Client Component Browser]
    ./src/app/not-found.tsx [Client Component Browser]
    ./src/app/not-found.tsx [Server Component]

  #3 [Client Component SSR]:
    ./src/lib/analytics.ts [Client Component SSR]
    ./src/app/error.tsx [Client Component SSR]
    ./src/app/error.tsx [Server Component]

  #4 [Client Component SSR]:
    ./src/lib/analytics.ts [Client Component SSR]
    ./src/app/not-found.tsx [Client Component SSR]
    ./src/app/not-found.tsx [Server Component]

  #5 [Client Component Browser]:
    ./src/lib/analytics.ts [Client Component Browser]
    ./src/components/analytics/CookieConsentBanner.tsx [Client Component Browser]
    ./src/components/analytics/CookieConsentBanner.tsx [Server Component]
    ./src/app/layout.tsx [Server Component]

  #6 [Client Component SSR]:
    ./src/lib/analytics.ts [Client Component SSR]
    ./src/components/analytics/CookieConsentBanner.tsx [Client Component SSR]
    ./src/components/analytics/CookieConsentBanner.tsx [Server Component]
    ./src/app/layout.tsx [Server Component] @ http://localhost:3001/_next/static/chunks/node_modules_next_dist_0u_w_5s._.js:2097
[ 6198047ms] [LOG] [Fast Refresh] rebuilding @ http://localhost:3001/_next/static/chunks/node_modules_next_dist_0u_w_5s._.js:1305
[ 6198332ms] [LOG] [Fast Refresh] done in 387ms @ http://localhost:3001/_next/static/chunks/node_modules_next_dist_0u_w_5s._.js:1305
[ 6199095ms] [INFO] %cDownload the React DevTools for a better development experience: https://react.dev/link/react-devtools font-weight:bold @ http://localhost:3001/_next/static/chunks/node_modules_next_dist_0nzbwyu._.js:1114
[ 6199185ms] [LOG] [HMR] connected @ http://localhost:3001/_next/static/chunks/node_modules_next_dist_0nzbwyu._.js:1114
[ 6199797ms] [LOG] %c[Vercel Web Analytics]%c Debug mode is enabled by default in development. No requests will be sent to the server. color: rgb(120, 120, 120) color: inherit @ http://localhost:3001/_next/static/chunks/node_modules_next_dist_0nzbwyu._.js:1114
[ 6199798ms] [LOG] %c[Vercel Web Analytics]%c [view] http://localhost:3001/ color: rgb(120, 120, 120) color: inherit {o: http://localhost:3001/, sv: 0.1.3, sdkn: @vercel/analytics/react, sdkv: 2.0.1, ts: 1777522686187} /_vercel/insights/view @ http://localhost:3001/_next/static/chunks/node_modules_next_dist_0nzbwyu._.js:1114
[ 6199806ms] [LOG] %c[Vercel Speed Insights]%c Debug mode is enabled by default in development. No requests will be sent to the server. color: rgb(120, 120, 120) color: inherit @ http://localhost:3001/_next/static/chunks/node_modules_next_dist_0nzbwyu._.js:1114
[ 6200087ms] [LOG] [Fast Refresh] rebuilding @ http://localhost:3001/_next/static/chunks/node_modules_next_dist_0nzbwyu._.js:1114
[ 6200327ms] [LOG] [Fast Refresh] done in 355ms @ http://localhost:3001/_next/static/chunks/node_modules_next_dist_0nzbwyu._.js:1114
[ 6205892ms] [LOG] [Fast Refresh] rebuilding @ http://localhost:3001/_next/static/chunks/node_modules_next_dist_0nzbwyu._.js:1114
[ 6657713ms] [WARNING] [Fast Refresh] performing full reload

Fast Refresh will perform a full reload when you edit a file that's imported by modules outside of the React rendering tree.
You might have a file which exports a React component but also exports a value that is imported by a non-React component file.
Consider migrating the non-React component export to a separate file and importing it into both files.

It is also possible the parent component of the component you edited is a class component, which disables Fast Refresh.
Fast Refresh requires at least one parent function component in your React tree. @ http://localhost:3001/_next/static/chunks/node_modules_next_dist_0nzbwyu._.js:1114
[ 6657727ms] [LOG] [Fast Refresh] done in 451706ms @ http://localhost:3001/_next/static/chunks/node_modules_next_dist_0nzbwyu._.js:1114
[ 6659398ms] [LOG] [Fast Refresh] rebuilding @ http://localhost:3001/_next/static/chunks/node_modules_next_dist_0nzbwyu._.js:1114
[ 6660672ms] [LOG] [Fast Refresh] done in 1375ms @ http://localhost:3001/_next/static/chunks/node_modules_next_dist_0nzbwyu._.js:1114
[ 6661144ms] [LOG] [Fast Refresh] rebuilding @ http://localhost:3001/_next/static/chunks/node_modules_next_dist_0nzbwyu._.js:1114
[ 6661236ms] [LOG] [Fast Refresh] done in 194ms @ http://localhost:3001/_next/static/chunks/node_modules_next_dist_0nzbwyu._.js:1114
[ 6661297ms] [LOG] %c[Vercel Speed Insights]%c [vitals] color: rgb(120, 120, 120) color: inherit {speed: 4g, metrics: Array(3), scriptVersion: 0.1.3, sdkName: @vercel/speed-insights/next, sdkVersion: 2.0.0} /_vercel/speed-insights/vitals @ http://localhost:3001/_next/static/chunks/node_modules_next_dist_0nzbwyu._.js:1114
[ 6661313ms] [LOG] %c[Vercel Speed Insights]%c [vitals] color: rgb(120, 120, 120) color: inherit {speed: 4g, metrics: Array(1), scriptVersion: 0.1.3, sdkName: @vercel/speed-insights/next, sdkVersion: 2.0.0} /_vercel/speed-insights/vitals @ http://localhost:3001/_next/static/chunks/node_modules_next_dist_0nzbwyu._.js:1114
[ 6662351ms] Error: Module [project]/node_modules/next/node_modules/@swc/helpers/cjs/_type_of.cjs [app-client] (ecmascript) was instantiated because it was required from module [project]/node_modules/next/dist/build/polyfills/process.js [app-client] (ecmascript), but the module factory is not available.
This is often caused by a stale browser cache, misconfigured Cache-Control headers, or a service worker serving outdated responses.
To fix this, make sure your Cache-Control headers allow revalidation of chunks and review your service worker configuration. As an immediate workaround, try hard-reloading the page, clearing the browser cache, or unregistering any service workers.
    at instantiateModuleShared (http://localhost:3001/_next/static/chunks/turbopack-_06cul1x._.js:2268:15)
    at instantiateModule (http://localhost:3001/_next/static/chunks/turbopack-_06cul1x._.js:2903:12)
    at getOrInstantiateModuleFromParent (http://localhost:3001/_next/static/chunks/turbopack-_06cul1x._.js:2886:12)
    at DevContext.commonJsRequire [as r] (http://localhost:3001/_next/static/chunks/turbopack-_06cul1x._.js:522:12)
    at module evaluation (http://localhost:3001/_next/static/chunks/node_modules_next_dist_0nzbwyu._.js:6:38)
    at http://localhost:3001/_next/static/chunks/turbopack-_06cul1x._.js:2303:27
    at runModuleExecutionHooks (http://localhost:3001/_next/static/chunks/turbopack-_06cul1x._.js:2933:9)
    at instantiateModuleShared (http://localhost:3001/_next/static/chunks/turbopack-_06cul1x._.js:2301:9)
    at instantiateModule (http://localhost:3001/_next/static/chunks/turbopack-_06cul1x._.js:2903:12)
    at getOrInstantiateModuleFromParent (http://localhost:3001/_next/static/chunks/turbopack-_06cul1x._.js:2886:12)
